"DoubleTime","StringTime","I1 Mag","I1 Ang","kW","I1 THD","I1 TDD","kvar","I1 %HD01","I1 %HD02","I1 %HD03","I1 %HD04","I1 %HD05","I1 %HD06","I1 %HD07","I1 %HD08","I1 %HD09","I1 %HD10","I1 %HD11","I1 %HD12","I1 %HD13","I1 %HD14","I1 %HD15","I1 %HD16","I1 %HD17","I1 H01 ANG","I1 H02 ANG","I1 H03 ANG","I1 H04 ANG","I1 H05 ANG","I1 H06 ANG","I1 H07 ANG","I1 H08 ANG","I1 H09 ANG","I1 H10 ANG","I1 H11 ANG","I1 H12 ANG","I1 H13 ANG","I1 H14 ANG","I1 H15 ANG","I1 H16 ANG","I1 H17 ANG"
"0","                         ","33808","35856","15","5388","6924","271","28","284","540","796","1052","1308","1564","1820","2076","2332","2588","2844","3100","3356","3612","3868","4124","104","360","616","872","1128","1384","1640","1896","2152","2408","2664","2920","3176","3432","3688","3944","4200"
"1555351179376","04/15/19  17:59:39.376   ","7.59","-20.7","4.517","13.4","2.1","2.239","100","12.38","2.95","1","2.69","1.22","0.37","0.56","0.33","0","0.84","0","0.67","0","0.56","0","0.63","-21.6","13.9","-54.1","-83.2","158.3","171.9","86.2","139","-151.3","0","148.8","0","168","0","-113.6","0","96.6"
"1555351180373","04/15/19  17:59:40.373   ","7.77","-21.7","4.493","13.7","2.1","2.257","100","12.69","2.95","1.18","2.41","0.9","0.68","0.47","0","0","0.79","0","0.4","0","0.63","0","0.64","-22.1","-88.4","-54.2","-30.3","157.6","53","16.6","31.4","-79.6","0","152.8","0","-156.4","0","-111.5","0","97.6"
"1555351181372","04/15/19  17:59:41.372   ","7.71","-21.8","4.478","13.4","2.1","2.31","100","12.91","4.17","0.86","3.14","0.94","0.77","0.37","0.25","0","0.69","0","0.46","0","0.74","0","0.65","-20.8","-123.9","-63.8","76.5","164","31.2","41.4","13.8","-98.3","0","148.2","0","-172.3","0","-115.7","0","95.2"
"1555351182224","04/15/19  17:59:42.224   ","7.64","-21.4","4.469","13.7","2.1","2.33","100","12.98","3.14","1.08","2.38","0.92","0.78","0.41","0","0","0.73","0.2","0.41","0","0.7","0","0.62","-22","-97.9","-56.4","-14.8","156","47","17.9","31.2","-87","0","148.3","0","-157.4","0","-113.9","0","92.3"
"1555351183356","04/15/19  17:59:43.356   ","7.73","-22.2","4.492","13.7","2.1","2.351","100","12.4","1.81","1.16","2.6","1.05","0.47","0.5","0.28","0","0.98","0","0.53","0","0.55","0","0.74","-22.7","102.1","-35.4","135","151.8","-123.5","-5.2","-136.3","-92.9","0","170.6","148.8","-160.8","0","-110","0","97.2"
"1555351184233","04/15/19  17:59:44.233   ","7.67","-21.4","4.542","12.9","2","2.37","100","12.83","2.93","1.11","2.5","1.17","0.83","0.41","0.41","0","0.81","0.26","0.45","0","0.57","0","0.8","-22.8","129.7","-22.5","96.4","159.1","-101.2","22.7","-110.6","-98.2","0","159.1","162.3","-156.6","0","-89.8","0","75.9"
"1555351185378","04/15/19  17:59:45.378   ","8","-25.6","4.541","13.6","2.2","2.387","100","12.46","3.58","1","2.16","0.83","0.85","0.43","0","0","0.72","0.21","0.43","0","0.69","0","0.66","-26.1","-35.8","-44.1","-72.3","163.2","102.1","71.1","77.7","0","0","146","-28.6","-149.6","0","-104.4","0","92.1"
"1555351186233","04/15/19  17:59:46.233   ","8.1","-26","4.517","13.5","2.2","2.371","100","12.12","3.11","1.19","2.49","1.03","0.52","0.53","0","0","0.7","0","0.41","0","0.63","0","0.6","-25.5","-13.6","-46.2","-75.5","150.6","139.7","89.3","108.3","0","0","138.8","0","176.1","0","-106.2","0","87.2"
"1555351187362","04/15/19  17:59:47.362   ","7.63","-22","4.476","14","2.2","2.273","100","12.99","4.58","0.21","2.72","1.42","0.5","0.46","0.56","0","0.73","0","0.74","0","0.73","0","0.73","-21.1","-178.8","-54.4","108.2","151.5","-16.7","56.4","-47.2","-130.6","0","151.8","0","170.8","0","-100.7","0","89.7"
"1555351188232","04/15/19  17:59:48.232   ","7.81","-22.6","4.49","14.3","2.2","2.266","100","12.28","2.74","0.96","2.89","1.18","0.34","0.49","0.37","0","0.85","0","0.78","0","0.65","0","0.6","-20.5","-155.7","-66.1","105.1","157","9.2","53.3","-24.8","-122.3","0","153.8","0","178.3","0","-115.6","0","84.3"
"1555351189369","04/15/19  17:59:49.369   ","7.66","-22.6","4.538","13","2","2.336","100","12.75","3.83","0.35","2.64","1.23","0.93","0.58","0.68","0.21","1.01","0.24","0.65","0","0.52","0","0.66","-21.4","38.8","-54.4","-93.6","159.3","-167.3","36.8","169.3","-118.3","0","152.3","0","172.3","0","-114.8","0","86.8"
"1555351190262","04/15/19  17:59:50.262   ","7.6","-20.9","4.544","13.7","2.1","2.266","100","13.17","4.26","0.28","2.27","1.45","0.43","0.5","0.73","0.21","0.85","0.23","0.69","0","0.58","0","0.69","-21.8","62","-50","-144.6","159","-146.7","13.7","-157.8","-108.7","-148.1","151","124","-178.5","0","-109.9","0","81.2"
"1555351191369","04/15/19  17:59:51.369   ","7.76","-22.3","4.494","13.4","2.1","2.318","100","13.14","3.37","0.99","2.54","0.91","0.83","0.43","0","0","0.71","0.23","0.44","0","0.69","0","0.67","-21.3","-108.5","-59.4","14.9","161.7","40.2","38.1","29.9","-80.3","0","149.6","0","-163","0","-117.2","0","90.9"
"1555351192259","04/15/19  17:59:52.259   ","7.76","-21.4","4.484","13.5","2.1","2.307","100","12.63","4.79","0.54","3.07","1.39","0.66","0.5","0.43","0","0.8","0","0.7","0","0.71","0","0.65","-22.3","-87.1","-53.4","-27.3","156.9","55.9","15.5","31.3","-64.8","0","154.7","0","-158.4","0","-113.1","0","95.1"
"1555351193390","04/15/19  17:59:53.390   ","7.74","-22.6","4.511","13.9","2","2.386","100","12.69","3.74","0.38","2.72","1.22","0.92","0.54","0.58","0","1.04","0.23","0.7","0","0.49","0","0.6","-22.8","106.7","-30.6","104.8","154.7","-120.9","-7.6","-134.8","-89.4","0","159.3","148.1","-177.5","0","-108.5","0","80.7"
"1555351194254","04/15/19  17:59:54.254   ","7.69","-21.3","4.551","13","2","2.383","100","12.84","2.98","1.12","2.54","1.21","0.69","0.41","0.32","0","0.94","0.23","0.52","0","0.63","0","0.62","-22.7","129.4","-23.4","97.9","159.8","-104.5","24.3","-118.6","-92.8","0","145.2","137.5","-173.1","0","-94.8","0","79.5"
"1555351195385","04/15/19  17:59:55.385   ","7.73","-22.4","4.53","14.2","2.1","2.27","100","13.11","3.38","0.99","2.54","0.87","0.8","0.43","0.2","0","0.65","0.25","0.38","0","0.65","0","0.61","-22.9","-42.6","-42.8","-73","168.8","93.2","71.8","66.2","-47.2","0","142.2","-24.4","-169.2","0","-112.4","0","97.7"
"1555351196260","04/15/19  17:59:56.260   ","7.79","-22.7","4.503","13.7","2.1","2.276","100","12.83","2.91","1.13","2.38","1","0.7","0.48","0","0","0.79","0","0.42","0","0.7","0","0.61","-22.6","-24.5","-47.9","-71.9","156.4","122.5","88.3","91.1","0","0","143.4","0","-174.4","0","-112.5","0","92.3"
"1555351197378","04/15/19  17:59:57.378   ","7.73","-21.5","4.495","14.1","2.2","2.289","100","12.46","1.8","1.18","2.6","1.04","0.47","0.5","0.2","0","1.01","0.2","0.62","0","0.51","0","0.66","-21.9","164.1","-43.3","113.5","147.1","-36.6","75.4","-73.2","-164.8","0","147.9","-160.4","161.9","0","-112.3","0","85.2"
"1555351198270","04/15/19  17:59:58.270   ","7.75","-23.4","4.53","14.2","2","2.33","100","12.23","1.79","1.19","2.91","1.04","0.28","0.59","0.28","0","0.95","0.21","0.72","0","0.52","0","0.74","-21.2","-179.1","-55.4","106.6","150.8","-18.7","65.6","-47.4","-125.8","0","150.6","-151.7","166.9","0","-111.7","0","88.1"
"1555351199376","04/15/19  17:59:59.376   ","7.64","-21.6","4.554","13.6","2.1","2.244","100","12.51","2.77","1.14","2.77","1.19","0.34","0.55","0.21","0","0.92","0","0.65","0","0.59","0","0.73","-21.6","4.9","-51.4","-78.9","155.8","163.2","87.5","134.2","-146.3","0","138.8","0","162.1","0","-107.2","0","86.7"
"1555351200269","04/15/19  18:00:00.269   ","7.73","-22.2","4.521","14.1","2.2","2.245","100","12.51","3.15","0.9","2.58","1.26","0.29","0.53","0.39","0","0.89","0","0.81","0","0.64","0","0.66","-21.4","21.7","-53.9","-84","157.5","-179.1","70.6","142.7","-120.9","0","144.5","0","167.8","0","-118.3","0","84.6"
"1555351201390","04/15/19  18:00:01.390   ","7.72","-21.4","4.507","13.9","2.2","2.397","100","11.94","3.13","0.87","2.53","1.19","0.26","0.46","0.6","0","0.77","0","0.76","0","0.54","0","0.64","-23.8","-153.4","-63","105.6","156.2","8.7","49.4","-18.9","-96.8","0","136","0","162.7","0","-121.2","0","91.4"
"1555351202263","04/15/19  18:00:02.263   ","8","-24.9","4.538","13.7","2.2","2.396","100","12.1","3.8","0.54","2.49","1.31","0.27","0.47","0.68","0","0.74","0","0.74","0","0.58","0","0.62","-23.8","-137.6","-62.6","99","158.6","21","36.7","-0.1","-88.7","0","133","0","169.9","0","-125.3","0","94.4"
"1555351203375","04/15/19  18:00:03.375   ","8.05","-25.9","4.605","12.5","2.1","2.438","100","12.31","4.13","0.5","2.12","1.35","0.24","0.46","0.73","0","0.79","0","0.76","0","0.54","0","0.56","-24.7","45.2","-50.9","-93.7","156.7","-160.6","18.7","-176.6","-98.5","0","133.6","0","161.1","0","-121.1","0","83"
"1555351204224","04/15/19  18:00:04.224   ","7.81","-20.9","4.555","13.6","2.1","2.308","100","12.82","3.04","1","2.42","1.22","0.65","0.47","0.71","0","0.98","0.29","0.63","0","0.47","0","0.68","-21.7","60.5","-51","-133.6","158.9","-148.1","0.7","-158.3","-92","-162.6","134.4","121.4","171.2","0","-113.8","0","83.2"
"1555351205361","04/15/19  18:00:05.361   ","7.78","-22.5","4.523","13.5","2.1","2.324","100","13.25","3.73","0.92","2.85","0.92","0.73","0.4","0.4","0","0.85","0.24","0.51","0","0.78","0","0.62","-20.8","-119.7","-63.3","53.1","164","34.3","33.2","21.8","-77.5","0","134","0","177.1","0","-123.9","0","89.5"
"1555351206231","04/15/19  18:00:06.231   ","7.73","-20.1","4.506","14.1","2.2","2.304","100","13.18","4.68","0.3","2.47","1.45","0.31","0.48","1.04","0","0.69","0","0.43","0","0.48","0","0.83","-21.2","-107.6","-59.4","4","160.7","40.6","39.1","28.9","-75.5","0","113.5","0","178.6","0","-114.9","0","105.4"
"1555351207386","04/15/19  18:00:07.386   ","7.86","-21.9","4.569","13.1","2.1","2.34","100","13.26","4.35","0.34","1.89","1.37","0.25","0.6","1.39","0.25","0.6","0.26","0","0","0.37","0","0.96","-21.8","73.7","-45.6","-173.9","153.4","-133.3","-7.2","-145.8","-94.9","-153.2","140.4","142.2","0","0","-81.7","0","97.8"
"1555351208239","04/15/19  18:00:08.239   ","7.68","-20.3","4.307","14.4","2","2.322","100","15.5","5.69","0.52","1.47","1.49","0.36","0.78","1.86","0.29","0.75","0.31","0.44","0","0.49","0","1.16","-24.7","83.9","-46.2","171.6","151.9","-128.5","9.2","-140","-100.5","-150.6","162","152.8","-98.4","0","-83.1","0","96.6"
"1555351209358","04/15/19  18:00:09.358   ","6.56","-23.9","4.249","16.1","2.1","2.257","100","15.59","4.49","1.34","1.67","1","1.11","0.53","0.98","0","0.47","0.23","1.03","0","0.95","0","1.07","-23.8","-101.6","-59.9","-10.1","169.4","44","94.3","26.7","-103.1","0","155.2","0","-80.6","0","-97.8","0","93.7"
"1555351210231","04/15/19  18:00:10.231   ","6.59","-23.6","4.236","16.3","2.2","2.259","100","15.35","6.41","0.65","2.2","1.68","0.4","0.65","1.56","0","0.42","0","1","0","0.8","0","1.17","-24.4","-91.7","-57.8","-27.8","166.2","50.9","59.8","29.4","-102.6","0","164.9","0","-76.6","0","-102.6","0","96.9"
"1555351211378","04/15/19  18:00:11.378   ","6.63","-24.6","4.277","16","2.1","2.331","100","15.49","5.51","0.52","1.68","1.48","0.45","0.75","1.83","0.29","0.68","0.31","0.88","0","0.75","0","1.21","-24.7","87","-47","174.4","150.1","-126.7","4","-139.3","-101.5","-132.1","176","168.3","-94.3","0","-95","0","83.1"
"1555351212226","04/15/19  18:00:12.226   ","6.53","-24.8","4.288","15.5","2.1","2.305","100","14.86","2.77","1.38","1.82","1.22","0.71","0.63","1.23","0","0.7","0.26","0.62","0","0.7","0","1.15","-24.8","94.4","-43","156.8","152","-126.4","2","-137.3","-101.5","-127.6","178.2","178.6","-88","0","-88.3","0","87.5"
"1555351213368","04/15/19  18:00:13.368   ","6.68","-23.9","4.238","16.3","2.1","2.254","100","15.38","4.19","1.46","1.69","1.03","0.98","0.59","0.96","0","0.48","0.26","0.86","0","0.83","0","1.08","-24.4","-93.2","-58","-24.5","166.4","50.3","48.6","27.8","-100.9","0","155.8","0","-82.1","0","-95.5","0","95.3"
"1555351214214","04/15/19  18:00:14.214   ","6.58","-23.6","4.224","16.1","2.1","2.24","100","15.21","4.02","1.56","1.9","1.19","0.9","0.66","0.98","0","0.47","0.22","0.79","0","0.82","0","1.04","-24.7","-81.6","-55.1","-38","167.5","56.5","45.8","30.7","-99.2","0","144.6","0","-76.7","0","-99.6","0","99.9"
"1555351215354","04/15/19  18:00:15.354   ","6.64","-23.8","4.256","16.4","2.1","2.287","100","14.93","2.74","1.41","1.77","1.2","0.71","0.66","1.37","0","0.61","0.26","0.51","0","0.62","0","1.14","-25","98.4","-41.5","136.3","156.6","-124.8","-4.7","-136","-99.9","-136.8","173.6","172.4","-87.8","0","-91.1","0","89"
"1555351216228","04/15/19  18:00:16.228   ","6.54","-25.2","4.276","15.4","2.1","2.309","100","14.73","2.69","1.43","2.05","1.15","0.55","0.76","1.49","0","0.64","0.22","0.46","0","0.62","0","1.09","-25.3","113.7","-34.2","99.8","166.3","-120.9","9.9","-130.4","-102.3","0","171.7","165.9","-77.5","0","-85.3","0","91.1"
"1555351217373","04/15/19  18:00:17.373   ","6.61","-22.9","4.233","17.1","2.2","2.218","100","14.99","3.92","1.48","1.99","1.31","0.79","0.74","1.26","0","0.59","0","0.58","0","0.72","0","1.13","-25.1","-65.4","-49.4","-59","176.6","65.6","62.8","43.8","-102.6","0","155.9","-38.5","-66.2","0","-87","-159.6","98"
"1555351218230","04/15/19  18:00:18.230   ","6.61","-24.6","4.231","17","2.1","2.349","100","14.28","4.61","1.24","1.64","1.28","0.59","0.61","1.41","0","0.54","0","0.37","0","0.59","0","1","-29.1","-47.6","-46.7","-68.6","-173.2","83.3","85.1","64.6","-103.3","0","136.7","-23","-55.2","0","-87.9","-124.9","99.6"
"1555351219377","04/15/19  18:00:19.377   ","6.86","-28.7","4.23","16.5","2.2","2.378","100","14.47","3.67","1.3","1.33","1.24","0.73","0.55","1.18","0","0.73","0.35","0.37","0.22","0.57","0","0.95","-28.5","141.7","-36.5","111.3","158.2","-79","73.4","-98","-98.5","0","151.6","179.1","-60.6","134.2","-77.8","0","90.4"
"1555351220234","04/15/19  18:00:20.234   ","6.93","-28.6","4.25","15.6","2.1","2.364","100","14.29","5.21","0.65","1.96","1.5","0.36","0.58","1.61","0","0.57","0","0.42","0","0.65","0","1.06","-27.9","161","-47","114.5","144.9","-40.4","98","-78.9","-105.2","0","145.9","-159","-31.1","0","-76.5","0","88"
"1555351221389","04/15/19  18:00:21.389   ","6.49","-23.2","4.222","16.2","2.2","2.161","100","15.19","4","1.6","2.05","1.27","0.77","0.75","0.97","0","0.62","0.22","0.36","0","0.7","0","1.07","-24.4","-9.9","-53.1","-73.7","160.2","148.1","123","119.6","-112.2","0","143.7","78.2","-43.9","0","-80.5","0","95.4"
"1555351222262","04/15/19  18:00:22.262   ","6.52","-22.8","4.194","16.9","2.2","2.162","100","14.93","4.34","1.21","1.99","1.44","0.56","0.65","1.3","0","0.57","0.21","0.32","0","0.57","0","1.22","-23.8","16.1","-58.4","-82.3","166.2","175.3","126.6","142.1","-114.9","0","152.2","85.3","-43.7","0","-70.6","0","98.6"
"1555351223374","04/15/19  18:00:23.374   ","6.49","-25.5","4.15","16.2","2.1","2.22","100","15.17","6.56","0.86","2.65","1.51","0.48","0.49","1.36","0","0.65","0","0.51","0","0.72","0","1.1","-22.7","-144.9","-68.9","104.1","168.5","17.5","105.5","-13.1","-102","0","146","0","-130.7","0","-86.4","0","97.6"
"1555351224260","04/15/19  18:00:24.260   ","6.39","-24","4.146","17","2.2","2.203","100","15.47","6.3","0.23","2.15","1.68","0.25","0.59","1.55","0","0.66","0","0.28","0","0.74","0","1.21","-23.3","-116.5","-63.8","28.4","173.7","35.4","72.6","18.7","-96.4","0","132.3","0","-90.3","0","-90.1","0","94.6"
"1555351225363","04/15/19  18:00:25.363   ","6.44","-25","4.166","15.9","2.1","2.292","100","15","3.03","1.34","1.49","1.28","0.58","0.65","1.13","0","0.9","0.31","0","0","0.46","0","1.23","-25.1","87.7","-47.1","168.8","151","-130.6","-10.8","-140.3","-91.5","-134.4","149.6","166.4","-121.4","0","-82.8","0","89.6"
"1555351226256","04/15/19  18:00:26.256   ","6.43","-23.5","4.191","15.3","2","2.307","100","15.27","4.37","1.17","1.9","1.42","0.74","0.49","1.56","0","0.55","0.29","0.31","0","0.43","0","1.11","-25.5","125","-34","99.4","171.1","-108.8","30.5","-116.2","-96.3","0","146","164.2","-40.9","0","-85.6","0","88.6"
"1555351227381","04/15/19  18:00:27.381   ","6.43","-22.8","4.164","16.6","2.1","2.171","100","15.09","5","0.87","1.86","1.54","0.28","0.58","1.48","0","0.73","0","0","0","0.56","0","1.13","-25.2","-28.8","-49.7","-67.9","168.3","118.2","113.1","87.5","-87.9","0","116.7","-5.2","0","0","-79.6","0","102.9"
"1555351228250","04/15/19  18:00:28.250   ","6.49","-25.4","4.135","17","2.2","2.163","100","14.93","4.12","1.41","2.07","1.42","0.65","0.68","1.07","0","0.62","0","0","0","0.49","0","1.11","-24.1","7.2","-57.1","-79.5","165.2","165.7","109.4","134.8","-111","0","133","0","0","0","-85.5","0","105.6"
"1555351229369","04/15/19  18:00:29.369   ","6.42","-25.6","4.121","16.1","2.1","2.233","100","15.18","6.45","0.92","2.77","1.38","0.68","0.49","1.15","0","0.63","0","0.29","0","0.69","0","0.95","-22.8","-136.8","-67.9","101.5","173","22.8","86.1","-3.7","-93","0","125.6","0","0","0","-85.9","0","97.1"
"1555351230262","04/15/19  18:00:30.262   ","6.36","-23.8","4.1","16.5","2.1","2.235","100","15.39","6.63","0.62","2.2","1.74","0.39","0.61","1.47","0","0.77","0","0.3","0","0.64","0","1.09","-24.6","-96.5","-59.1","-25.6","164","45.9","22.2","27.5","-87.8","0","128.6","0","-122","0","-96.3","0","98.6"
"1555351231371","04/15/19  18:00:31.371   ","6.42","-24.3","4.11","17.1","2.2","2.252","100","14.51","3.25","1.37","2.27","1.27","0.48","0.68","1.25","0","0.6","0","0","0","0.43","0","1.15","-25.6","131.9","-34","105.2","170.6","-98.6","48.5","-108.5","-90.9","0","134.9","159.4","0","0","-89.9","0","95.4"
"1555351232263","04/15/19  18:00:32.263   ","6.34","-25.7","4.131","16.9","2.1","2.243","100","14.61","2.92","1.41","2.23","1.22","0.47","0.71","1.2","0","0.62","0.21","0","0","0.47","0","1.05","-24","177.7","-58.2","107","154.8","-24.3","107.3","-50.8","-105.6","0","139.4","-134.1","0","0","-87.4","0","97.5"
"1555351233630","04/15/19  18:00:33.630   ","6.36","-24.2","4.081","16","2","2.214","100","14.93","5.22","0.63","2.25","1.61","0.36","0.58","1.45","0","0.63","0","0.33","0","0.62","0","1.08","-23.2","-136.7","-68.4","101.2","171.4","20.2","83.9","-5.4","-99.3","0","142.2","0","-148.5","0","-94.6","0","98.1"
"1555351234490","04/15/19  18:00:34.490   ","6.33","-24.2","4.075","16.1","2.1","2.258","100","14.97","6.65","0.8","2.66","1.55","0.62","0.52","1.24","0","0.65","0","0.33","0","0.57","0","1.21","-25.3","-84.3","-55.2","-38.1","165.2","53.9","18.9","22.1","-80.1","0","131.6","0","-95.1","0","-96.8","0","105.1"
"1555351235368","04/15/19  18:00:35.368   ","6.67","-27.1","4.136","16","2.1","2.295","100","14.2","5.27","0.82","1.63","1.48","0.27","0.56","1.32","0","0.57","0","0","0","0.49","0","1.06","-29.4","-27.1","-48.7","-69.9","163.7","118.7","100.4","88","-83","0","128.7","0","0","0","-85.2","0","102.3"
"1555351236252","04/15/19  18:00:36.252   ","6.69","-28.9","4.122","16","2.1","2.302","100","14.12","5.12","0.94","1.72","1.46","0.32","0.6","1.22","0","0.66","0","0","0","0.5","0","1.06","-27.8","28.7","-55.8","-87.3","167.3","-173.9","101.6","155.2","-105.3","0","134.1","0","0","0","-94.4","0","100.2"
"1555351237354","04/15/19  18:00:37.354   ","6.78","-29","4.098","16","2","2.233","100","15.26","4.55","1.25","1.76","1.06","1.01","0.56","0.73","0","0.64","0","0.33","0","0.7","0","1.03","-25","-95.1","-58.3","-24.4","163.7","47.5","22.4","23.4","-86.8","0","137.1","0","-105.5","0","-94.3","0","99.8"
"1555351238222","04/15/19  18:00:38.222   ","6.38","-25.4","4.052","15.9","2","2.181","100","14.8","4.79","0.98","1.99","1.51","0.4","0.57","1.33","0","0.63","0","0","0","0.54","0","1.08","-24.2","26.9","-58.7","-85.6","168.2","-175.8","115.1","151.7","-104.4","0","132.9","0","0","0","-91.9","0","96.4"
"1555351239376","04/15/19  18:00:39.376   ","6.26","-25.4","4.037","16.2","2.1","2.193","100","15.04","6.68","0.67","2.31","1.72","0.42","0.6","1.46","0","0.66","0","0.35","0","0.67","0","1.21","-23.1","-151.8","-67.8","106.8","166.8","11","107.6","-19.4","-98.8","0","136.7","0","0","0","-85.4","0","100.2"
"1555351240488","04/15/19  18:00:40.488   ","6.3","-23.3","4.088","15.5","2","2.276","100","15.13","5.71","0.48","1.87","1.47","0.77","0.65","1.69","0.27","0.8","0.23","0.31","0","0.55","0","0.97","-25.8","93","-45","152.5","154.1","-129","-13.9","-145.5","-89.6","-130","156.1","174.8","-134.6","0","-95.9","0","97"
"1555351241746","04/15/19  18:00:41.746   ","6.26","-25.9","4.032","16.2","2","2.239","100","14.82","6.67","0.94","2.67","1.45","0.52","0.51","1.33","0","0.59","0","0.31","0","0.75","0","1.03","-23.3","-139.2","-67.7","102.2","171.1","19","110.5","-11.2","-95.1","0","132.3","0","-164.3","0","-90.7","0","102.9"
"1555351242217","04/15/19  18:00:42.217   ","6.24","-25.5","4.014","16.7","2.1","2.201","100","14.84","6.55","0.92","2.8","1.36","0.61","0.53","1.19","0","0.58","0","0.38","0","0.69","0.2","1.1","-25.7","-76.7","-52.7","-48.5","170.9","56.4","37","26.3","-84.1","0","130.2","0","-74.5","0","-90","-162.9","102.5"
"1555351243369","04/15/19  18:00:43.369   ","6.34","-26","4.033","16.5","2","2.253","100","14.36","2.86","1.38","2.12","1.23","0.54","0.7","1.12","0","0.78","0","0","0","0.54","0","1.02","-26.2","118.5","-33.8","96.5","172.4","-119.5","20.3","-126.1","-94","0","159.2","148","0","0","-70.8","0","94.9"
"1555351244222","04/15/19  18:00:44.222   ","6.25","-26.1","4.02","16.8","2.1","2.188","100","14.78","4.02","0.75","2.17","1.93","0.37","0.5","1.69","0.24","0.54","0.34","0.25","0","0.5","0","1.13","-24","-174.4","-61.6","105.6","158.8","-14.9","104.5","-44","-100.5","0","135.6","0","0","0","-82","0","97.8"
"1555351245375","04/15/19  18:00:45.375   ","6.26","-24.8","4.04","16.9","2.1","2.298","100","15.23","5.97","0.53","1.51","1.5","0.54","0.72","1.75","0.32","0.77","0.25","0.42","0","0.54","0","1.23","-25.4","82.1","-49.6","172.2","152.3","-132.6","10.8","-142.6","-95.7","-133.6","165.3","155.6","-97.1","0","-71.7","0","91.8"
"1555351246224","04/15/19  18:00:46.224   ","6.3","-25.5","4.018","15.7","2","2.235","100","14.55","4.75","0.87","2.11","1.52","0.39","0.61","1.52","0","0.57","0","0.26","0","0.52","0","1.18","-23.6","-145.7","-67.7","100.7","168.7","14.8","111.4","-22.3","-103.3","0","149.4","0","-124.1","0","-88.6","0","101.3"
"1555351247376","04/15/19  18:00:47.376   ","6.2","-23.7","4.03","15.1","1.9","2.259","100","15.23","5.96","0.38","1.67","1.67","0.44","0.61","1.58","0.21","0.84","0.21","0.42","0","0.55","0","0.95","-24.8","57.3","-55.4","-132.4","175.1","-151.7","44.7","-163.2","-99.5","-134.1","132.2","131.5","-156.7","0","-105.2","0","97.1"
"1555351248224","04/15/19  18:00:48.224   ","6.15","-24.6","4.028","15.2","1.9","2.251","100","14.3","3.49","1.31","2.27","1.34","0.48","0.64","1.3","0","0.57","0.22","0","0","0.48","0","1.15","-26.1","137.4","-36.3","110.4","169.4","-86.6","64.6","-107.4","-88.8","0","138.6","156.7","0","127.1","-80.8","0","94.7"
"1555351249371","04/15/19  18:00:49.371   ","6.17","-23.7","4.024","15.6","1.9","2.247","100","14.79","5.25","0.72","1.73","1.63","0.31","0.54","1.6","0","0.55","0.2","0","0","0.58","0","1.17","-24.6","39","-58.6","-90.7","172.7","-167.7","103.6","168.5","-104.2","0","149.3","116.2","0","0","-86.1","0","101.2"
"1555351250266","04/15/19  18:00:50.266   ","6.19","-23.9","4.014","15","1.9","2.287","100","14.24","3.03","1.4","2.18","1.17","0.51","0.67","1.26","0","0.63","0.26","0.23","0","0.45","0","1.06","-24.4","177.3","-57.1","106.2","156.6","-25.2","101.5","-52.2","-101.3","0","133.4","-146.6","76.8","0","-96.8","0","99"
"1555351251379","04/15/19  18:00:51.379   ","6.13","-23.7","4.012","15.7","2","2.176","100","14.63","4.87","0.97","1.97","1.5","0.39","0.62","1.4","0","0.76","0","0","0","0.68","0","1.16","-24.5","26.5","-58.9","-85.1","169.6","-176.9","126.4","147.7","-100.3","0","121","0","0","0","-89.1","0","95.5"
"1555351252246","04/15/19  18:00:52.246   ","6.52","-27.8","4.021","14.4","1.9","2.41","100","13.95","5.5","0.8","1.93","1.24","0.89","0.4","1.48","0","0.63","0","0.3","0","0.42","0","1.16","-30.4","112","-37.4","103.3","167.3","-127","9.2","-134.8","-91.5","0","156.7","0","-82","0","-82.6","0","94.5"
"1555351253371","04/15/19  18:00:53.371   ","6.48","-27.7","4.021","15.1","2","2.291","100","13.79","4.85","1.05","1.75","1.39","0.51","0.57","1.19","0","0.6","0","0","0","0.56","0","0.96","-28.5","19.4","-55.3","-85","166.8","176","108","143.1","-108.4","0","129.4","0","0","0","-101.5","0","95.7"
"1555351254623","04/15/19  18:00:54.623   ","6.15","-26.2","3.966","16.5","2","2.19","100","14.94","5.88","0.32","2.18","1.69","0.39","0.54","1.62","0","0.61","0","0.28","0","0.61","0","1.1","-24.5","177.8","-56.6","105.6","157.5","-25.6","48.7","-49.2","-104.8","0","139.1","-134.4","0","0","-83.6","0","98.5"
"1555351255366","04/15/19  18:00:55.366   ","6.11","-24.6","3.993","15.8","2","2.171","100","15.13","6.01","0.54","1.53","1.54","0.46","0.68","1.78","0.24","0.73","0.24","0.23","0","0.45","0","1.18","-24.8","18.9","-57.7","-83.2","170.1","176.5","108.2","143.5","-108.1","0","133.1","0","0","0","-95.6","0","103.8"
"1555351256261","04/15/19  18:00:56.261   ","6.14","-23.8","3.978","15.1","1.9","2.282","100","14.32","3.11","1.31","2.03","1.2","0.56","0.7","1.13","0","0.79","0.2","0","0","0.47","0","1.17","-25.1","166.8","-50.9","110.4","152.3","-36.8","98.3","-70.4","-101.5","0","132.6","-157.9","0","0","-70.4","0","94.6"
"1555351257524","04/15/19  18:00:57.524   ","6.22","-26","3.931","15.7","1.9","2.209","100","15.12","4.63","1.27","1.64","1.08","1","0.51","0.72","0","0.7","0.2","0.38","0","0.7","0","1.04","-25.8","-91.2","-56.7","-30.5","164.4","48.2","17.9","31.1","-88.3","0","136.7","0","-108.6","0","-90.2","0","105.1"
"1555351258506","04/15/19  18:00:58.506   ","6.1","-25.2","3.919","15.5","1.9","2.237","100","15.34","5.61","1.13","2.29","0.91","0.88","0.4","1","0","0.7","0","0.3","0","0.66","0","1.15","-26.4","-53.4","-45","-65.3","-170.3","73.8","66","63","-86.9","0","124.9","0","-42.8","0","-87.2","0","105.8"
"1555351259382","04/15/19  18:00:59.382   ","6.09","-23.9","3.957","15.4","1.9","2.186","100","14.65","5.25","0.84","1.86","1.57","0.36","0.54","1.48","0","0.73","0","0","0","0.52","0","1.14","-24.8","36.9","-58.8","-88.5","171","-169.3","107.3","164.2","-105.3","0","142","0","0","0","-91.6","0","99.7"
"1555351260250","04/15/19  18:01:00.250   ","6.06","-24.5","3.956","15.1","1.9","2.272","100","14.98","4.18","1.33","1.69","1.26","0.85","0.46","1.34","0","0.53","0.22","0.2","0.21","0.53","0","1.19","-26.4","134.2","-37.4","108.9","171.4","-95.2","60.1","-103.6","-83.5","0","134.4","-179.7","-56.4","134.2","-88.7","0","92.6"
"1555351261378","04/15/19  18:01:01.378   ","6.1","-26.1","3.948","15","1.9","2.237","100","14.85","5.83","0.37","1.66","1.68","0.33","0.51","1.71","0","0.61","0","0.23","0","0.57","0","1.22","-25.1","55.5","-57","-124.6","174.7","-155.3","60.6","-169.5","-100.5","0","141.4","0","-136.6","0","-89.7","0","95.2"
"1555351262270","04/15/19  18:01:02.270   ","6.07","-25.6","3.952","15.5","1.9","2.262","100","14.62","3.39","1.26","1.55","1.23","0.85","0.59","1.14","0","0.52","0.25","0.26","0","0.46","0","1.12","-25.9","154","-45.6","115.2","152.8","-53.7","95.3","-84.2","-98.9","0","141.7","-155","-10.3","0","-85.1","0","101.9"
"1555351263378","04/15/19  18:01:03.378   ","6.1","-26.5","3.923","15.1","1.9","2.281","100","14.9","3.94","1.29","1.55","1.28","0.88","0.47","1.26","0","0.56","0.3","0.22","0.2","0.5","0","1.17","-25.9","79.2","-51.8","169.7","155.3","-138.5","10.5","-150.2","-89.5","-137.6","139.7","165.1","-142.4","0","-113.6","0","97.8"
"1555351264270","04/15/19  18:01:04.270   ","6.1","-26.5","3.921","16.3","2","2.235","100","14.75","5.95","0.33","2.09","1.63","0.38","0.56","1.69","0","0.62","0","0.31","0","0.62","0","1.19","-25.8","150.7","-39.3","102.8","167.6","-75.9","80.8","-101.3","-101.7","0","131.5","119.8","32.7","0","-66.3","0","97.1"
"1555351265366","04/15/19  18:01:05.366   ","6.16","-26.4","3.905","15.9","1.9","2.245","100","14.56","4.4","0.29","2.63","0.55","0.92","0.73","0.98","0.27","0.39","0.24","0.32","0","0.71","0","1.16","-26.9","112.8","-38.8","105.5","167","-129.1","15.7","-127.5","-86.2","0","139.9","0","-128.6","0","-98.1","0","93.1"
"1555351266262","04/15/19  18:01:06.262   ","6.11","-26.6","3.877","16.7","2","2.176","100","14.37","4.71","0.96","2.24","1.47","0.49","0.56","1.48","0","0.64","0","0.33","0","0.6","0","1.19","-24","-148.2","-66.3","103.9","169.9","12.1","108.4","-18.6","-95.7","0","142.6","0","-169.1","0","-83.6","0","98.4"
"1555351267390","04/15/19  18:01:07.390   ","6.12","-26.7","3.883","16.7","1.9","2.238","100","14.59","3.51","1.28","1.53","1.23","0.91","0.53","1.16","0","0.57","0.26","0.22","0.21","0.57","0","1.21","-26.3","150.4","-44.2","116.3","154.5","-59.4","90.3","-90.8","-91","0","123.1","-158.8","-31.2","171","-86.4","0","95.9"
"1555351268262","04/15/19  18:01:08.262   ","6.05","-25.5","3.858","16.6","2","2.183","100","14.92","6.54","0.34","1.88","1.7","0.35","0.52","1.65","0","0.61","0","0.26","0","0.55","0","1.15","-25.1","-109.7","-61.3","-1.7","172.6","34.3","65.9","16.6","-92.9","0","121.1","0","-91.9","0","-94.1","0","100.5"
"1555351269367","04/15/19  18:01:09.367   ","6.39","-29.5","3.886","15.9","2","2.303","100","14.09","6.57","0.27","1.71","1.56","0.46","0.5","1.48","0","0.56","0","0.28","0","0.63","0","1.14","-28.4","-170.9","-57.9","105.4","158.6","-12.9","91","-40.2","-105","0","140.1","0","0","0","-93.2","0","96.1"
"1555351270222","04/15/19  18:01:10.222   ","6.39","-29","3.89","14.8","1.9","2.325","100","13.72","4.47","1.45","1.74","1.17","0.67","0.59","1","0","0.66","0","0.26","0","0.52","0","1.11","-30.4","-63.2","-45.3","-62.5","-176.5","57.4","54.4","38","-89.2","0","125.1","0","-65.5","0","-88","0","101.7"
"1555351271380","04/15/19  18:01:11.380   ","6.07","-25.1","3.853","15.6","1.9","2.207","100","14.66","6.03","0.3","2.1","1.58","0.36","0.55","1.6","0","0.7","0","0.22","0","0.54","0","1.19","-24.4","-124.5","-64.6","74.7","177","27.6","75.3","4.7","-94.9","0","129.3","0","-140","0","-91.3","0","101.1"
"1555351272565","04/15/19  18:01:12.565   ","6.01","-24.5","3.894","14.8","1.8","2.284","100","14.82","4.69","1.21","1.9","1.26","0.9","0.33","1.49","0","0.6","0","0.34","0","0.48","0","1.28","-27","125.9","-34.4","104.6","174.1","-113.8","42.4","-110.7","-89.9","0","146","0","-85.3","0","-92","0","96.9"
"1555351273355","04/15/19  18:01:13.355   ","6.14","-26.2","3.859","15.8","1.9","2.196","100","14.6","4.29","1.46","1.89","1.14","0.72","0.6","0.85","0","0.76","0","0.21","0","0.56","0","1.05","-26.4","-18","-48.9","-73.3","160.7","132.2","114.2","108.2","-108.1","0","121.7","0","-15.7","0","-77.3","0","99.8"
"1555351274226","04/15/19  18:01:14.226   ","6.14","-26.4","3.866","16","1.9","2.17","100","14.43","5.8","0.67","2.05","1.39","0.81","0.48","1.69","0","0.78","0","0.4","0","0.5","0","1.17","-25.2","38.1","-58.2","-93.6","172.6","-168.2","101.1","161.6","-106.8","0","137.1","0","0","0","-95.3","0","97.4"
"1555351275510","04/15/19  18:01:15.510   ","6.03","-26.6","3.837","15.9","1.9","2.243","100","14.58","6.61","1.03","2.76","1.12","0.53","0.37","1.36","0","0.7","0","0","0","0.6","0","1.01","-24.5","-126.9","-66","83.1","176","25.5","91.2","7.5","-97.2","0","128.5","0","0","0","-91","0","99.6"
"1555351276225","04/15/19  18:01:16.225   ","5.98","-24.3","3.883","15.1","1.9","2.275","100","14.34","3.55","1.21","1.59","1.2","0.77","0.55","1.18","0","0.77","0.23","0","0","0.62","0","1.26","-26.8","96.9","-45","148.1","155.8","-135.4","-11.3","-148.9","-85.4","0","140.9","0","-122.9","0","-85.8","0","99.1"
"1555351277358","04/15/19  18:01:17.358   ","5.98","-25.9","3.885","15.1","1.8","2.238","100","14.36","5.65","0.55","2.16","1.37","0.9","0.34","1.65","0","0.88","0","0.4","0","0.54","0","1.12","-25.3","44.9","-58.4","-99.9","173.9","-164.6","90.4","172.2","-101.9","0","136.3","0","0","0","-81.2","0","99.8"
"1555351278226","04/15/19  18:01:18.226   ","6.07","-26","3.853","15.4","1.9","2.219","100","14.23","4.79","0.86","2.19","1.47","0.43","0.57","1.45","0","0.73","0","0.28","0","0.63","0","1.07","-26","160.4","-48.2","112.3","151.8","-46.3","97","-83.1","-94.6","0","132.1","0","0","0","-90.2","0","98.2"
"1555351279371","04/15/19  18:01:19.371   ","6.07","-26.6","3.844","15.5","1.9","2.248","100","14.13","3.27","1.29","1.85","1.16","0.68","0.64","1.1","0","0.62","0.21","0","0","0.5","0","1.02","-27.1","110.1","-39.6","107.2","169.1","-131.4","11.1","-137.3","-89.4","0","156.1","0","0","0","-90.4","0","100.1"
"1555351280220","04/15/19  18:01:20.220   ","6.04","-26.7","3.821","16.3","1.9","2.18","100","14.26","6.85","0.93","2.57","1.41","0.48","0.37","1.39","0","0.56","0","0.28","0","0.59","0","1.04","-24.5","-137.3","-67","98.7","173.9","17.3","106.5","-8.1","-97.2","0","124.4","0","-172.5","0","-99","0","100.9"
"1555351281376","04/15/19  18:01:21.376   ","6.01","-26.4","3.819","16.3","2","2.179","100","14.42","5.69","0.5","2.19","1.59","0.36","0.54","1.58","0","0.61","0","0.25","0","0.58","0","1.09","-25.3","173.9","-53.8","107.1","156.1","-30.1","104.7","-56.9","-99.8","0","133","0","0","0","-81.5","0","95.3"
"1555351282228","04/15/19  18:01:22.228   ","6.01","-25.2","3.814","15.5","1.9","2.203","100","14.46","4.33","1.43","1.93","1.23","0.72","0.67","0.86","0","0.74","0","0.24","0","0.63","0","1.03","-26.8","-68.6","-49","-52.6","179.5","56.7","40","27.1","-90.1","0","125","0","-65.8","0","-79.2","0","100.5"
"1555351283378","04/15/19  18:01:23.378   ","6.03","-25.5","3.821","15.4","1.9","2.228","100","14.9","6.09","1.09","2.45","0.94","0.76","0.35","1.26","0","0.53","0","0.43","0","0.58","0","1.16","-26.9","-59.6","-46.4","-62.6","-172.2","63.5","60.9","46.7","-92","0","125.4","0","-42.7","0","-83.5","0","105.5"
"1555351284235","04/15/19  18:01:24.235   ","6.08","-27.1","3.809","16.2","1.9","2.139","100","14.72","5.85","0.37","1.7","1.65","0.38","0.51","1.71","0.2","0.71","0","0","0","0.66","0","1.22","-25.7","0.3","-51.7","-75.9","167.9","157.2","116","126.7","-98.8","129.6","131.5","0","55.1","0","-75.1","0","100.7"
"1555351285375","04/15/19  18:01:25.375   ","6.09","-27.1","3.823","16.3","1.9","2.178","100","14.16","4.35","1.28","2.1","1.38","0.69","0.62","1.1","0","0.73","0","0","0","0.54","0","1.17","-27","-41.9","-46.1","-63.3","-170","91","87","75.6","-87.5","0","123.2","0","-15.3","0","-76.6","0","99.6"
"1555351286227","04/15/19  18:01:26.227   ","6.31","-28.9","3.874","15.1","1.9","2.399","100","13.95","4.71","1.29","1.39","1.14","0.91","0.38","1.25","0","0.68","0.24","0.28","0.22","0.62","0","1.2","-30.2","75.6","-52.1","170.3","155.1","-140.7","21.4","-152.9","-88.2","0","136.9","0","-139.3","0","-86.6","0","95"
"1555351287359","04/15/19  18:01:27.359   ","6.29","-29.2","3.88","14.2","1.9","2.319","100","13.68","6.17","0.62","1.53","1.32","0.65","0.5","1.63","0.22","0.73","0.24","0.32","0","0.55","0","1.09","-30.3","86.1","-48.6","164","145.7","-136.7","-0.6","-145.3","-87.6","-102","149.9","-171.4","-137.4","0","-105.9","0","101.3"
"1555351288252","04/15/19  18:01:28.252   ","6.19","-28.9","3.848","15.2","1.8","2.224","100","14.31","3.56","1.25","1.5","1.21","0.83","0.54","1.19","0","0.75","0.26","0","0","0.59","0","1.25","-26.3","154.3","-47.1","114.9","152.7","-54.3","102.1","-87.2","-92.3","0","134.7","-163.8","0","0","-77.6","0","101.2"
"1555351289629","04/15/19  18:01:29.629   ","6.09","-25.8","3.816","16.1","1.9","2.166","100","14.93","5.63","1.1","2.1","0.9","0.94","0.35","1.15","0","0.63","0","0.31","0","0.71","0","1.06","-27","-50.8","-46.4","-67.1","-168.1","73.9","77.2","62.4","-88.2","0","122.1","0","-65.2","0","-90.2","0","100.7"
"1555351290512","04/15/19  18:01:30.512   ","6.05","-25.2","3.82","15.9","1.9","2.186","100","14.87","6.15","0.44","1.45","1.59","0.37","0.57","1.73","0.22","0.62","0.2","0.34","0","0.58","0","1.2","-25.8","69.3","-54.6","-175.3","168.4","-143.9","45.8","-156.6","-93.7","-125.6","148.2","157.8","-143.1","0","-99.3","0","98.6"
"1555351291381","04/15/19  18:01:31.381   ","5.96","-25.6","3.736","16.2","1.9","2.133","100","14.31","6.23","0.21","2.15","1.75","0.51","0.56","1.49","0","0.53","0","0.57","0","0.62","0","1.07","-24.6","-119.3","-64.4","53.8","172.9","32.7","86.9","11","-81.1","0","149.9","0","-169.7","0","-105.1","0","102.4"
"1555351292248","04/15/19  18:01:32.248   ","6.01","-25.4","3.788","15.2","1.8","2.204","100","14.81","5.6","1.06","2.17","0.89","0.96","0.37","1.14","0","0.79","0.2","0.22","0","0.72","0","1.02","-26.9","-51.4","-46.2","-66.4","-168.5","73.1","69.7","56.5","-91.5","0","117.3","-17.1","-61.1","0","-91.2","0","97.3"
"1555351293378","04/15/19  18:01:33.378   ","6.02","-27","3.803","15.2","1.8","2.211","100","14.78","5.12","1.19","1.64","0.95","1.06","0.37","1.05","0","0.7","0.2","0.39","0","0.68","0","1.04","-26","-96.5","-57.7","-26.8","164.9","43.3","31.2","23.6","-89.4","0","128.9","0","-79.8","0","-87.7","0","101.9"
"1555351294371","04/15/19  18:01:34.371   ","5.93","-25.3","3.799","15.5","1.9","2.2","100","14.44","4.63","1.35","1.66","1.06","0.94","0.52","0.86","0","0.65","0","0.37","0","0.73","0","1.1","-26.6","-25","-48.3","-67.6","166.5","120.3","116","96.3","-98.3","0","122","0","-26.4","0","-69.8","0","96.9"
"1555351295655","04/15/19  18:01:35.655   ","5.95","-26.1","3.786","16.3","1.9","2.167","100","13.83","3.49","1.39","2.27","1.2","0.61","0.63","1.22","0","0.65","0","0","0","0.55","0","1.28","-24.8","-172.9","-61.4","105.5","162","-14.3","100","-42.2","-107.2","0","143.2","0","0","0","-67","0","95.4"
"1555351296542","04/15/19  18:01:36.542   ","5.92","-25.4","3.784","13.9","1.9","2.232","100","14.93","5.52","1.08","2.06","0.9","0.92","0.35","1.1","0","0.74","0","0.29","0","0.72","0","1.1","-25.5","-107.5","-61.2","-5.1","172.6","34.9","71.8","18.6","-83.5","0","117.2","0","-131.3","0","-94.1","0","92.8"
"1555351297375","04/15/19  18:01:37.375   ","5.95","-26.6","3.824","14.6","1.8","2.274","100","14.7","4.43","1.31","1.67","1.28","0.85","0.39","1.47","0","0.47","0.23","0","0","0.57","0","1.06","-26.1","74.5","-54.1","174","162","-140.4","29.8","-150.2","-84.7","0","119.3","178.2","-147.4","0","-94.8","0","91.9"
"1555351298277","04/15/19  18:01:38.277   ","6.03","-27.1","3.802","16.4","1.9","2.189","100","13.77","4.07","1.2","2.18","1.35","0.52","0.6","1.22","0","0.57","0","0","0","0.66","0","1.02","-24.5","-160.5","-64.6","107.5","165.8","-1.9","99.2","-32.4","-96.3","0","130.2","0","0","0","-89.5","0","88.2"
"1555351299378","04/15/19  18:01:39.378   ","6","-25.2","3.779","15.8","1.9","2.181","100","13.98","5.04","0.82","2.21","1.47","0.38","0.57","1.41","0","0.55","0","0","0","0.58","0","1.06","-25.8","165.1","-51.1","110.5","152.2","-40.3","106.8","-72","-93.4","0","131.7","0","0","0","-84.2","0","87.2"
"1555351300274","04/15/19  18:01:40.274   ","5.97","-25.2","3.789","15.3","1.8","2.223","100","14.17","6.53","0.87","2.75","1.18","0.58","0.36","1.32","0","0.38","0","0.48","0","0.77","0","1.01","-26.7","-69.6","-49.7","-52.2","177.1","55.7","48.2","25.7","-84.1","0","111","0","-57.8","0","-86.4","0","94.5"
"1555351301360","04/15/19  18:01:41.360   ","6","-27.2","3.804","15.1","1.8","2.221","100","14.67","5.57","0.97","2.17","0.92","0.86","0.38","1.2","0","0.67","0","0.39","0","0.83","0","1.05","-25.4","-109.7","-61.8","4.1","172.6","35.2","79.7","14.5","-84.2","0","103.1","0","-92.5","0","-100.6","0","95.3"
"1555351302234","04/15/19  18:01:42.234   ","6.05","-27","3.815","16.3","1.9","2.137","100","14.74","6.12","0.38","1.43","1.58","0.29","0.61","1.65","0.25","0.75","0.23","0.27","0","0.72","0","1.1","-25.4","15.7","-57.5","-83.4","167.7","172.1","122.6","139.4","-103.9","0","109.3","0","-30.9","0","-90.2","0","93"
"1555351303364","04/15/19  18:01:43.364   ","6.37","-28.7","3.852","14.5","1.9","2.264","100","13.3","5.44","0.77","1.67","1.43","0.39","0.54","1.22","0","0.48","0","0","0","0.6","0","0.99","-30.4","-21.2","-48.2","-71","157.5","125.1","108.8","101.6","-74.3","0","102.4","0","0","0","-83","0","93.2"
"1555351304278","04/15/19  18:01:44.278   ","6.3","-28.4","3.856","14","1.9","2.361","100","13.23","5.87","0.49","1.97","1.3","0.84","0.35","1.39","0","0.73","0","0.27","0","0.59","0","1","-30.9","104.4","-41","120.2","158.4","-132","-0.7","-143","-79.5","0","134.9","0","-133.6","0","-92.3","0","89.7"
"1555351305384","04/15/19  18:01:45.384   ","5.94","-24.5","3.836","14.5","1.8","2.245","100","14.63","6.19","0.33","1.6","1.57","0.31","0.58","1.61","0.25","0.6","0.21","0.21","0","0.57","0","1.13","-25.7","67.1","-54.5","-163.9","168.2","-143.8","47","-153.4","-86.1","-124.2","115.7","156.1","-148.8","0","-90.4","0","90.4"
"1555351306236","04/15/19  18:01:46.236   ","6.03","-26.9","3.808","16.2","1.9","2.165","100","13.73","3.68","1.31","2.28","1.25","0.54","0.6","1.17","0","0.61","0","0","0","0.6","0","1.03","-24.7","-169.8","-61.5","104.8","163.2","-12.1","103.8","-37.3","-93.6","0","115.1","0","0","0","-90.9","0","91.7"
"1555351307363","04/15/19  18:01:47.363   ","6.01","-25.5","3.79","16.2","1.9","2.174","100","13.75","4.51","1.02","2.23","1.39","0.45","0.52","1.45","0","0.49","0","0","0","0.64","0","1.06","-26.2","155.7","-47.3","114.5","152.6","-51.1","101.8","-86","-89.9","0","120.9","-159.9","-12.4","0","-84.9","0","91.9"
"1555351308234","04/15/19  18:01:48.234   ","5.92","-25.2","3.8","15.4","1.9","2.241","100","13.91","6.96","0.86","2.6","1.42","0.38","0.33","1.4","0","0.46","0","0.33","0","0.65","0","0.97","-26.5","-82.9","-54.6","-41.3","167.6","50.5","26.8","22.8","-80.2","0","96.8","0","-39.6","0","-92.8","0","100.3"
"1555351309637","04/15/19  18:01:49.637   ","5.96","-25.1","3.84","16.2","1.9","2.282","100","14.46","6.08","0.63","1.63","1.43","0.51","0.61","1.58","0.25","0.6","0.29","0.29","0","0.6","0","1.19","-26.5","83","-51.8","166.6","152.6","-134.5","6.8","-151.9","-83.4","-137.7","133.4","177.4","-127","0","-93.3","0","88.9"
"1555351310229","04/15/19  18:01:50.229   ","6.06","-27.2","3.812","16.2","1.9","2.154","100","14.65","6.18","0.39","1.56","1.6","0.29","0.58","1.64","0.23","0.52","0","0","0","0.58","0","1.08","-25.5","10.9","-57.1","-80.9","166.6","164.8","114.9","137.5","-99.1","0","121.3","0","0","0","-85.6","0","94"
"1555351311373","04/15/19  18:01:51.373   ","6.03","-26.7","3.823","16.1","1.9","2.162","100","14.25","4.63","1.36","1.74","1.14","0.93","0.57","0.71","0","0.69","0","0.26","0","0.65","0","1.04","-26.8","-24.1","-49.2","-70","163.1","119.6","113.4","99.2","-74","0","100","0","-9.8","0","-82.3","0","92.3"
"1555351312221","04/15/19  18:01:52.221   ","5.99","-24.5","3.848","14.8","1.8","2.273","100","14.04","3.52","1.27","1.74","1.21","0.72","0.57","0.92","0","0.64","0.23","0","0","0.61","0","1.07","-27.1","102.7","-43","129.3","160.1","-131","-5.6","-144.9","-78","-128.4","131.1","-179.8","-129.2","0","-93.9","0","92.1"
"1555351313660","04/15/19  18:01:53.660   ","5.93","-25.9","3.797","15","1.8","2.216","100","14.33","6.76","0.57","2.08","1.67","0.33","0.55","1.36","0","0.71","0","0.39","0","0.74","0","0.99","-24.6","-150.2","-66.2","104","166.7","7.5","98.2","-24.4","-91","0","116.7","0","0","0","-83.9","0","94"
"1555351314228","04/15/19  18:01:54.228   ","6.03","-26.9","3.811","16.3","1.9","2.174","100","14.55","6.49","0.23","2.02","1.64","0.42","0.54","1.46","0","0.64","0","0.35","0","0.71","0","1.06","-24.7","-167.6","-63.4","105.1","162.3","-10.6","99.6","-33.2","-89.7","0","115","0","0","0","-92.6","0","88.9"
"1555351315581","04/15/19  18:01:55.581   ","5.99","-24.5","3.832","14.8","1.9","2.17","100","14.26","5.78","0.52","1.79","1.64","0.24","0.5","1.46","0","0.61","0","0","0","0.59","0","1.06","-26.1","-7.1","-52.6","-77.9","160.6","145.8","111.3","118.8","-86.6","0","106.3","0","0","0","-89.1","0","90.6"
"1555351316350","04/15/19  18:01:56.350   ","6.05","-26.7","3.817","16.1","1.9","2.175","100","14.2","5.71","0.44","2.22","1.52","0.31","0.54","1.38","0","0.67","0","0","0","0.66","0","1","-24.6","-131","-65.9","91.1","174.3","21.3","90.7","-4.3","-85.4","0","107.5","0","0","0","-93.9","0","91"
"1555351317399","04/15/19  18:01:57.399   ","5.99","-25.4","3.801","15.1","2","2.185","100","14.59","6.42","0.25","2.06","1.63","0.38","0.56","1.54","0","0.71","0","0.3","0","0.61","0","1.22","-25","-115.4","-62.4","22","176.5","32.9","72.3","12.8","-87.3","0","128.7","0","-118.8","0","-91.4","0","97"
"1555351318229","04/15/19  18:01:58.229   ","6.02","-27.1","3.805","16.1","1.9","2.136","100","14.53","6.17","0.33","1.62","1.59","0.29","0.56","1.62","0.25","0.78","0.23","0.26","0","0.61","0","1.26","-25.5","8.6","-56.5","-82","166.1","164","112.8","135.8","-105","0","128","0","0","0","-82.6","0","97"
"1555351319369","04/15/19  18:01:59.369   ","6.05","-26.8","3.814","16","1.9","2.147","100","13.87","4.87","0.99","1.91","1.52","0.43","0.58","1.5","0","0.68","0","0.2","0","0.6","0","1.02","-30.8","-27","-34","-18.2","146.3","128.7","135.4","110.6","-78.1","64.9","96.1","7.2","-16.4","0","-71.5","0","100"
"1555351320240","04/15/19  18:02:00.240   ","6.27","-28.5","3.844","14.1","1.8","2.39","100","13.18","6.06","0.46","1.87","1.3","0.67","0.45","1.76","0","0.56","0.22","0","0","0.49","0","1.01","-30.8","98.8","-44.1","142.7","153.3","-134.1","-9.2","-139.1","-83.7","0","137.8","167.5","0","0","-99.8","0","99.2"
"1555351321377","04/15/19  18:02:01.377   ","6.32","-30.3","3.858","13.9","1.8","2.36","100","13.63","6.34","0.36","1.32","1.53","0.34","0.53","1.6","0","0.47","0","0","0","0.43","0","1.22","-29.6","61.2","-54.7","-137.8","170.1","-151","63.5","-166.3","-96.7","0","127.5","0","0","0","-88.4","0","98.3"
"1555351322623","04/15/19  18:02:02.623   ","5.93","-26.4","3.79","15.5","1.9","2.215","100","14.42","4.7","1.31","1.55","1","1","0.5","0.87","0","0.65","0","0.35","0","0.6","0","1.14","-26.5","-85.8","-54.9","-39.3","165.9","48.6","18.3","13.5","-86.9","0","137.3","0","-86.5","0","-86.6","0","95.8"
"1555351323380","04/15/19  18:02:03.380   ","6.01","-27.1","3.802","16.4","1.8","2.205","100","14.07","3.66","1.16","1.52","1.25","0.85","0.54","1.05","0","0.64","0.25","0.35","0","0.5","0","1.21","-26.4","152.7","-46.5","115.1","154.6","-57.7","94.2","-88.8","-91","0","133.5","-171.5","-22.1","0","-73","0","95.6"
"1555351324252","04/15/19  18:02:04.252   ","5.99","-25.3","3.781","15.5","1.9","2.225","100","14.02","6.88","0.9","2.48","1.51","0.44","0.39","1.47","0","0.72","0","0.23","0","0.7","0","1.14","-26.5","-86.8","-55.7","-34.4","163.9","49.3","9.9","17.2","-81","0","123.9","0","-101.5","0","-90.3","0","100"
"1555351325382","04/15/19  18:02:05.382   ","5.97","-25.4","3.794","15.1","1.9","2.204","100","14.31","6.18","0.22","2.05","1.59","0.39","0.53","1.62","0","0.53","0","0.36","0","0.62","0","1.27","-24.8","-121.6","-64.2","51.6","178.7","27.3","80.7","11","-92.1","0","125.4","0","-71.1","0","-80.6","0","99.2"
"1555351326626","04/15/19  18:02:06.626   ","6","-24.5","3.842","14.9","1.8","2.269","100","14.09","3.68","1.21","1.48","1.27","0.85","0.48","1.03","0","0.7","0.25","0.25","0","0.59","0","1.17","-26.9","94.4","-46.1","158.3","156.1","-131.6","-8.7","-151","-86.2","-128.2","155.5","-176","-127.6","0","-85.3","0","98.1"
"1555351327367","04/15/19  18:02:07.367   ","6.03","-25.1","3.82","16.1","1.9","2.146","100","13.96","4.78","1.06","1.98","1.4","0.54","0.61","1.32","0","0.65","0","0.24","0","0.64","0","1.18","-26.8","-30.9","-48.4","-68.5","175.8","110.8","109","95.8","-85.4","0","121.1","1.4","-21.3","0","-76.6","0","101.9"
"1555351328265","04/15/19  18:02:08.265   ","5.94","-24.7","3.833","14.9","1.8","2.221","100","14.11","5.87","0.55","1.99","1.37","0.71","0.51","1.67","0","0.84","0.23","0.32","0","0.48","0","1.22","-26.9","93.4","-46.8","160.4","153.3","-134.6","-6.1","-150.9","-84.3","0","142.6","177.7","-149.4","0","-108.7","0","103.8"
"1555351329365","04/15/19  18:02:09.365   ","5.93","-26.4","3.834","14.5","1.8","2.262","100","14.05","5.44","0.76","2.24","1.3","0.77","0.41","1.53","0","0.75","0","0.27","0","0.51","0","1.05","-25.5","57.5","-56.8","-129.9","172.2","-154.6","69.2","-172.7","-98.4","0","142.5","0","0","0","-86.7","0","93.9"
"1555351330265","04/15/19  18:02:10.265   ","6.04","-26.8","3.817","16","1.9","2.201","100","13.62","3.37","1.31","2.36","1.2","0.51","0.61","1.19","0","0.74","0","0","0","0.47","0","1.29","-25.2","-178","-57.9","105.1","157.9","-22.2","98.1","-48.8","-100","0","141.1","0","0","0","-79","0","92.9"
"1555351331369","04/15/19  18:02:11.369   ","6.03","-25.8","3.799","16.3","1.9","2.212","100","13.68","4.07","1.12","2.3","1.35","0.47","0.61","1.34","0","0.69","0","0","0","0.5","0","1.18","-26.5","148.8","-43.1","116","160.3","-62.1","88","-97.7","-87.9","0","132","-175.4","-16.3","0","-71.4","0","94"
"1555351332266","04/15/19  18:02:12.266   ","5.92","-25.3","3.789","15.7","1.9","2.19","100","14.12","6.76","0.81","2.33","1.61","0.4","0.47","1.47","0","0.69","0","0.25","0","0.64","0","1.17","-26.3","-91.3","-56.7","-28.1","163.2","47","12.9","18.8","-83.3","0","121.3","0","-72.8","0","-82.1","0","100.7"
"1555351333380","04/15/19  18:02:13.380   ","5.95","-26.7","3.798","15.4","1.9","2.198","100","14.36","5.94","0.35","2.18","1.62","0.4","0.53","1.62","0","0.58","0","0.22","0","0.58","0","1.11","-24.6","-126.4","-65.2","78.3","176.1","25.9","89.5","2.4","-93.5","0","126.2","0","-94.9","0","-86.4","0","99"
"1555351334545","04/15/19  18:02:14.545   ","5.92","-25.4","3.835","16.3","1.9","2.234","100","14.25","5.26","0.95","1.46","1.43","1.31","0.65","0.71","0.34","0.98","0","0","0.22","0.62","0","1.05","-26.6","146.4","-42.8","113.3","162.8","-69.7","82.9","-93.5","-88.4","0","126.7","178.6","-7.3","0","-80.1","0","97.1"
"1555351335372","04/15/19  18:02:15.372   ","6.03","-27","3.804","16.2","1.9","2.173","100","14.55","4.96","1.2","1.6","1.04","1.07","0.43","0.89","0","0.71","0","0.33","0","0.74","0","1.13","-27","-36","-48.1","-67.2","-179.3","102.5","96.5","74","-81.9","0","119.6","0","-49.8","0","-78.9","0","98.7"
"1555351336220","04/15/19  18:02:16.220   ","8.34","-25.2","4.327","10.8","1.8","2.518","100","10.17","2.79","0.88","1.4","0.95","0.58","0.33","0.75","0","0.57","0","0","0","0.47","0","0.73","-26.6","87.2","-46.3","173.7","142.9","-134","-12.8","-147.3","-79","0","139.7","0","-167.3","0","-92.5","0","94.6"
"1555351337374","04/15/19  18:02:17.374   ","7.94","-24.8","4.241","11.1","1.8","2.397","100","10.87","4.38","0.37","1.79","1.24","0.21","0.39","1.15","0","0.49","0","0.2","0","0.43","0","0.92","-25.4","50.2","-53.1","-103.4","156.6","-159.5","55","179","-94.5","0","129.7","0","-151.7","0","-85.2","0","92"
"1555351338227","04/15/19  18:02:18.227   ","7.56","-26.8","4.145","12.3","1.9","2.367","100","11.16","4.22","0.38","2.19","1.23","0.25","0.43","1.07","0","0.46","0","0.25","0","0.51","0","0.86","-25.8","174.9","-45.1","107.3","147.1","-30.3","98.8","-58.6","-99.3","0","136.9","0","0","0","-81.9","0","95.9"
"1555351339376","04/15/19  18:02:19.376   ","7.27","-23.7","4.131","13.2","1.9","2.289","100","12","3.07","1.09","2.04","1.05","0.58","0.35","1.19","0","0.39","0","0","0","0.37","0","0.95","-23.8","132.9","-27.3","101.9","160.5","-99.4","47.9","-104.7","-88.1","0","123.7","0","0","0","-92.8","0","92.2"
"1555351340248","04/15/19  18:02:20.248   ","7.3","-23.1","4.136","13.3","1.9","2.229","100","12.05","4.47","0.2","2.33","1.35","0.29","0.49","1.24","0","0.49","0","0","0","0.46","0","0.98","-22","-118.6","-61.5","41.6","165.8","31.2","75.8","14","-94.1","0","132.5","0","0","0","-81","0","97.7"
"1555351341376","04/15/19  18:02:21.376   ","7.21","-23","4.14","13.3","1.9","2.229","100","11.4","2.16","1.1","2.63","1","0.31","0.57","0.96","0","0.41","0","0","0","0.41","0","0.85","-22","-175.5","-55.4","106.8","152.5","-18.8","107.2","-45.1","-98.1","0","141.3","0","0","0","-88.3","0","97.2"
"1555351342227","04/15/19  18:02:22.227   ","7.27","-22.3","4.174","12.5","1.8","2.28","100","11.74","2.95","1.24","2.29","0.94","0.6","0.5","0.56","0","0.68","0","0","0","0.56","0","0.82","-23.4","-72.9","-47","-54.2","162.9","57.1","18.6","26.5","-78.7","0","113.4","0","-55.7","0","-80.3","0","101.1"
"1555351343659","04/15/19  18:02:23.659   ","7.34","-21.5","4.25","12.2","1.9","2.233","100","11.85","3.85","0.52","2.14","1.31","0","0.48","1.19","0","0.51","0","0","0","0.37","0","0.97","-23.1","-13.5","-46.4","-72.5","151.7","138.5","118.8","111.8","-103.7","0","121.6","0","-23.3","0","-80.6","0","100.9"
"1555351344577","04/15/19  18:02:24.577   ","7.41","-21.7","4.267","12.8","1.9","2.265","100","12.2","4.32","0.37","2.03","1.3","0.24","0.59","1.31","0.23","0.56","0.24","0.22","0","0.43","0","0.99","-22.7","77.2","-46.2","-172.3","151.5","-132.1","17.5","-145.8","-94.9","-141.4","140.7","152.6","-124.6","0","-85.4","0","97.5"
"1555351345370","04/15/19  18:02:25.370   ","7.34","-22","4.241","12.7","1.9","2.26","100","11.81","4.7","0.65","2.77","1.32","0.39","0.43","1.09","0","0.44","0","0.32","0","0.52","0","0.92","-21.4","-141.6","-64.5","100.7","159.6","17.7","110","-10","-100.6","0","139.5","0","0","0","-87.1","0","100"
"1555351346224","04/15/19  18:02:26.224   ","7.42","-22.3","4.271","12.5","1.9","2.267","100","11.68","2.8","1.23","2.47","1.1","0.53","0.55","0.65","0","0.52","0","0","0","0.49","0","0.95","-23.4","-59.4","-42","-69.9","168.9","69.3","54","37.9","-85","0","132.3","0","-80.8","0","-88.9","0","100.7"
"1555351347378","04/15/19  18:02:27.378   ","7.35","-22","4.266","13.2","2","2.241","100","11.52","2.55","0.95","2.61","1.13","0.31","0.5","1.05","0","0.46","0","0","0","0.43","0","0.9","-21.3","-159.5","-62.1","105.3","156","-0.3","112.9","-31.5","-101","0","133.6","0","0","0","-86.5","0","95"
"1555351348406","04/15/19  18:02:28.406   ","7.39","-22.8","4.333","12.6","1.9","2.306","100","11.73","2.16","1.07","2.15","1.05","0.56","0.5","0.79","0","0.59","0.22","0","0","0.45","0","0.95","-22.7","157.8","-39.5","115.1","146.6","-50.4","95.3","-79.3","-97.9","0","132.6","-171.7","0","0","-67.7","0","95.3"
"1555351349376","04/15/19  18:02:29.376   ","7.44","-22.9","4.3","13.2","2","2.264","100","11.86","3.56","0.52","2.55","1.31","0.22","0.48","1.26","0","0.43","0","0","0","0.35","0","0.93","-22.2","166.1","-44.2","114.2","146.9","-34.9","102.4","-72.9","-103.7","0","135.3","0","0","0","-70.5","0","95"
"1555351350233","04/15/19  18:02:30.233   ","7.45","-22.6","4.321","13.2","2","2.242","100","11.87","4.46","0.71","3.05","1.17","0.55","0.49","0.92","0","0.44","0","0.35","0","0.59","0","0.91","-21.1","-132.1","-63.6","92.5","162.8","23.6","67.3","1.7","-94.5","0","126.2","0","0","0","-98.5","0","98.6"
"1555351351372","04/15/19  18:02:31.372   ","7.53","-23.1","4.346","13.1","2","2.315","100","11.56","1.94","1.09","2.51","0.99","0.36","0.53","0.83","0","0.57","0","0","0","0.38","0","0.84","-23.3","112.9","-28.6","88.8","156.5","-121.5","-4","-136.1","-90.6","0","143.5","149.9","0","78.5","-85.2","0","93.2"
"1555351352224","04/15/19  18:02:32.224   ","7.49","-23.1","4.356","13.1","2","2.262","100","11.97","3.87","0.38","2.53","1.36","0.24","0.48","1.16","0","0.47","0","0.27","0","0.5","0","0.93","-22","170.8","-47.3","110.7","147.5","-28.1","109.6","-66.3","-103.3","0","132.3","0","0","0","-71.4","0","94.5"
"1555351353372","04/15/19  18:02:33.372   ","7.82","-26.3","4.415","11.9","1.9","2.406","100","11.44","3.99","0.24","2.29","1.16","0.64","0.51","1.18","0.22","0.59","0.2","0","0","0.34","0","0.79","-25.2","45.7","-51.4","-100.8","157.7","-159.4","0","-179.2","-101.1","0","127.6","0","0","0","-81","0","97.2"
"1555351354264","04/15/19  18:02:34.264   ","7.85","-24.2","4.448","12","1.9","2.454","100","11.6","4.19","0.23","2.15","1.18","0.59","0.6","1.25","0.2","0.63","0.23","0","0","0.33","0","0.82","-26.1","99.1","-35.5","147","147.8","-123.4","-16.3","-139.6","-90.8","-152.4","139.9","153.9","0","0","-78.8","0","97"
"1555351355190","04/15/19  18:02:35.190   ","7.91","-24.2","4.459","12.1","1.9","2.472","100","11.5","2.48","1.07","1.74","1.04","0.51","0.48","0.8","0","0.57","0.23","0","0","0.35","0","0.86","-25.8","88.1","-39.9","178.5","145.5","-125.5","-9.5","-141.1","-93.7","-162.4","136.6","137.5","0","0","-77.5","0","92.3"
"1555351356185","04/15/19  18:02:36.185   ","7.63","-22.7","4.432","12.9","2","2.282","100","12.53","4.32","0.33","1.93","1.38","0","0.66","1.28","0.23","0.52","0.28","0","0","0.4","0","0.88","-22.1","74.6","-45.8","-169.8","154","-133.1","0","-144.6","-96.7","-161.6","141.5","142.2","0","0","-84.3","0","101.5"
"1555351357375","04/15/19  18:02:37.375   ","7.59","-21.9","4.39","12.7","1.9","2.303","100","12.23","4.08","0.72","3.05","1.05","0.64","0.49","0.92","0","0.32","0","0","0","0.6","0","0.89","-21.1","-125.9","-63","81.6","162.9","30.1","78.9","12.5","-83.9","0","110.6","0","-139.7","0","-100.1","0","95.1"
"1555351358369","04/15/19  18:02:38.369   ","7.6","-21.7","4.401","12.9","2","2.265","100","12.05","3.35","0.62","2.54","1.32","0","0.46","1.09","0","0.38","0","0","0","0.42","0","0.82","-20.9","-141.5","-65.5","104.9","160.4","18.3","0","-8.9","-84.6","0","85.5","0","0","0","-93.3","0","95.6"
"1555351359366","04/15/19  18:02:39.366   ","7.61","-21.7","4.408","13.8","2.1","2.298","100","11.84","2.51","0.97","2.64","1.13","0.3","0.52","0.99","0","0.35","0","0","0","0.45","0","0.81","-22.7","142.5","-28","107.7","155.1","-81","67.2","-106.4","-82.7","0","111.7","159.9","0","0","-80.4","0","86.3"
"1555351360211","04/15/19  18:02:40.211   ","7.64","-23","4.427","13.6","2.1","2.265","100","12.51","4.44","0.25","2.46","1.41","0.25","0.51","1.2","0","0.43","0","0.35","0","0.63","0","0.86","-21.2","-117.6","-62.4","49.2","162.5","34.8","74.1","22.1","-81.3","0","99","0","-128.3","0","-95.9","0","90.8"
"1555351361670","04/15/19  18:02:41.670   ","7.59","-21.6","4.419","13","2.1","2.269","100","11.37","3.03","0.49","2.19","1.21","0","0.66","0.81","0.26","0.46","0","0","0","0.38","0","0.86","-22.5","153.7","-36.4","112.7","147.9","-56.1","79.1","-90.2","-78.6","0","117.1","165.9","0","0","-79.2","0","88.8"
"1555351362561","04/15/19  18:02:42.561   ","7.62","-23.1","4.452","13.9","2.1","2.274","100","11.86","2.19","1.12","2.73","1.06","0.23","0.56","0.82","0","0.52","0","0","0","0.5","0","0.85","-21.1","-169.5","-61.3","107.2","152.4","-8.6","109.4","-35.3","-91.9","0","119.1","0","0","0","-93.1","0","88.3"
"1555351363695","04/15/19  18:02:43.695   ","7.59","-20.9","4.486","12.6","1.9","2.298","100","12.33","3.72","0.33","2.47","1.27","0.69","0.59","1.14","0.22","0.59","0.21","0","0","0.44","0","0.75","-21.7","44.3","-53.9","-98.2","157.8","-160.3","0","178.3","-96.3","-160.1","104.9","109.1","0","0","-96.9","0","94.7"
"1555351364209","04/15/19  18:02:44.209   ","7.71","-22.7","4.447","13.6","2","2.261","100","12.26","3.47","0.7","2.25","1.3","0.23","0.5","1.01","0","0.35","0","0","0","0.47","0","0.82","-21.6","32.4","-54.2","-88.4","157.6","-169.8","110.6","159.1","-101.8","0","131.4","0","0","0","-99.8","0","93.6"
"1555351365383","04/15/19  18:02:45.383   ","7.59","-21.9","4.44","13.6","2.1","2.273","100","11.91","1.88","1.15","2.7","1.01","0.26","0.56","0.79","0","0.44","0","0","0","0.49","0","0.74","-21.3","-178.5","-54.9","109","150.7","-17.8","104.9","-48","-96.9","0","127.6","0","0","0","-90.2","0","86.1"
"1555351366226","04/15/19  18:02:46.226   ","7.69","-22.6","4.432","13.7","2.1","2.275","100","12.27","4.66","0.61","3.04","1.35","0.46","0.47","0.99","0","0.44","0","0.23","0","0.58","0","0.87","-20.7","-142.2","-66.3","106.2","159.1","18.9","0","-4.7","-86.7","0","104.3","0","179.5","0","-96.8","0","87.1"
"1555351367548","04/15/19  18:02:47.548   ","7.72","-22.9","4.46","14","2","2.286","100","12.73","3.86","0.83","2.82","0.94","0.65","0.46","0.84","0","0.3","0","0.29","0","0.61","0","0.85","-22.9","-55.4","-41.7","-71.8","169.7","73.4","55.3","44.5","-67.1","0","95.6","0","-81.2","0","-104.2","0","97.6"
"1555351368455","04/15/19  18:02:48.455   ","7.61","-21.5","4.435","13.2","2","2.314","100","12.49","2.85","1.14","2.25","0.97","0.66","0.48","0.51","0","0.37","0","0.22","0","0.51","0","0.84","-22.4","-85.7","-52.7","-25.7","155.5","56.7","16.4","33.5","-71.6","0","113.4","0","-86.4","0","-98.7","0","99.8"
"1555351369780","04/15/19  18:02:49.780   ","7.57","-21.1","4.501","13.4","2.1","2.247","100","12.24","2.72","1.21","2.61","1.15","0.44","0.55","0.57","0","0.39","0","0","0","0.44","0","0.77","-22.1","-2.3","-50.5","-76.1","152.3","152.4","115.4","125.2","-94","0","109.6","0","0","0","-93.5","0","91.4"
"1555351370187","04/15/19  18:02:50.187   ","8.07","-26.3","4.506","13","2.1","2.378","100","12.12","4.28","0.45","1.91","1.38","0","0.48","1.13","0","0.35","0","0","0","0.47","0","0.74","-25.1","48.2","-51.9","-101.6","156.9","-158.7","0","-177.9","-97","0","122","0","0","0","-100.1","0","88.3"
"1555351371374","04/15/19  18:02:51.374   ","7.95","-24.9","4.481","13.1","2.1","2.393","100","11.51","2.53","1.08","2.52","1.03","0.26","0.5","0.8","0","0.42","0","0","0","0.52","0","0.77","-24.1","-168","-57.3","107.5","151.1","-7.1","109.2","-30.6","-93.1","0","115.2","0","0","0","-86.7","0","87.5"
"1555351372621","04/15/19  18:02:52.621   ","7.62","-21.5","4.444","13.3","2","2.314","100","12.59","2.88","1.13","2.28","0.96","0.71","0.49","0.52","0","0.33","0","0.25","0","0.44","0","0.82","-22.4","-88.9","-54.3","-26.4","154.4","54.7","26.1","29.9","-70.9","0","117.3","0","-94.4","0","-96.7","0","96.7"
"1555351373373","04/15/19  18:02:53.373   ","7.66","-21.8","4.5","12.7","2","2.39","100","12.59","2.64","1.15","2.07","1.17","0.51","0.47","0.83","0","0.52","0.29","0","0","0.46","0","0.8","-22","71.7","-46.9","-162.7","153.9","-134.3","1.5","-147.3","-91.5","-154.6","124.3","139.8","0","0","-86.8","0","90"
"1555351374187","04/15/19  18:02:54.187   ","7.63","-20.8","4.507","13.5","2.1","2.352","100","12.18","1.79","1.13","2.44","1.02","0.36","0.52","0.67","0","0.58","0","0.25","0","0.4","0","0.75","-22","167.1","-43.8","113.6","145.3","-36.4","118.4","-72.9","-97.6","0","122.1","0","57.4","0","-75","0","89.9"
"1555351375359","04/15/19  18:02:55.359   ","7.7","-20.8","4.494","14.1","2.1","2.265","100","12.31","2.87","1.04","2.57","1.19","0.44","0.54","0.74","0","0.36","0","0","0","0.47","0","0.86","-23","-49.9","-40.8","-73.9","169.4","79.3","71.2","52.3","-67.7","0","108.8","0","-74.4","0","-97.4","0","95.1"
"1555351376332","04/15/19  18:02:56.332   ","7.74","-22.9","4.463","13.7","2","2.322","100","12.44","4.67","0.58","2.93","1.4","0.49","0.5","1.04","0","0.38","0","0.35","0","0.56","0","0.93","-22.7","-84.1","-52.5","-26.4","155.4","55.6","19.6","28.3","-70.2","0","105.8","0","-92.5","0","-94.5","0","94.8"
"1555351377367","04/15/19  18:02:57.367   ","7.61","-21.6","4.448","13.8","2.1","2.258","100","12.79","4.46","0.24","2.45","1.45","0.27","0.5","1.18","0","0.51","0","0.34","0","0.5","0","1.03","-21.1","-177.3","-56.1","107.4","151","-16.7","107.9","-44.9","-102.2","0","130.7","0","0","0","-83.5","0","98.4"
"1555351378180","04/15/19  18:02:58.180   ","7.63","-22.6","4.439","13.3","2","2.3","100","12.51","4.72","0.54","2.82","1.43","0.5","0.55","1.02","0","0.45","0","0.43","0","0.54","0","0.92","-22.4","-87.4","-53.9","-26.8","154.6","53.6","25.3","32","-77.3","0","136.3","0","-102","0","-93.8","0","99.3"
"1555351379366","04/15/19  18:02:59.366   ","7.64","-21","4.503","12.7","2","2.356","100","12.61","3.49","0.68","2.38","1.28","0.61","0.54","1.1","0.21","0.7","0.23","0.21","0","0.56","0","0.89","-21.6","52.8","-51.7","-101.5","160.1","-153","0","-167.3","-101.2","-162.5","132.9","114.9","-151.5","0","-86.6","0","97.2"
"1555351380182","04/15/19  18:03:00.182   ","7.6","-20.6","4.505","13","2","2.372","100","12.59","2.31","1.13","2.01","1.13","0.45","0.47","0.86","0","0.62","0.23","0","0","0.46","0","0.83","-22.3","145.4","-26.9","110.2","153.6","-71.8","73","-109.3","-94.3","0","134.8","156.2","0","0","-67.6","0","96.2"
"1555351381383","04/15/19  18:03:01.383   ","7.76","-22.6","4.468","13.7","2.1","2.297","100","12.55","4.7","0.56","2.9","1.41","0.5","0.54","1.03","0","0.41","0","0.45","0.21","0.53","0","0.95","-22.4","-83.9","-53","-27.6","156.2","56","28.5","31.4","-77.5","0","143.2","0","-97","-165.9","-93.5","0","98.5"
"1555351382186","04/15/19  18:03:02.186   ","7.72","-21.9","4.464","14.2","2.2","2.258","100","12.4","2.84","1.1","2.55","1.19","0.41","0.54","0.85","0","0.51","0","0","0","0.37","0","0.93","-21.7","7.1","-52.1","-79.5","154.5","162.6","122.2","130.1","-100.7","0","120.8","0","0","0","-89.5","0","95.8"
"1555351383376","04/15/19  18:03:03.376   ","7.66","-22.7","4.463","14.1","2.1","2.289","100","12.24","2.72","0.91","2.54","1.18","0.24","0.54","1.14","0","0.38","0","0","0","0.4","0","0.88","-22.4","146.5","-28.9","109","152.5","-70.4","80.3","-105.5","-91.7","0","132","146.3","0","0","-67.9","0","96"
"1555351384184","04/15/19  18:03:04.184   ","7.71","-22.9","4.472","13.9","2.1","2.271","100","12.71","4.09","0.37","2.53","1.43","0.23","0.5","1.27","0","0.4","0","0.21","0","0.45","0","0.91","-20.7","-126.6","-64.5","99.4","162.7","31.1","79.5","12.1","-88.7","0","116.3","0","-156.9","0","-100.8","0","95.5"
"1555351385539","04/15/19  18:03:05.539   ","7.73","-22","4.47","13.1","2","2.31","100","12.92","4.33","0","2.42","1.45","0.32","0.51","1.25","0","0.42","0","0.27","0","0.43","0","0.91","-21.2","-117.9","-63.6","0","163","35.5","59.7","19","-87.7","0","131.4","0","-132.4","0","-101.1","0","100.4"
"1555351386401","04/15/19  18:03:06.401   ","7.66","-21.5","4.46","13.4","2.1","2.319","100","12.81","4.69","0.46","2.61","1.48","0.4","0.57","1.19","0","0.41","0","0.3","0","0.45","0","0.92","-22.2","-91.9","-55","-21","155.9","52.1","26.4","30.2","-78.9","0","131.9","0","-103.7","0","-98.9","0","102"
"1555351387388","04/15/19  18:03:07.388   ","8.1","-25.2","4.496","12.7","2","2.423","100","12.23","4.28","0.35","2.2","1.38","0.28","0.49","1.2","0","0.37","0","0.23","0","0.45","0","0.84","-24.2","-127.2","-62.6","88.4","161.8","30.1","62.1","7.1","-90.1","0","133.9","0","-134.3","0","-96.9","0","99.4"
"1555351388201","04/15/19  18:03:08.201   ","8","-24.7","4.493","12.8","2.1","2.44","100","12.41","3.44","0.92","1.92","0.92","0.84","0.43","0.66","0","0.34","0","0","0","0.42","0","0.86","-25.9","-36.4","-43.1","-72.5","161.4","101.1","88.3","68.9","-70","0","120.3","0","0","0","-91.7","0","102.6"
"1555351389388","04/15/19  18:03:09.388   ","8.09","-25.8","4.526","13","2.1","2.505","100","12.26","4.33","0","2","1.3","0.54","0.71","1.16","0.21","0.63","0.2","0","0","0.47","0","0.68","-25.7","94.3","-36","0","148.4","-123.6","-26.3","-146.6","-91.7","-178.2","137.4","140.2","0","0","-82.6","0","102.7"
"1555351390201","04/15/19  18:03:10.201   ","7.61","-21","4.516","14.1","2","2.347","100","12.1","1.78","1.14","2.62","1.01","0.31","0.54","0.88","0","0.51","0","0","0","0.37","0","0.88","-21.1","-178.2","-54.6","107.7","150.7","-19.1","123.2","-47.2","-103.8","0","128.8","0","0","0","-87.7","0","99.8"
"1555351391385","04/15/19  18:03:11.385   ","7.71","-22.3","4.51","14.2","2.2","2.268","100","13","3.29","0.85","2.37","0.93","0.81","0.5","0.73","0","0.42","0","0.35","0","0.56","0","0.91","-22.9","-45.5","-42","-74.9","168.7","85.6","72.9","50.8","-77.1","0","143.8","0","-95.3","0","-97.9","0","97.3"
"1555351392198","04/15/19  18:03:12.198   ","7.69","-22.8","4.502","13.7","2.1","2.241","100","12.66","3.67","0.61","2.13","1.36","0","0.51","1.21","0","0.48","0","0","0","0.42","0","0.88","-21.4","40.6","-53.8","-91.8","159.9","-163","0","175.5","-104.3","0","131.5","0","0","0","-94.2","0","100.9"
"1555351393384","04/15/19  18:03:13.384   ","7.64","-22","4.469","13.9","2.1","2.274","100","12.25","1.7","1.14","2.43","1.02","0.35","0.56","0.76","0","0.62","0","0","0","0.36","0","0.88","-21.6","170.3","-45","108.5","147.6","-31.1","112.8","-67.6","-104.1","0","133.8","0","0","0","-75.8","0","103"
"1555351394199","04/15/19  18:03:14.199   ","7.71","-22.8","4.479","13.7","2.2","2.264","100","13","4.59","0.26","2.39","1.45","0.37","0.53","1.2","0","0.35","0","0.21","0","0.4","0","0.94","-21.5","-106.5","-59.2","11.6","158.5","43.4","50.6","22.7","-84.5","0","132.2","0","-121.1","0","-97.5","0","98.4"
"1555351395384","04/15/19  18:03:15.384   ","7.65","-20.5","4.53","13.1","2.2","2.274","100","12.45","3.16","0.84","2.32","1.27","0.26","0.51","1.02","0","0.53","0","0","0","0.43","0","0.95","-21.5","24","-54","-85","157.3","-178.3","129.6","150","-107.8","0","132.7","0","0","0","-86.7","0","97.3"
"1555351396201","04/15/19  18:03:16.201   ","7.79","-21.4","4.541","12.8","2.1","2.312","100","12.7","3.65","0.41","2.37","1.34","0.56","0.59","1.17","0","0.61","0.21","0.21","0","0.55","0","0.77","-21.4","47","-52.9","-94.4","161.1","-157.9","0","-176.4","-104","0","133.9","0","0","0","-90.8","0","97.4"
"1555351397381","04/15/19  18:03:17.381   ","7.76","-21.7","4.484","13.1","2","2.297","100","12.8","4.15","0.29","2.46","1.47","0.31","0.53","1.21","0","0.4","0","0.28","0","0.42","0","0.94","-20.9","-123.7","-64.3","79.6","162.4","32.3","60.6","13.8","-89.7","0","139.3","0","-152.5","0","-100.5","0","97.8"
"1555351398195","04/15/19  18:03:18.195   ","7.72","-21.4","4.49","13.3","2.1","2.32","100","12.91","3.04","0.96","2.16","0.91","0.79","0.42","0.7","0","0.41","0","0","0","0.47","0","0.96","-22.8","-36.7","-42.6","-69.5","163.6","99.9","87","62.4","-70.1","0","134.9","0","0","0","-92.3","0","102.3"
"1555351399378","04/15/19  18:03:19.378   ","7.76","-22.4","4.529","13.3","2.1","2.392","100","13.11","4.16","0.31","2.08","1.37","0.49","0.74","1.2","0.3","0.7","0.27","0","0","0.53","0","0.76","-22.4","87.9","-39.5","-175.7","147.6","-124.3","-27.8","-146.2","-93.4","-163.2","136.6","132.4","0","0","-78.5","0","93.8"
"1555351400200","04/15/19  18:03:20.200   ","7.66","-20.8","4.545","12.9","2","2.358","100","12.31","1.72","1.18","2.41","1.01","0.41","0.57","0.83","0","0.44","0","0.27","0","0.34","0","0.89","-22.7","109","-28.8","91.4","157","-119.4","-13.5","-140.1","-95","0","146.1","126.7","0","0","-75.8","0","96.4"
"1555351401360","04/15/19  18:03:21.360   ","7.79","-22.6","4.514","14.1","2.2","2.272","100","12.67","4.21","0.67","3.05","1.2","0.61","0.6","1","0.2","0.35","0.22","0.32","0.21","0.48","0","1.07","-22.5","-67.8","-46.3","-59.1","162.8","64.4","39.5","32.8","-73","-30.7","134.4","-75.2","-91.2","-153.1","-102.1","0","100.8"
"1555351402209","04/15/19  18:03:22.209   ","7.66","-21.9","4.506","13.1","2","2.279","100","12.35","2.83","1.07","2.46","1.21","0.4","0.53","0.89","0","0.46","0","0","0","0.53","0","0.95","-22.8","-50.4","-42","-74.9","168.2","78.2","70.5","45.1","-71.4","0","112.8","-58.9","0","0","-110.3","0","101.9"
"1555351403379","04/15/19  18:03:23.379   ","7.7","-22.6","4.512","14.2","2","2.321","100","12.81","2.67","1.11","1.97","1.27","0.4","0.5","0.91","0","0.61","0.25","0.22","0","0.57","0","0.85","-22.4","136.3","-21.6","101.8","158.7","-90.4","54.5","-120.4","-97.5","0","131.2","135.5","-8.7","0","-73.5","0","95.5"
"1555351404328","04/15/19  18:03:24.328   ","8.06","-25.4","4.568","12.6","2.1","2.416","100","12.56","4.57","0.28","1.78","1.35","0.38","0.75","1.23","0.25","0.56","0.25","0","0","0.47","0","0.73","-25.5","84.7","-41","-167.6","147.4","-125","-19.3","-145.3","-97.5","-176.9","135.1","124.8","0","0","-90.1","0","107.4"
"1555351405756","04/15/19  18:03:25.756   ","7.97","-23.6","4.584","12.9","2.1","2.372","100","12.66","4.66","0.26","1.67","1.41","0","0.66","1.26","0.2","0.46","0.26","0","0","0.54","0","0.66","-24.7","8.4","-49.4","-79.9","153.3","166.8","111.6","134.7","-100.6","0","126.7","0","0","0","-83.1","0","101.4"
"1555351406191","04/15/19  18:03:26.191   ","8.07","-25.7","4.554","13.2","2.2","2.355","100","12.4","4.31","0.44","1.82","1.4","0","0.52","1.23","0","0.57","0","0.21","0","0.5","0","0.84","-25.3","-16.8","-45.6","-72.5","147","131","116.1","102.4","-88.4","0","120.1","0","0","0","-78.3","0","95.9"
"1555351407367","04/15/19  18:03:27.367   ","7.66","-21.8","4.491","14","2.2","2.272","100","12.3","1.7","1.09","2.27","1.03","0.42","0.56","0.79","0","0.55","0","0.25","0","0.46","0","0.89","-21.5","165.6","-42.2","111.9","147.2","-37.3","114.9","-76.9","-105.4","0","133.5","0","12.2","0","-63.6","0","95.7"
"1555351408184","04/15/19  18:03:28.184   ","7.7","-22.6","4.516","14","2.2","2.26","100","12.95","4.28","0.25","2.45","1.5","0.28","0.52","1.2","0","0.45","0","0.29","0","0.48","0","0.91","-20.7","-120.2","-64.2","82.8","162.9","33.5","70.8","18","-89.2","0","133.4","0","-138.2","0","-99.6","0","99"
"1555351409727","04/15/19  18:03:29.727   ","7.68","-22.5","4.576","13.6","2","2.336","100","12.96","4.11","0","2.29","1.35","0.62","0.72","1.26","0.22","0.66","0.26","0","0.21","0.57","0","0.82","-21.3","31","-52.3","-85.8","160","-169.1","130.9","160.3","-102.3","0","120.9","0","0","0","-86.4","0","88.1"
"1555351410187","04/15/19  18:03:30.187   ","7.79","-22.4","4.539","13.4","2.2","2.239","100","13.18","4.35","0.33","1.91","1.47","0","0.68","1.26","0.22","0.61","0.24","0.22","0","0.5","0","0.83","-21.6","2.3","-50.8","-79.1","152.8","158","116.1","124.3","-102.3","0","129.2","0","0","0","-84.5","0","97.2"
"1555351411368","04/15/19  18:03:31.368   ","7.66","-21.3","4.498","14","2.2","2.254","100","12.22","1.74","1.2","2.61","1.02","0.23","0.56","0.87","0","0.57","0","0","0","0.34","0","0.87","-20.9","-179.7","-53","109.1","149.7","-18.3","111.3","-50","-102.8","0","128.4","0","0","0","-87.8","0","94.2"
"1555351412183","04/15/19  18:03:32.183   ","7.74","-22.6","4.526","13.9","2.2","2.251","100","13.08","4.6","0.24","2.43","1.49","0.35","0.54","1.12","0","0.51","0","0.45","0","0.52","0","0.99","-21.1","-107.4","-59.1","18.7","160","42.7","55","26.6","-87","0","140.8","0","-118.6","0","-89.4","0","92.8"
"1555351413553","04/15/19  18:03:33.553   ","7.69","-21.6","4.513","13.3","2.2","2.216","100","15.23","5.57","0.39","2.29","1.72","0.34","0.6","1.47","0","0.62","0.2","0.37","0","0.5","0","1.14","-23.7","170.6","-51.8","109.3","149.3","-28.6","110.5","-65.2","-102.6","0","137.2","0","0","0","-65.2","0","92.2"
"1555351414402","04/15/19  18:03:34.402   ","6.61","-25.2","4.253","16.8","2.2","2.215","100","15.41","5.99","0.28","2.23","1.71","0.43","0.59","1.44","0","0.59","0.2","0.49","0","0.64","0","1.1","-23.1","-117.5","-63.9","58.5","172","35.4","74.5","20","-89.4","0","137.5","-59.1","-112.5","0","-89.4","0","99.2"
"1555351415817","04/15/19  18:03:35.817   ","6.51","-23.8","4.238","16.8","2.2","2.22","100","14.96","4.99","0.59","2.28","1.62","0.3","0.61","1.54","0","0.58","0.2","0.26","0","0.59","0","1.06","-22.6","-137.4","-67.6","101","167.7","23.5","103.7","-3","-96.1","0","139.6","-84.5","-111.2","0","-87.1","0","100.8"
"1555351416611","04/15/19  18:03:36.611   ","6.63","-24.2","4.227","16.8","2.2","2.215","100","15.11","5.51","0.4","2.26","1.67","0.32","0.57","1.55","0","0.55","0","0.37","0","0.63","0","1.04","-22.9","-128.4","-66.5","90.9","170.5","28.4","94.4","9.2","-94.8","0","140.7","0","-103.2","0","-88.6","0","92.5"
"1555351417372","04/15/19  18:03:37.372   ","6.5","-22.6","4.286","15.8","2.2","2.184","100","14.75","4.09","1.32","2.23","1.43","0.57","0.69","1.03","0","0.62","0","0","0","0.52","0","1.11","-23.9","9.2","-55.8","-81.3","161.5","166.8","118.8","133.6","-108.5","0","136.2","0","0","0","-83.9","0","97.4"
"1555351418201","04/15/19  18:03:38.201   ","6.65","-24.5","4.267","16.9","2.2","2.198","100","14.82","4.41","1.08","2.09","1.47","0.46","0.66","1.14","0","0.61","0.2","0","0","0.46","0","1.12","-23.7","19.9","-57.4","-85.9","164.7","177.5","118","141.5","-103.7","0","130.6","74.9","0","0","-85.9","0","98.7"
"1555351419391","04/15/19  18:03:39.391   ","6.57","-23.6","4.219","16.3","2.2","2.217","100","14.68","3.49","1.24","2.35","1.39","0.38","0.68","1.47","0","0.38","0.23","0","0","0.58","0","1","-24.9","137.6","-32.6","104.5","168.3","-87.4","58.2","-108.5","-90.3","0","134.4","157.4","-15.5","107","-53.6","0","97.1"
"1555351420210","04/15/19  18:03:40.210   ","6.61","-24.9","4.235","17","2.2","2.219","100","14.76","4.23","1","2.31","1.51","0.31","0.59","1.51","0","0.52","0.2","0","0","0.49","0","1.16","-22.6","-150","-68.6","106.7","165","13.8","112.5","-17.2","-101.5","0","144.6","-102.7","0","0","-92.6","0","102.3"
"1555351421380","04/15/19  18:03:41.380   ","6.5","-22.6","4.267","15.6","2","2.336","100","14.3","5.14","0.85","1.67","1.48","0.27","0.54","1.35","0","0.53","0","0","0","0.44","0","0.99","-27.3","31.7","-55.9","-87.7","165.5","-171.2","123.7","156.5","-101.8","0","131.4","0","0","0","-91.1","0","98.6"
"1555351422194","04/15/19  18:03:42.194   ","6.98","-27.2","4.287","15.6","2.2","2.389","100","14.4","5.09","0.67","1.85","1.39","0.75","0.54","1.34","0.2","0.78","0.29","0.29","0","0.66","0","0.91","-27.4","48","-54.2","-100.1","166.1","-158.4","0","-172.2","-100.2","-157","145.8","121.4","-146.3","0","-78.7","0","99"
"1555351423393","04/15/19  18:03:43.393   ","6.82","-27.7","4.228","15.2","2.2","2.344","100","14.47","5.77","0.39","2.06","1.55","0.31","0.54","1.36","0","0.61","0","0.31","0","0.62","0","0.98","-27.5","169.7","-50.6","110.7","146.6","-30.4","100","-62.9","-103.4","0","139.5","0","0","0","-63.1","0","91.8"
"1555351424203","04/15/19  18:03:44.203   ","6.52","-23.7","4.19","16.9","2.2","2.257","100","15.65","6.35","0.34","2.11","1.73","0.33","0.59","1.47","0","0.72","0","0.46","0","0.65","0","1.21","-23.7","-108.8","-61.6","4.1","168.7","39.6","61.8","24.6","-85.5","0","128.7","0","-114.8","0","-81.7","0","96.4"
"1555351425393","04/15/19  18:03:45.393   ","6.46","-24.9","4.247","15.9","2.1","2.302","100","15.54","5.68","0.47","1.7","1.54","0.54","0.79","1.79","0.3","0.77","0.34","0.25","0","0.53","0","0.99","-24","22.8","-57.9","-86.4","165.1","179.9","140.3","146.6","-100","0","129","0","0","0","-83.3","0","97"
"1555351426205","04/15/19  18:03:46.205   ","6.42","-23.3","4.227","15.4","2","2.332","100","15.26","4.87","0.82","2.07","1.51","0.65","0.57","1.6","0.21","0.57","0.29","0.36","0.2","0.47","0","1.04","-25.6","115.5","-33.3","95","166.5","-118.4","4.5","-128.9","-93.3","-174.7","159.8","141.9","-58.6","72.7","-63.1","0","91"
"1555351427623","04/15/19  18:03:47.623   ","6.5","-25.6","4.187","17.2","2","2.317","100","15.43","4.2","1.26","1.87","1.41","0.64","0.51","1.36","0","0.74","0.3","0","0.25","0.49","0","1.07","-24.4","63.5","-53.4","-153.9","167.3","-144.6","22.4","-154.1","-94.2","-145.4","143.9","144.8","-137.8","0","-87.8","0","92.8"
"1555351428205","04/15/19  18:03:48.205   ","6.49","-25.7","4.176","16.6","2.1","2.216","100","15.18","3.98","1.48","2.04","1.25","0.76","0.68","0.73","0","0.6","0","0.24","0","0.61","0","1.16","-25.1","-16.9","-50.3","-72.7","157.7","135.7","120.8","107","-89.4","0","121.2","0","-29","0","-79.3","0","99.9"
"1555351429380","04/15/19  18:03:49.380   ","6.4","-24.1","4.148","16.9","2.2","2.232","100","14.64","3.19","1.37","2.34","1.33","0.42","0.7","1.13","0","0.7","0.21","0","0","0.56","0","1.04","-23.3","-170.1","-63.8","106.6","158.9","-8.7","104.5","-38.1","-102.8","0","145.2","-121.8","0","0","-87.2","0","95.8"
"1555351430201","04/15/19  18:03:50.201   ","6.49","-24.9","4.143","16.9","2.2","2.227","100","15.23","6.3","0.92","2.82","1.36","0.58","0.53","1.13","0.2","0.51","0","0.48","0.2","0.72","0","0.97","-23","-134.9","-67.3","102.6","171.4","24","104.3","1.4","-95.3","0","149.2","-69.1","0","0","-87.1","0","105.1"
"1555351431386","04/15/19  18:03:51.386   ","6.48","-24.5","4.197","15.6","2.1","2.309","100","15.7","5.9","0.48","1.5","1.56","0.42","0.71","1.71","0.26","0.71","0.31","0.31","0","0.52","0","1.11","-24.2","13.4","-57.1","-82.4","166","172.5","128.8","143.1","-104.9","0","131.4","0","0","0","-85","0","104.7"
"1555351432202","04/15/19  18:03:52.202   ","6.37","-23.7","4.189","15.4","2","2.325","100","14.73","2.78","1.44","2.32","1.23","0.43","0.7","1.13","0","0.61","0","0","0","0.5","0","1.01","-25.9","118.9","-32.5","98.4","168.2","-115.6","11.5","-121.7","-88","0","144.3","159.6","0","0","-76.8","0","91.6"
"1555351433360","04/15/19  18:03:53.360   ","6.4","-24.9","4.161","16.7","2.1","2.199","100","15.42","4.4","1.39","1.83","1.1","0.91","0.57","0.73","0","0.64","0.21","0.4","0","0.74","0","1.03","-25.5","-27.1","-48.7","-69.4","166.5","120.4","113.6","93.3","-84.3","0","117.7","8.3","-29","0","-73.2","0","94.5"
"1555351434181","04/15/19  18:03:54.181   ","6.48","-25.5","4.148","16.1","2.2","2.23","100","15.69","5.92","0.49","1.56","1.51","0.44","0.67","1.69","0.29","0.69","0.29","0.32","0","0.5","0","1.15","-25.2","78.3","-49.7","171.1","153","-134","-1.1","-146.1","-90.2","-143.1","142.1","164.1","-137.5","0","-88.4","0","91.4"
"1555351435752","04/15/19  18:03:55.752   ","6.47","-26","4.114","16.9","2.1","2.221","100","15.02","3.99","1.54","2.16","1.33","0.68","0.73","0.94","0","0.54","0","0.39","0","0.59","0","1.1","-25.7","-65.5","-48.3","-57.9","177.9","62.9","51.2","40","-83.3","0","116.4","0","-62.2","0","-86.9","0","108.4"
"1555351436188","04/15/19  18:03:56.188   ","6.34","-24.4","4.093","16.7","2.1","2.243","100","15.17","4.05","1.55","2.1","1.28","0.78","0.67","0.82","0","0.62","0","0.29","0","0.56","0","1.02","-25.2","-12.9","-50.8","-72.2","159","140.9","120.2","113.1","-106","0","119.4","0","-15.7","0","-78.1","0","98"
"1555351437646","04/15/19  18:03:57.646   ","6.47","-25.1","4.108","16.6","2.1","2.221","100","15.3","4.35","1.39","1.76","1.11","0.92","0.57","0.75","0","0.66","0.24","0.39","0","0.7","0","1.1","-25.3","-89.9","-56.3","-29.3","164.7","49.8","21.1","26.8","-84.5","0","136","0","-72.4","0","-77.7","0","104.5"
"1555351438185","04/15/19  18:03:58.185   ","7.07","-29.6","4.091","20.1","2.2","2.35","100","14.38","6.87","0.67","1.97","1.65","0.49","0.53","1.33","0","0.64","0","0.44","0","0.67","0","0.96","-29","-94.4","-56.4","-25.9","163.6","48.4","23.3","21.5","-87","0","131.4","0","-89","0","-92.7","0","98"
"1555351439174","04/15/19  18:03:59.174   ","6.75","-29.6","4.112","16.4","2.2","2.332","100","13.86","4.03","1.18","2.02","1.35","0.39","0.57","1.22","0","0.66","0","0","0","0.51","0","0.95","-27.3","-160.4","-63.2","105.1","160.6","0.3","99.9","-28.2","-102.5","0","134.8","0","0","0","-96","0","97.5"
"1555351440172","04/15/19  18:04:00.172   ","6.74","-28.2","4.129","16.4","2.2","2.37","100","13.77","3.85","1.21","2.09","1.3","0.41","0.58","1.23","0","0.54","0","0","0","0.47","0","1","-27.2","-164.3","-60.6","106.5","159.6","-2.2","103.9","-30.1","-101.4","0","139.2","0","0","0","-87.2","0","98.3"
"1555351441179","04/15/19  18:04:01.179   ","6.24","-24.5","4.102","15.5","2","2.283","100","15.34","3.78","1.36","1.63","1.33","0.75","0.54","1.24","0","0.65","0.34","0.23","0.2","0.52","0","1.15","-25.8","137.9","-36.2","111.7","163.8","-84.9","67.1","-102","-88.3","0","136","169.2","-48.5","138.9","-75.3","0","89.9"
"1555351442177","04/15/19  18:04:02.177   ","6.23","-23.5","4.096","15.4","2","2.321","100","15.32","3.69","1.34","1.62","1.35","0.75","0.54","1.19","0","0.65","0.34","0","0","0.54","0","1.07","-25.9","138.5","-35.9","111.5","164.3","-81.4","68.8","-102.9","-85.7","0","136","174","0","0","-82.1","0","94.6"
"1555351443370","04/15/19  18:04:03.370   ","6.35","-25.9","4.068","17","2.1","2.204","100","15.58","4.79","1.21","1.8","1.03","0.94","0.49","0.98","0","0.6","0.23","0.46","0","0.75","0","1.07","-26.2","-38.8","-46.9","-65.6","-179.3","100.2","96.4","78.2","-79.4","0","122.2","-28.4","-39.2","0","-78.7","0","104.9"
"1555351444240","04/15/19  18:04:04.240   ","6.36","-25.5","4.043","16.9","2.1","2.179","100","14.89","4.7","1.06","1.93","1.51","0.45","0.61","1.46","0","0.56","0","0","0","0.5","0","1.14","-24.4","24.6","-57.9","-88","168.7","-179.3","135.1","149.5","-104.3","0","139.2","0","0","0","-86.8","0","99"
"1555351445371","04/15/19  18:04:05.371   ","6.35","-25.9","4.038","16.2","2","2.255","100","14.93","6.73","0.76","2.56","1.61","0.47","0.52","1.44","0","0.65","0","0.47","0","0.64","0","1.22","-25.5","-87.6","-56","-29.3","163.9","52","11.7","25.7","-76.8","0","133.7","0","-107","0","-85.9","0","101.6"
"1555351446181","04/15/19  18:04:06.181   ","6.37","-26.2","4.034","16.4","2.1","2.181","100","15.17","5.37","0.64","1.76","1.63","0","0.6","1.53","0.21","0.59","0","0","0","0.5","0","1.2","-24.5","43.1","-57.9","-95.7","170.9","-163.1","0","175.1","-97.1","-154.8","134.5","0","0","0","-91.4","0","99.3"
"1555351447363","04/15/19  18:04:07.363   ","6.28","-26.3","4.008","15.8","2","2.257","100","15.21","6","0.28","2.1","1.66","0.33","0.53","1.59","0","0.53","0","0","0","0.58","0","1.09","-23.8","-122.8","-65.6","74.2","175.5","28.3","84.4","10.6","-91.9","0","125.4","0","0","0","-99.1","0","102.6"
"1555351448178","04/15/19  18:04:08.178   ","6.29","-25.1","4.006","16.9","2.1","2.19","100","14.77","4.21","1.35","2.15","1.39","0.63","0.69","0.98","0","0.69","0","0.22","0","0.78","0","1.04","-24.8","7.3","-55.9","-81.8","163.3","164.9","126","131.3","-99.9","0","127.2","0","-91","0","-85.2","0","95.3"
"1555351449366","04/15/19  18:04:09.366   ","6.2","-24.5","3.991","16.3","2","2.201","100","15.05","6.64","0.67","2.21","1.7","0.39","0.53","1.43","0","0.6","0","0.43","0","0.62","0","1.21","-23.6","-151.6","-67.5","104","165.8","9.3","124.7","-21.5","-99.6","0","127.7","0","0","0","-83.2","0","103.3"
"1555351450192","04/15/19  18:04:10.192   ","6.2","-24.7","3.98","16.4","2","2.213","100","14.96","4.09","1.45","2.02","1.29","0.74","0.66","0.76","0","0.56","0.36","0.21","0.26","0.76","0","0.98","-25.7","-17.4","-50.2","-75.7","159","131.6","124.3","99","-85.6","0","127.2","39","-50.4","-2.5","-75.6","0","100.4"
"1555351451365","04/15/19  18:04:11.365   ","6.16","-24.9","3.979","16.8","2.1","2.204","100","14.33","3.29","1.33","2.35","1.22","0.47","0.65","1.06","0","0.56","0","0","0.25","0.5","0","0.98","-24.1","-171.8","-62.4","105.6","159.9","-12.9","100.6","-35.3","-96.9","0","137","0","0","36","-81.6","0","90.8"
"1555351452182","04/15/19  18:04:12.182   ","6.19","-24.6","3.969","15.9","2","2.239","100","15.18","4.6","1.26","1.74","1.06","1","0.54","0.66","0","0.6","0","0.32","0.26","0.54","0","1.08","-26.3","-32.6","-48","-67.1","171.4","110","102.9","85.4","-68.3","0","103.3","0","-40.6","83.6","-82.9","0","102.7"
"1555351453366","04/15/19  18:04:13.366   ","6.15","-23.9","3.96","16.8","2.1","2.195","100","14.31","3","1.33","2.26","1.22","0.45","0.66","1.01","0","0.52","0.35","0","0.34","0.49","0","1.09","-24.6","176.1","-55.7","106","154.8","-28.7","109","-52.2","-98.1","0","122.4","167.7","0","76","-66.3","0","90.5"
"1555351454186","04/15/19  18:04:14.186   ","6.15","-24.9","3.957","15.8","2.1","2.243","100","15.51","5","1.2","1.83","1.05","1.05","0.52","1.04","0","0.51","0","0.35","0.29","0.8","0","1.08","-26.5","-41.7","-47.5","-70.4","-178.7","94.9","92.7","71.2","-68.9","0","94.4","0","-64","32.3","-79.9","0","95.9"
"1555351455403","04/15/19  18:04:15.403   ","6.52","-29.8","3.982","15.9","2","2.344","100","13.54","3.42","1.26","1.85","1.18","0.45","0.66","1.03","0","0.59","0","0.23","0","0.4","0","1.13","-30.4","114.5","-35.9","96.9","169.1","-122.3","4.4","-130.1","-88.4","-176.1","146.6","141.2","-89.6","0","-62.9","0","89.5"
"1555351456184","04/15/19  18:04:16.184   ","6.43","-28.6","3.973","14.8","2","2.366","100","14.67","5.38","1.07","1.65","1","0.98","0.43","0.99","0","0.5","0","0.43","0","0.65","0","1.07","-30.1","-44.7","-45.7","-67.9","-175.8","89.4","83.9","64.1","-77.2","0","118.4","0","-51.1","0","-82.5","0","98.7"
"1555351457382","04/15/19  18:04:17.382   ","6.5","-29.5","3.963","15.9","2.1","2.322","100","14.81","3.07","1.47","1.99","1.29","0.34","0.71","1.05","0","0.84","0.2","0.22","0","0.39","0","1.04","-27.8","168.2","-50","99.9","144.6","-33.5","82.6","-65.8","-95.3","0","129.7","179.3","74.3","0","-70.2","0","92.7"
"1555351458322","04/15/19  18:04:18.322   ","6.2","-24.9","3.93","16.4","2.1","2.198","100","14.37","3.91","1.19","2.25","1.39","0.37","0.62","1.27","0","0.62","0","0","0","0.54","0","1.07","-23.9","-158.8","-66.6","104.2","164.8","0.2","111.4","-29.1","-94.2","0","130.1","0","0","0","-87.6","0","96.9"
"1555351459377","04/15/19  18:04:19.377   ","6.18","-25.8","3.926","16.6","2","2.195","100","14.34","3.08","1.37","2.17","1.24","0.55","0.68","1.19","0","0.59","0.2","0.25","0","0.55","0","1.2","-24.6","176.7","-56.3","105.6","156.4","-27.3","116.1","-54.2","-102.2","0","140","-140.9","-8.8","0","-67.4","0","96.2"
"1555351460182","04/15/19  18:04:20.182   ","6.1","-24.7","3.92","15.7","1.9","2.226","100","15.04","4.72","1.16","1.62","1.13","1.1","0.5","0.98","0","0.51","0.2","0.37","0","0.66","0","1.12","-26.3","-33.6","-49","-70.1","173.2","106.8","106.4","74.3","-81.5","0","115.9","-29.5","-35.3","0","-92.4","0","106.5"
"1555351461438","04/15/19  18:04:21.438   ","6.19","-25.3","3.934","16.8","2","2.228","100","14.23","3.39","1.36","2.19","1.31","0.48","0.64","1.34","0","0.56","0","0","0","0.5","0","1.17","-26.2","135.5","-35.2","105.2","172.1","-91.3","72","-114.5","-88.2","0","123.4","145.1","0","0","-81.6","0","97.5"
"1555351462190","04/15/19  18:04:22.190   ","6.12","-24.8","3.924","16","1.9","2.212","100","14.65","4.25","1.37","1.98","1.23","0.79","0.6","0.84","0","0.71","0","0.3","0","0.64","0","1.26","-26","-20.3","-50","-72.6","158.1","125.8","117.5","97.4","-84.3","0","121.8","0","-50.8","0","-80.4","0","100"
"1555351463372","04/15/19  18:04:23.372   ","6.17","-24.9","3.912","16.1","2","2.185","100","14.37","4.37","1.05","2.31","1.43","0.33","0.62","1.38","0","0.73","0","0","0","0.54","0","1.15","-23.9","-151.7","-66.8","101.7","166.3","7.4","111.2","-20.8","-96.3","0","133.9","0","0","0","-86.3","0","98.7"
"1555351464417","04/15/19  18:04:24.417   ","6.12","-24.8","3.942","16.7","2","2.223","100","14.23","3.41","1.26","2.34","1.33","0.34","0.65","1.24","0","0.71","0","0","0","0.5","0","1.13","-24.1","-168.2","-62.8","103.9","162.4","-11.2","106.9","-37.4","-97.8","0","131.3","0","0","0","-81.3","0","99.5"
"1555351465355","04/15/19  18:04:25.355   ","6.11","-26.4","3.906","15.5","1.9","2.234","100","14.71","6.26","0.8","2.94","1.34","0.68","0.54","1.27","0","0.52","0","0.3","0.22","0.54","0","1.18","-24.1","-127.4","-66.1","89.6","174.5","26.5","76.4","2.3","-88.6","0","126.7","0","-128.4","0","-92","0","96.9"
"1555351466181","04/15/19  18:04:26.181   ","6.05","-25.9","3.903","16.6","1.9","2.157","100","14.5","4.91","0.97","1.96","1.51","0.39","0.61","1.35","0","0.61","0","0","0","0.53","0","1.05","-24.8","28.3","-58.5","-88.6","168.8","-175.6","123.9","150","-101.6","0","134.4","0","0","0","-87.5","0","96.7"
"1555351467371","04/15/19  18:04:27.371   ","6.15","-25.6","3.893","15.4","2","2.239","100","14.85","6.59","0.53","2.21","1.78","0.38","0.59","1.54","0","0.66","0","0.36","0","0.57","0","1.22","-25.6","-98.6","-59.1","-25.7","163.1","44.9","18.8","22.4","-82.5","0","123.3","0","-89.4","0","-91.5","0","99.2"
"1555351468175","04/15/19  18:04:28.175   ","6.18","-24.9","3.911","16","2","2.173","100","15.1","6.03","0.28","1.54","1.7","0","0.69","1.67","0.24","0.78","0.23","0.23","0","0.59","0","1.17","-25.3","62.7","-54.3","-136.6","173.9","-145.3","0","-160.3","-96.8","-163.7","132.9","124.7","-122.9","0","-83.3","0","99.8"
"1555351469358","04/15/19  18:04:29.358   ","6.15","-25.4","3.891","16.4","2","2.202","100","15.24","5.76","0.94","2.51","1.12","0.9","0.52","1.22","0","0.49","0.26","0.31","0","0.58","0","1.22","-26.6","-57","-46.7","-69.9","-177.4","69.5","62.3","41.8","-73.7","0","117.4","-67.4","-58.9","0","-97.3","0","99.6"
"1555351470211","04/15/19  18:04:30.211   ","6.15","-25.6","3.904","16","1.9","2.188","100","14.53","5.71","0.41","2.2","1.52","0.85","0.5","1.44","0","1.01","0.2","0","0","0.53","0","1.08","-25","47.7","-57","-94.6","174","-160.5","53.9","179","-101.3","0","137.9","0","-126.6","0","-75.4","0","92.5"
"1555351471375","04/15/19  18:04:31.375   ","6.12","-25.9","3.882","16.1","1.9","2.159","100","14.5","4.1","1.36","2.13","1.31","0.69","0.57","0.81","0","0.69","0","0.2","0","0.51","0","1.17","-26","-14.1","-51.2","-75.7","159.1","133","112.1","108.6","-90","0","120","0","-31.1","0","-77.7","0","100.7"
"1555351472177","04/15/19  18:04:32.177   ","6.34","-29.7","3.928","14.6","1.9","2.387","100","13.63","3.94","1.07","1.4","1.28","0.64","0.55","0.88","0","0.83","0","0.24","0","0.56","0","0.98","-30","153","-44","113.9","153.4","-58.9","93.2","-95.9","-94.8","0","126.2","0","4.3","0","-68.4","0","95.5"
"1555351473491","04/15/19  18:04:33.491   ","6.5","-29.9","3.905","15.5","1.9","2.303","100","13.72","4.58","1.33","1.79","1.21","0.79","0.59","0.73","0","0.63","0","0","0","0.54","0","1.14","-30.4","-74","-49.6","-51.8","169.9","58.7","29.1","-19.5","-76.1","0","131.4","0","-90.1","-169.2","-100.2","0","99.6"
"1555351474183","04/15/19  18:04:34.183   ","6.35","-29.4","3.908","15.9","1.9","2.314","100","13.34","4.36","1.07","2","1.3","0.35","0.53","1.3","0","0.58","0","0","0","0.61","0","1.07","-28","-157.2","-61","105.2","165.2","2.3","94","-30.6","-98.4","0","143.7","0","0","0","-79.6","0","98.3"
"1555351475361","04/15/19  18:04:35.361   ","6.07","-25.6","3.882","15.2","1.8","2.28","100","14.67","6.01","0.43","1.93","1.54","0.7","0.65","1.66","0.21","0.91","0.23","0","0","0.55","0","1.07","-26.5","92.4","-45.6","156.1","157.9","-130.5","-25.1","-152.2","-88.6","-161.5","145.4","150.8","0","0","-85.3","0","98.3"
"1555351476179","04/15/19  18:04:36.179   ","6.06","-26.8","3.845","16.2","2","2.186","100","14.73","6.67","0.48","2.04","1.79","0.4","0.58","1.46","0","0.68","0","0.33","0","0.58","0","1.27","-25.7","-101.8","-59.2","-15","165.9","41.6","28.1","18.8","-85","0","135.3","0","-118.9","0","-97.8","0","105.5"
"1555351477592","04/15/19  18:04:37.592   ","6.06","-26.1","3.872","16","1.9","2.147","100","14.57","5.55","0.64","1.75","1.63","0.26","0.58","1.49","0.21","0.8","0","0.21","0","0.64","0","1","-26","-12.9","-51.3","-76.2","159.1","134.1","109.6","105.9","-95.7","0","138.7","0","-44.8","0","-73.2","0","95.2"
"1555351478185","04/15/19  18:04:38.185   ","6.03","-25.2","3.832","15.4","1.9","2.233","100","14.89","4.91","1.15","1.63","1.15","1.22","0.48","0.76","0","0.75","0","0.45","0","0.88","0","1.17","-26.8","-35.9","-48.8","-69.5","177.4","101.9","95.3","67.9","-75.5","0","138.2","0","-91.1","0","-88.1","0","96.3"
