"DoubleTime","StringTime","I1 Mag","I1 Ang","kW","I1 THD","I1 TDD","kvar","I1 %HD01","I1 %HD02","I1 %HD03","I1 %HD04","I1 %HD05","I1 %HD06","I1 %HD07","I1 %HD08","I1 %HD09","I1 %HD10","I1 %HD11","I1 %HD12","I1 %HD13","I1 %HD14","I1 %HD15","I1 %HD16","I1 %HD17","I1 H01 ANG","I1 H02 ANG","I1 H03 ANG","I1 H04 ANG","I1 H05 ANG","I1 H06 ANG","I1 H07 ANG","I1 H08 ANG","I1 H09 ANG","I1 H10 ANG","I1 H11 ANG","I1 H12 ANG","I1 H13 ANG","I1 H14 ANG","I1 H15 ANG","V1 Ang","I1 H17 ANG"
"0","                         ","33808","35856","15","5388","6924","271","28","284","540","796","1052","1308","1564","1820","2076","2332","2588","2844","3100","3356","3612","3868","4124","104","360","616","872","1128","1384","1640","1896","2152","2408","2664","2920","3176","3432","3688","34832","4200"
"1558523434335","05/22/19  11:10:34.335   ","6.44","-23.3","2.912","10.8","1.4","1.761","100","9.19","4.48","0.46","1.49","1.32","0.35","0.43","2.19","0","0.38","0","0.25","0","0","0","0.8","-22.5","54.5","-51.1","-117","169.4","-155.9","111.5","-176.4","-80.5","0","110.9","0","173.7","0","-84.5","0","93"
"1558523435483","05/22/19  11:10:35.483   ","6.4","-23.7","2.923","10.5","1.4","1.736","100","9.96","4.19","0.42","1.34","1.04","0.61","0.4","2.19","0","0.36","0","0.43","0","0","0","0.79","-22.8","-139.3","-47.6","82.6","163.3","11.4","112.7","-2","-78.2","0","129.9","0","172.4","0","0","0","90.2"
"1558523436341","05/22/19  11:10:36.341   ","6.36","-23.7","2.904","11.3","1.4","1.768","100","9.44","3.45","0.92","1.43","0.72","0.65","0.37","2","0","0.39","0","0.3","0","0","0","0.87","-24.1","150.1","-36.8","117.7","-168.4","-95","80","-127.6","-73.5","0","111.3","139.2","0","0","-79.7","0","96.3"
"1558523437462","05/22/19  11:10:37.462   ","6.4","-24","2.934","10.6","1.4","1.803","100","9.26","2.93","1.01","1.26","0.68","0.99","0.34","1.87","0","0.38","0","0.23","0","0","0","0.91","-24.2","-49.5","-28","-91.6","169.6","44.2","64.4","20.2","-76.3","0","117.7","0","0","0","0","0","88.5"
"1558523438340","05/22/19  11:10:38.340   ","6.46","-23.4","2.92","10.7","1.4","1.75","100","9.83","4.26","0.49","1.4","1.06","0.63","0.51","2.14","0","0.34","0","0.28","0","0","0","0.82","-22.8","-132.5","-46.5","65.1","165.9","15.7","105.9","-6.1","-82","0","107.4","0","164.7","0","0","0","101.8"
"1558523439468","05/22/19  11:10:39.468   ","6.43","-23.9","2.92","10.3","1.3","1.741","100","9.63","4.68","0.47","1.42","1.18","0.59","0.47","2.19","0","0.31","0","0.36","0","0","0","0.76","-22.4","27.5","-52.5","-80.9","167.2","-176.2","112.1","164.5","-80.7","0","116.6","0","147.5","0","-103.6","0","90.2"
"1558523440344","05/22/19  11:10:40.344   ","6.35","-22.8","2.939","10.6","1.4","1.8","100","9.21","2.91","1.02","1.41","0.63","0.92","0.35","1.92","0","0.36","0","0.33","0","0","0","0.72","-24.2","-45.5","-29.7","-84.3","171.5","51.2","65.4","4.2","-76","0","102.6","0","155.8","0","-129.4","0","89"
"1558523441466","05/22/19  11:10:41.466   ","6.39","-22.9","2.921","10.6","1.4","1.792","100","9.57","3.38","0.88","0.87","0.49","0.94","0.25","2","0","0.29","0","0","0","0.26","0","0.69","-24.1","110.5","-38.1","135.2","156.1","-137.3","42.8","-175.2","-75.9","0","121.6","0","171.3","0","-82.3","0","99.3"
"1558523442303","05/22/19  11:10:42.303   ","6.47","-23.8","2.927","10.4","1.3","1.75","100","9.73","4.63","0.52","1.45","1.21","0.59","0.47","2.2","0","0.29","0","0.28","0","0.23","0","0.82","-22.4","28.2","-52.1","-85.4","165","-172.5","121","161.6","-82.7","0","117.2","0","148.9","0","-83.6","0","94"
"1558523443473","05/22/19  11:10:43.473   ","6.48","-24.1","2.931","11","1.4","1.718","100","9.6","3.57","0.86","1.47","0.76","0.66","0.33","1.96","0","0.4","0","0.35","0","0.23","0","0.81","-22.9","-169.8","-44.6","116.5","153.7","-17.5","111.5","-46.8","-81","0","109.3","0","154.4","0","-94.4","0","92.8"
"1558523444392","05/22/19  11:10:44.392   ","6.76","-26.7","2.956","10.3","1.4","1.922","100","8.39","4.66","0.47","1.54","1.18","0.4","0.36","1.99","0","0.39","0","0.29","0","0","0","0.61","-26.6","65.5","-47.9","-134.1","169.9","-148.6","99.6","-163.1","-78.9","0","97.7","0","156.7","0","0","0","103.1"
"1558523445457","05/22/19  11:10:45.457   ","6.69","-26.3","2.983","9.9","1.3","1.939","100","9.03","3.68","0.85","1.48","0.75","0.67","0.25","1.87","0","0.21","0","0","0","0.21","0","0.79","-27.2","-94.6","-39.3","-4.8","157.6","40","101.3","24.2","-79","0","102.7","0","171.3","0","-86.5","0","98.8"
"1558523446340","05/22/19  11:10:46.340   ","6.8","-25.6","2.929","10.8","1.4","1.719","100","9.92","4.22","0.43","1.28","1.11","0.65","0.34","2.22","0","0.29","0","0.32","0","0.22","0","0.83","-23","-177.3","-43.5","119.1","152.1","-36.5","121.1","-52.4","-78.4","0","125.6","0","0","0","-67.2","0","95.1"
"1558523447465","05/22/19  11:10:47.465   ","6.45","-23.6","2.938","11.3","1.4","1.769","100","9.49","3.24","0.87","1.8","0.85","0.67","0.38","1.95","0","0.35","0","0.3","0","0","0","0.83","-23.6","-20.5","-44.7","-53.9","158.1","119.1","107.4","0","-75","0","120.6","0","0","0","-74.9","0","92.6"
"1558523448338","05/22/19  11:10:48.338   ","6.46","-22.5","2.947","10.4","1.3","1.8","100","9.08","3.59","0.38","1.93","1.08","0.44","0.35","2.07","0","0.29","0","0.26","0","0.21","0","0.76","-23.2","-108.1","-42.6","28.6","165.4","30.1","100.1","15.1","-78","0","123.4","0","174.7","0","-79.8","0","102"
"1558523449456","05/22/19  11:10:49.456   ","6.41","-22.6","2.936","10.7","1.4","1.742","100","9.77","4.73","0.45","1.36","1.24","0.59","0.48","2.14","0","0.27","0.2","0.31","0","0","0","0.83","-22.3","41.4","-54.3","-97.2","168.7","-162.9","120.4","172.4","-84.1","0","106.6","0","157.9","0","0","0","95.7"
"1558523450336","05/22/19  11:10:50.336   ","6.38","-22.9","2.959","11","1.4","1.788","100","9.3","2.92","0.98","1.68","0.69","0.87","0.35","1.82","0","0.33","0","0","0","0","0","0.81","-23.9","-37.5","-32.2","-72.8","176.2","63.1","82.8","39.4","-78.5","0","97.9","0","0","0","0","0","102.1"
"1558523451455","05/22/19  11:10:51.455   ","6.41","-23.7","2.945","10.8","1.4","1.787","100","9.86","3.37","0.89","0.89","0.51","0.95","0.29","1.98","0","0.26","0","0","0","0.26","0","0.65","-23.8","106.5","-40.4","150","152","-137.1","54.5","-156.9","-74.8","0","104.5","0","164.1","0","0","0","98.8"
"1558523452335","05/22/19  11:10:52.335   ","6.47","-23.9","2.952","10.6","1.4","1.738","100","9.62","4.54","0.45","1.51","1.19","0.65","0.43","2.21","0","0.4","0","0.37","0","0","0","0.84","-22.4","18","-53.2","-77","161.4","176.8","118.9","152","-84.5","0","110.1","0","138.9","0","0","0","87.4"
"1558523453456","05/22/19  11:10:53.456   ","6.51","-23.6","2.963","11.5","1.5","1.729","100","9.9","3.85","0.58","1.38","0.98","0.65","0.38","2.1","0","0","0","0.28","0","0","0","0.68","-23.2","170.1","-42.2","123.6","150.6","-57.6","124.5","-75.6","-78.3","0","112.2","0","0","0","-57.1","0","99.2"
"1558523454344","05/22/19  11:10:54.344   ","6.44","-23.6","2.947","10.5","1.4","1.801","100","9.08","4.1","0.58","1.77","0.91","0.48","0.37","2.08","0","0.21","0","0.26","0","0","0","0.8","-22.9","76.5","-45.6","-151.3","171","-144.5","105.7","-152.1","-80.8","0","99.2","146","-177","0","-92.5","0","92.9"
"1558523455472","05/22/19  11:10:55.472   ","6.44","-23.2","2.964","10.7","1.4","1.729","100","9.95","4.25","0.46","1.41","1.1","0.61","0.53","2.08","0","0.33","0","0.28","0","0.25","0","0.74","-22.7","-136","-45.6","72.7","164.2","14.2","108.6","-11.8","-81.9","0","104.5","0","157.5","0","0","0","96.1"
"1558523456336","05/22/19  11:10:56.336   ","6.4","-23.3","2.952","11.3","1.5","1.776","100","9.65","3.41","1.07","1.33","0.64","0.75","0.35","1.83","0","0.33","0","0.28","0","0","0","0.7","-23.8","139.3","-31.3","111.9","-173.3","-111.2","68.7","-142.6","-75.3","0","0","0","169.2","0","-81","0","100.4"
"1558523457471","05/22/19  11:10:57.471   ","6.4","-23.1","2.995","10.4","1.3","1.834","100","9.95","2.81","1.08","1.3","0.65","0.85","0.2","1.95","0","0.26","0","0","0","0.2","0","0.87","-24.1","-80.8","-38.3","-17.6","148.4","36.8","88.5","20.6","-73.6","0","115.7","0","0","0","-70.6","0","100.8"
"1558523458340","05/22/19  11:10:58.340   ","6.51","-24.1","2.962","11.3","1.5","1.734","100","10.19","4.32","0.42","1.33","1.19","0.57","0.39","2.13","0","0.24","0","0.28","0","0.2","0","0.81","-23","-171.5","-43.2","120.9","152","-20.3","118.1","-56.3","-81","0","113.3","0","0","0","-76.3","0","107.4"
"1558523459488","05/22/19  11:10:59.488   ","6.83","-27.5","2.999","11","1.5","1.92","100","9.2","3.27","0.98","0.83","0.67","0.9","0.21","1.71","0","0.4","0","0","0","0.25","0","0.62","-27.5","-22.4","-43.2","-53","159.7","116.6","100.9","94.1","-72.1","0","125.3","0","0","0","-61.5","0","101.6"
"1558523460340","05/22/19  11:11:00.340   ","6.84","-26.5","3.012","10.3","1.4","1.909","100","8.98","4","0.49","1.55","1.05","0.42","0.38","1.89","0","0.35","0","0","0","0.25","0","0.71","-26.8","-119.1","-42.6","46.1","161.7","24.1","99.9","5.6","-78.9","0","107.5","0","175.4","0","0","0","101.3"
"1558523461485","05/22/19  11:11:01.485   ","6.84","-27.4","3.002","10.2","1.4","1.756","100","9.62","3.41","0.73","1.78","0.9","0.7","0.38","1.91","0.2","0.34","0","0.3","0","0","0","0.79","-22.4","24.2","-53.5","-77.2","164.7","-176.2","120.1","152.2","-81.8","-138.6","119.8","0","143.5","0","0","0","98.2"
"1558523462343","05/22/19  11:11:02.343   ","6.43","-22.6","2.997","10.6","1.4","1.83","100","9.79","2.93","1.03","1.13","0.7","1.03","0.26","1.75","0","0.43","0","0.2","0","0","0","0.78","-24.3","-66.5","-34.8","-62.8","152.4","38.8","62.7","10.6","-69.8","0","122.2","0","168.2","0","-72.3","0","103.8"
"1558523463458","05/22/19  11:11:03.458   ","6.43","-23.1","2.979","10.8","1.4","1.815","100","9.01","4.23","0.62","1.8","1.03","0.43","0.41","2.11","0","0.26","0","0","0","0.26","0","0.64","-23","72.6","-47.4","-153.2","169.8","-145.4","107.6","-160","-77.7","0","117.3","0","-165.7","0","-90.1","0","97.2"
"1558523464339","05/22/19  11:11:04.339   ","6.49","-23.9","3.001","11.3","1.5","1.785","100","9.49","3.36","0.78","1.77","0.9","0.66","0.46","2.02","0","0.33","0","0.3","0","0","0","0.83","-23.6","-16.9","-45.7","-55.9","152.9","130.3","112.9","91.2","-73.5","0","119.3","0","158.9","0","-81.1","0","84.4"
"1558523465457","05/22/19  11:11:05.457   ","6.51","-24.3","2.991","11.1","1.4","1.804","100","9.8","3.39","1.04","0.84","0.53","0.92","0.32","1.94","0","0.21","0","0","0","0.24","0","0.84","-23.9","122","-35.6","116.9","162.5","-131.3","54.9","-173.6","-71.3","0","132.1","0","-165","0","-66.5","0","93.6"
"1558523466345","05/22/19  11:11:06.345   ","6.54","-24","2.995","10.7","1.4","1.76","100","9.93","4.59","0.49","1.53","1.24","0.66","0.43","2.2","0","0.37","0","0.34","0","0","0","0.89","-22.4","21.5","-53.8","-81","161.6","-178","116.6","140.6","-81.8","0","100.4","0","154.4","0","0","0","91.8"
"1558523467466","05/22/19  11:11:07.466   ","6.56","-23.9","2.995","11.6","1.5","1.764","100","9.94","3.79","0.75","1.49","0.86","0.58","0.33","2.04","0","0.4","0","0.39","0","0","0","0.89","-23.6","163.2","-43.3","122.9","157.3","-64","109.4","-97.7","-71.6","0","107.7","0","146.4","0","0","0","100.9"
"1558523468347","05/22/19  11:11:08.347   ","6.52","-23","2.988","11","1.4","1.79","100","9.34","4.36","0.49","1.59","1.33","0.36","0.49","2.3","0","0.4","0","0.26","0","0.23","0","0.75","-22.5","59.4","-51.1","-130.7","167.4","-152.5","110.9","-166.7","-78.6","0","98.9","0","177.5","0","-122.1","0","87.2"
"1558523469471","05/22/19  11:11:09.471   ","6.56","-22.8","3.012","10.8","1.4","1.745","100","10.18","4.53","0.43","1.32","1.26","0.54","0.43","2.15","0","0.21","0","0.34","0","0.21","0","0.88","-22.8","-163.4","-46","115.6","155.7","-9.7","112.6","-42.7","-78","0","137.5","0","149.8","0","0","0","94.3"
"1558523470342","05/22/19  11:11:10.342   ","6.48","-22.7","2.996","10.9","1.4","1.821","100","10.18","3.51","0.83","1.19","0.62","0.73","0.3","2.06","0","0","0.21","0","0","0.25","0","0.83","-23.6","94.8","-42","-179.8","153.1","-137.5","85.5","-153.1","-72.1","0","125.1","0","-171.5","0","-81.1","0","102.8"
"1558523471483","05/22/19  11:11:11.483   ","6.49","-23.1","3.024","10.8","1.4","1.752","100","9.89","4.22","0.48","1.4","1.04","0.56","0.53","2.13","0","0.35","0","0.25","0","0.23","0","0.84","-22.8","-131.9","-47.4","68","163.1","17","106.6","-2.4","-79.4","0","118.3","0","-170.5","0","0","0","85.9"
"1558523472333","05/22/19  11:11:12.333   ","6.47","-23.1","3.01","11.2","1.5","1.796","100","9.78","3.39","1.11","1.16","0.58","0.82","0.32","1.79","0","0.31","0","0.21","0","0","0","0.89","-23.8","130.8","-31.1","107.9","174.3","-130.7","60.9","-167.6","-72.9","0","0","0","-155.9","0","0","0","99.4"
"1558523473473","05/22/19  11:11:13.473   ","6.47","-22.3","3.039","10.4","1.4","1.813","100","9.21","3.47","0.45","2.06","1.03","0.47","0.33","1.93","0","0.56","0","0.31","0","0.22","0","0.73","-23","-108.9","-42.8","27.5","165.2","33.8","98.2","21.4","-82.5","0","117.8","0","143.9","0","-97.6","0","101.4"
"1558523474338","05/22/19  11:11:14.338   ","6.51","-23.8","3.046","11.3","1.5","1.9","100","9.48","3.92","0.96","1.3","0.75","0.57","0.4","1.85","0","0.32","0","0.31","0","0","0","0.85","-27.6","152.5","-39.6","120.1","-169.7","-86.3","85.1","-117.5","-72.8","0","100.4","0","0","0","-70.1","0","96.1"
"1558523475520","05/22/19  11:11:15.520   ","6.83","-26.5","3.064","10.5","1.5","1.87","100","9.74","4.64","0.38","1.16","1.09","0.61","0.42","2.02","0","0.37","0","0.39","0","0","0","0.8","-26.4","-129.1","-45.6","62.8","161.2","18.5","99.9","5.8","-79.4","0","111.5","0","158.8","0","0","0","92.7"
"1558523476557","05/22/19  11:11:16.557   ","6.84","-26.2","3.051","10.4","1.5","1.89","100","9.47","4.98","0.43","1.22","1.19","0.58","0.47","2.11","0","0.27","0","0.25","0","0.24","0","0.79","-26.5","81.4","-43.9","-159","163.9","-141.4","104.2","-152.9","-74","0","106.4","0","175.8","0","-97.6","0","91.8"
"1558523477621","05/22/19  11:11:17.621   ","6.57","-22.4","3.052","10.6","1.4","1.746","100","10.38","4.56","0.46","1.36","1.2","0.58","0.45","2.2","0","0.28","0","0.31","0","0.28","0","0.75","-22.4","-154.1","-46.3","104.5","163.8","3","115.1","-30","-79.9","0","103","0","168.2","0","0","0","105.8"
"1558523478617","05/22/19  11:11:18.617   ","6.51","-22.9","3.031","11.1","1.5","1.759","100","9.89","4.36","0.46","1.59","1.28","0.63","0.38","2.11","0","0.33","0","0.36","0","0","0","0.83","-22.2","51.7","-53.3","-113.1","167.6","-156.4","112.2","-173.6","-80.9","0","111.3","0","161.4","0","0","0","87.3"
"1558523479635","05/22/19  11:11:19.635   ","6.54","-22","3.062","10.7","1.4","1.758","100","10.34","4.44","0.41","1.4","1.17","0.65","0.39","2.14","0","0.39","0","0.36","0","0","0","0.84","-22.5","-142.3","-47.9","88.8","163","11.6","112.9","-16.5","-81.4","0","110.6","0","150.5","0","0","0","91.8"
"1558523480622","05/22/19  11:11:20.622   ","6.5","-22.6","3.041","11","1.4","1.766","100","10.03","4.56","0.44","1.54","1.25","0.55","0.39","2.19","0","0.4","0","0.3","0","0","0","0.78","-22.3","61.2","-50.1","-131.6","170.9","-149.9","108.4","-169.8","-80.1","0","102.7","0","171.2","0","0","0","85.4"
"1558523481666","05/22/19  11:11:21.666   ","6.55","-22.8","3.063","11","1.5","1.737","100","10.4","4.17","0.55","1.4","1.07","0.52","0.45","2.06","0","0.25","0","0.44","0","0","0","0.71","-22.3","-138.9","-47.2","83.4","166.2","16.6","110.4","-8.5","-80.6","0","121.7","0","163.6","0","0","0","87.1"
"1558523482332","05/22/19  11:11:22.332   ","6.62","-23.5","3.066","11","1.4","1.742","100","10.27","4.41","0.37","1.42","1.16","0.56","0.45","2.13","0","0.39","0","0.36","0","0","0","0.86","-22.5","-167.1","-44.6","116","154.5","-10","118.4","-36.4","-81.1","0","127.2","0","146.7","0","0","0","96.7"
"1558523483472","05/22/19  11:11:23.472   ","6.61","-23.5","3.076","11","1.4","1.819","100","9.69","2.78","1.09","1.47","0.69","0.93","0.35","1.85","0","0.27","0","0.23","0","0","0","0.97","-23.8","-49.9","-28.2","-90.7","163.1","48.4","67.6","23.6","-75","0","0","0","0","0","0","0","94.5"
"1558523484236","05/22/19  11:11:24.236   ","6.63","-23.6","3.078","11.3","1.5","1.75","100","10.43","4.31","0.37","1.35","1.16","0.6","0.41","2.09","0","0.3","0","0.29","0","0.2","0","0.92","-22.5","-128.3","-46.8","51.9","162.3","18.4","107.6","4.7","-81.2","0","111.5","0","178","0","-85.6","0","100.6"
"1558523485458","05/22/19  11:11:25.458   ","6.61","-23.4","3.077","11.7","1.4","1.812","100","9.85","2.7","1.09","1.32","0.67","1.03","0.26","1.72","0","0.43","0","0.28","0","0","0","0.82","-23.8","-59","-30.1","-86","157.3","43.3","53.5","5.8","-72.6","0","127.9","0","0","0","0","0","95.4"
"1558523486339","05/22/19  11:11:26.339   ","6.65","-23.7","3.078","11.7","1.5","1.733","100","10.3","4.18","0.47","1.44","1.08","0.52","0.38","2.06","0","0.25","0","0.35","0","0","0","0.79","-22.7","179.1","-43.1","121.9","150.7","-32.7","125.7","-56.4","-78.8","0","127.2","0","151","0","0","0","97.5"
"1558523487466","05/22/19  11:11:27.466   ","6.59","-23.2","3.101","10.6","1.4","1.836","100","10.16","2.73","1.17","1.23","0.66","0.93","0","1.83","0","0.39","0","0","0","0.24","0","0.73","-23.7","-75.6","-38","-23.8","150.7","38.8","81.4","30.3","-72.6","0","110.9","0","-163.9","0","0","0","100.3"
"1558523488210","05/22/19  11:11:28.210   ","6.64","-23.8","3.092","11.8","1.6","1.736","100","10.12","3.67","0.69","1.5","0.97","0.55","0.42","1.98","0","0.28","0","0.28","0","0.25","0","0.7","-22.1","-155.8","-46.4","106.8","163.1","1.3","112","-28.8","-81.5","0","119.6","0","177.3","0","-104.5","0","103.8"
"1558523489459","05/22/19  11:11:29.459   ","6.57","-22.4","3.118","10.3","1.4","1.959","100","11.06","5.05","1.02","1.1","1.03","0.57","0.29","1.84","0","0","0","0.29","0","0.27","0","0.61","-26.7","-97.1","-40.3","-2.4","160.6","40.2","94.8","26.8","-77","0","105.3","0","-176.7","0","-82.9","0","103.2"
"1558523490219","05/22/19  11:11:30.219   ","6.93","-26.8","3.121","11.2","1.5","1.888","100","9.48","3.72","0.99","1.24","0.65","0.6","0.36","1.68","0","0.35","0","0.2","0","0.27","0","0.7","-26.2","-179.4","-43.2","122.8","148.4","-28.5","120.5","-50.1","-80","0","122.9","0","160","0","-81.6","0","93.8"
"1558523491480","05/22/19  11:11:31.480   ","6.93","-25.4","3.15","10.7","1.5","1.871","100","9.6","4.09","0.54","1.45","1.03","0.47","0.48","1.88","0","0.38","0","0.2","0","0.21","0","0.7","-25.9","-125.6","-44.7","54.5","161.9","23.2","100.5","5.3","-81.2","0","105.3","0","171","0","0","0","98.4"
"1558523492338","05/22/19  11:11:32.338   ","6.59","-22.4","3.104","11.2","1.5","1.804","100","10.2","3.37","0.97","0.96","0.45","0.85","0.26","1.86","0","0.3","0","0","0","0.3","0","0.67","-23.2","105.4","-41","158.9","152.3","-134","54.6","-144","-72.1","0","121.4","0","-154.2","0","-86.7","0","90.3"
"1558523493478","05/22/19  11:11:33.478   ","6.67","-23","3.117","10.8","1.4","1.742","100","10.47","4.49","0.37","1.42","1.28","0.57","0.48","2.11","0","0.35","0","0.32","0","0","0","0.78","-22.1","-159.1","-45.7","113.8","160.1","2.7","114","-27.6","-81.6","0","121.5","0","165.5","0","0","0","95.4"
"1558523494339","05/22/19  11:11:34.339   ","6.65","-22","3.114","11","1.5","1.803","100","9.46","4.24","0.61","1.89","1.16","0.48","0.46","2.06","0","0.39","0","0.33","0","0.23","0","0.72","-22","66.5","-49.2","-143.5","172.1","-144.7","100.5","-153.3","-77.9","0","124","140.2","-176.3","0","-88.7","0","101.3"
"1558523495477","05/22/19  11:11:35.477   ","6.74","-23.7","3.116","11.9","1.6","1.752","100","10.3","3.67","0.66","1.48","0.95","0.62","0.44","1.99","0.23","0.29","0","0","0","0","0","0.87","-23","163.1","-39.9","126","159.7","-58.2","115.2","-80.8","-78.7","0","124.3","0","0","0","0","0","91.1"
"1558523496347","05/22/19  11:11:36.347   ","6.72","-23","3.126","11","1.5","1.762","100","10.38","4.62","0.52","1.54","1.26","0.66","0.44","2.14","0","0.3","0","0.22","0","0.22","0","0.85","-21.7","23.7","-55","-80.6","160.8","-171.9","121.8","159.7","-83.9","0","122.4","0","135.9","0","0","0","91.6"
"1558523497468","05/22/19  11:11:37.468   ","6.72","-23.7","3.133","11.4","1.5","1.799","100","10.27","3.33","1.09","0.94","0.52","0.93","0.33","1.76","0","0.37","0","0","0","0","0","0.84","-23.2","116","-36.7","136.4","157.2","-132.9","53.1","-168.4","-73.2","0","131.7","0","0","0","0","0","92.3"
"1558523498336","05/22/19  11:11:38.336   ","6.71","-23.2","3.153","11.7","1.6","1.792","100","9.9","3.13","0.87","1.89","0.95","0.69","0.44","1.78","0.22","0.38","0","0.33","0","0","0","0.8","-22.9","-20.5","-43.4","-55.8","157.1","124.7","108.4","89.8","-77.2","0","108.7","0","0","0","-61.6","0","101"
"1558523499481","05/22/19  11:11:39.481   ","6.64","-22.1","3.139","11.1","1.5","1.799","100","9.52","4.27","0.62","1.8","1.29","0.42","0.47","2.09","0","0.23","0","0","0","0","0","0.86","-21.8","58.8","-52.8","-130.4","166.2","-151.8","112.2","-161.5","-80.2","0","99.7","0","147.5","0","0","0","87.4"
"1558523500341","05/22/19  11:11:40.341   ","6.65","-21.6","3.168","10.7","1.4","1.843","100","10.16","2.58","1.14","1.26","0.68","0.96","0","1.87","0","0.37","0","0","0","0","0","0.85","-23.3","-79.5","-38.4","-16.3","146.1","43.7","92.1","27.9","-73","0","115.3","0","151.4","0","0","0","98.2"
"1558523501458","05/22/19  11:11:41.458   ","6.75","-22.3","3.155","11.6","1.5","1.768","100","10.29","4","0.56","1.58","1.22","0.63","0.4","2.06","0","0.35","0","0.3","0","0","0","0.78","-22.2","0.4","-50.1","-62.9","150.7","167","125.1","133","-79.4","0","111.2","0","0","0","0","0","97.7"
"1558523502344","05/22/19  11:11:42.344   ","6.79","-22.4","3.158","11.1","1.5","1.764","100","10.47","4.26","0.49","1.46","1.14","0.6","0.49","2.14","0","0.33","0","0.26","0","0.21","0","0.89","-22","-143.2","-48.2","93.9","162.3","12.4","115.6","-7.7","-80.2","0","123.5","0","160.7","0","-127.7","0","91.8"
"1558523503489","05/22/19  11:11:43.489   ","6.75","-22.1","3.185","11","1.5","1.838","100","9.64","3.27","0.44","1.94","1.04","0.5","0.36","2.03","0","0.34","0","0","0","0.23","0","0.8","-23.6","-63.4","-30.6","-76.4","153.9","38","56.7","15.9","-72.8","0","120.5","0","0","0","-66.1","0","99.4"
"1558523504344","05/22/19  11:11:44.344   ","6.75","-23.5","3.163","11.9","1.6","1.797","100","10.27","3.48","0.89","1.5","0.84","0.59","0.38","1.95","0","0.26","0","0.25","0","0.2","0","0.78","-23.2","152.4","-38.1","123.2","-176.6","-80","96.5","-113.2","-74.3","0","102","0","0","0","-77.9","0","104.8"
"1558523505509","05/22/19  11:11:45.509   ","7.13","-25.7","3.213","10.8","1.6","1.879","100","10.13","4.53","0.43","1.17","1.14","0.49","0.38","1.99","0","0.25","0","0.37","0","0","0","0.72","-25.9","179.5","-42.5","120.9","147.5","-27.2","121.6","-47.2","-77.8","0","125.1","0","136.7","0","0","0","94.9"
"1558523506425","05/22/19  11:11:46.425   ","7.14","-26.1","3.208","10.9","1.6","1.896","100","10.01","4.96","0.46","1.27","1.24","0.6","0.44","2.01","0","0.3","0","0.25","0","0.22","0","0.66","-25.2","29","-51.4","-79.2","161.9","-168.5","113.9","163","-79.6","0","118.5","0","152.9","0","0","0","95.2"
"1558523507513","05/22/19  11:11:47.513   ","6.84","-23.5","3.176","12.1","1.6","1.803","100","10.59","3.32","1.04","1","0.47","0.9","0.21","1.95","0","0.3","0","0.2","0","0","0","0.86","-23","101.4","-41","165.3","150.9","-133.8","76.6","-153.2","-72.6","0","127.4","0","172.9","0","0","0","99.8"
"1558523508400","05/22/19  11:11:48.400   ","6.72","-22.6","3.203","11.8","1.6","1.82","100","9.96","2.58","1.06","1.81","0.75","0.8","0.38","1.74","0","0.35","0","0.29","0","0","0","0.89","-23.4","-44.2","-27","-81.9","164.4","54.2","72.5","20.8","-74.4","0","102","0","0","0","0","0","95"
"1558523509535","05/22/19  11:11:49.535   ","6.77","-22","3.192","11.3","1.5","1.777","100","10.61","4.52","0.47","1.5","1.29","0.59","0.46","2.2","0","0.29","0","0.25","0","0","0","0.83","-21.6","17.9","-53.3","-73.9","157.3","-177","122.2","149.8","-82.5","0","92.1","0","111.1","0","0","0","100.4"
"1558523510453","05/22/19  11:11:50.453   ","6.84","-21.9","3.231","11.4","1.6","1.769","100","10.88","4.12","0.46","1.33","1.22","0.55","0.48","2.17","0","0.27","0","0.34","0","0","0","0.9","-22","-135.3","-47.9","80","161.9","17.6","114.1","-5.4","-82","0","119","0","156.5","0","0","0","98.3"
"1558523511582","05/22/19  11:11:51.582   ","6.82","-21.9","3.238","11.1","1.5","1.87","100","9.98","3.43","0.49","1.93","1.13","0.48","0.48","2.12","0","0.35","0","0.27","0","0.25","0","0.7","-23.5","-70.8","-35.1","-39.6","151.1","42","57.7","18.7","-69.3","0","128.3","0","-171.9","0","-83.3","0","100.1"
"1558523512527","05/22/19  11:11:52.527   ","6.78","-22","3.208","11.3","1.6","1.834","100","10.58","4.69","0.48","1.43","1.28","0.52","0.58","2.11","0","0.25","0","0.29","0","0.23","0","0.76","-22.4","82.4","-45.2","-162","168.1","-139.8","106.2","-152.3","-76","0","111.1","0","-168.1","0","-97.4","0","92.3"
"1558523513619","05/22/19  11:11:53.619   ","6.89","-22.9","3.234","12.1","1.6","1.793","100","10.44","3.34","0.94","1.51","0.86","0.57","0.4","1.86","0","0.25","0","0.21","0","0","0","0.8","-23.1","148.9","-34.6","120","-174","-91.1","86.5","-110.9","-71.2","0","107","0","0","0","-103.8","0","98.5"
"1558523514574","05/22/19  11:11:54.574   ","6.84","-23.1","3.247","12","1.5","1.833","100","10.23","2.49","1.07","1.37","0.67","0.94","0.33","1.69","0","0.39","0","0","0","0","0","0.71","-23.6","-60.7","-28.6","-79.4","155.4","40.1","61.3","9.2","-70.2","0","132.7","0","154.8","0","0","0","96.3"
"1558523515661","05/22/19  11:11:55.661   ","6.78","-22.2","3.224","11.6","1.6","1.783","100","10.44","3.7","0.57","1.6","1.19","0.58","0.45","2.08","0.2","0.29","0","0.31","0","0","0","0.76","-21.3","38","-55.5","-84.6","166","-161.5","117.7","179.8","-81.2","-140.5","115","0","167.3","0","0","0","93.2"
"1558523516218","05/22/19  11:11:56.218   ","6.84","-23","3.249","12.1","1.6","1.799","100","10.28","2.94","0.93","1.83","0.89","0.66","0.45","1.88","0.21","0.26","0","0.26","0","0","0","0.75","-21.5","17.4","-53.9","-72.7","160.1","178.6","119.8","156.3","-81.3","160","115.5","0","162.9","0","0","0","98.8"
"1558523517458","05/22/19  11:11:57.458   ","6.82","-21.7","3.238","11.3","1.5","1.781","100","10.8","4.7","0.46","1.53","1.33","0.54","0.5","2.21","0","0.31","0","0.4","0","0.24","0","0.78","-21.3","20.9","-55.4","-72.1","162.1","-173.3","124.1","158.2","-81.9","-142.4","130.5","0","147.5","0","-126.1","0","89.3"
"1558523518215","05/22/19  11:11:58.215   ","6.91","-21.9","3.271","11.5","1.6","1.833","100","10.93","4.27","0.51","1.45","1.16","0.5","0.55","2.08","0","0.33","0","0.32","0","0.22","0","0.74","-22.7","-95.5","-39.8","3.8","158.2","41.7","94.6","24.8","-75.4","0","110","0","-178.4","0","-86.2","0","94.5"
"1558523519443","05/22/19  11:11:59.443   ","6.82","-22.6","3.284","11.9","1.5","1.864","100","10.62","2.8","1.18","1.69","0.77","0.72","0.33","1.9","0","0.21","0","0","0","0","0","0.86","-22.5","-95.8","-40","3","156.4","42.9","103","23.2","-76.9","0","99.5","0","173.3","0","0","0","100.9"
"1558523520213","05/22/19  11:12:00.213   ","7.13","-25.6","3.285","11.2","1.6","1.932","100","10.37","3.72","0.96","0.9","0.48","0.67","0.31","1.84","0","0.2","0","0","0","0.33","0","0.69","-26.3","147","-34.9","120.2","-170.8","-95.6","78.2","-130.8","-73.5","0","93.4","0","0","0","-87.5","0","95.2"
"1558523521459","05/22/19  11:12:01.459   ","7.28","-26.1","3.304","11.9","1.7","1.915","100","10.19","3.6","1.08","1.38","0.76","0.56","0.38","1.77","0","0.27","0","0.34","0","0","0","0.82","-26.3","142","-33.5","115","-176.6","-111.3","75.3","-129.2","-75.3","0","103.4","0","0","0","0","0","96.5"
"1558523522340","05/22/19  11:12:02.340   ","6.88","-22.8","3.29","12.1","1.7","1.808","100","10.31","2.75","1.01","1.96","0.91","0.72","0.45","1.8","0.21","0.34","0","0.36","0","0","0","0.95","-22.8","-32.2","-34.4","-61.6","161.8","87.3","93","59.5","-76","0","133","0","0","0","0","0","99.1"
"1558523523460","05/22/19  11:12:03.460   ","6.9","-21.6","3.27","11.8","1.6","1.786","100","10.8","4.06","0.49","1.66","1.31","0.57","0.43","2.05","0.2","0.26","0","0.2","0","0","0","0.81","-21.6","0.8","-48.9","-63","149.9","165.2","128.9","146.5","-79","-161","122.6","0","121.7","0","0","0","95.6"
"1558523524336","05/22/19  11:12:04.336   ","6.97","-22.6","3.308","11.7","1.6","1.765","100","11.17","4.26","0.42","1.38","1.28","0.52","0.44","2.07","0","0","0","0.36","0","0","0","0.8","-21.9","-175.4","-43.9","119.4","151.8","-13.3","131.7","-41.7","-80.1","0","138.2","0","138","0","0","0","100.4"
"1558523525477","05/22/19  11:12:05.477   ","6.84","-21.2","3.32","11.6","1.6","1.794","100","11.03","4.18","0.47","1.46","1.12","0.51","0.54","2.13","0","0.39","0","0.3","0","0.2","0","0.83","-21.6","-141.9","-48","96.4","163.1","16.5","117.7","-5","-82.3","0","110","0","175.4","0","0","0","94.8"
"1558523526395","05/22/19  11:12:06.395   ","6.95","-22.8","3.29","11.8","1.7","1.784","100","10.62","3.55","0.64","1.67","1.15","0.59","0.44","1.99","0.2","0.22","0","0.27","0","0","0","0.77","-21","35.5","-55.4","-86.1","163.1","-163.6","124.4","177.4","-82.7","-145","114.1","0","166.8","0","0","0","105.1"
"1558523527508","05/22/19  11:12:07.508   ","6.88","-21.5","3.297","11.7","1.6","1.812","100","10.95","4.62","0.4","1.55","1.3","0.5","0.5","2.2","0","0.36","0","0.4","0","0","0","0.83","-21.4","65.6","-51.6","-147.3","172.5","-148.6","103.7","-160.7","-78","0","108.2","0","166.8","0","0","0","95.5"
"1558523528520","05/22/19  11:12:08.520   ","7.01","-22.2","3.327","12.5","1.7","1.789","100","10.85","3.31","1.03","1.57","0.95","0.54","0.43","1.89","0.23","0.36","0","0.37","0","0","0","0.84","-22.7","147.8","-37.4","115.4","-173.6","-88.1","91.5","-114","-74.4","0","117.4","0","148.9","0","-108.5","0","93.5"
"1558523529538","05/22/19  11:12:09.538   ","6.88","-21.1","3.343","11.3","1.6","1.815","100","11.16","4.13","0.48","1.44","1.12","0.48","0.54","2.14","0","0.29","0","0.32","0","0.2","0","0.78","-21.4","-142.9","-48.9","95.4","164.6","17.5","119.5","-0.4","-82.1","28.8","121","0","161","0","0","0","96.6"
"1558523530559","05/22/19  11:12:10.559   ","7","-22.7","3.331","12.4","1.6","1.84","100","10.59","2.41","1.17","1.36","0.72","0.94","0.32","1.63","0","0.24","0","0","0","0.21","0","0.74","-23","-69.5","-31.9","-57.1","149.7","42.4","57.5","26.4","-68.8","0","130.9","0","0","0","-75.7","0","104.6"
"1558523531551","05/22/19  11:12:11.551   ","6.91","-22","3.321","11.8","1.7","1.809","100","10.66","4.47","0.5","1.74","1.28","0.29","0.5","2.05","0","0.44","0","0.27","0","0","0","0.85","-20.9","47","-54.3","-101.7","165.9","-157.9","115.9","-174.4","-80.5","0","115.3","0","160.3","0","0","0","106"
"1558523532559","05/22/19  11:12:12.559   ","7.03","-22.7","3.354","12.4","1.7","1.798","100","10.87","3.09","1.19","1.26","0.65","0.77","0.42","1.63","0","0.4","0","0.25","0","0","0","0.81","-22.1","168.2","-42.5","122.3","155.2","-40.1","129.4","-55.6","-77.3","0","134.5","0","132.7","0","0","0","101.1"
"1558523533607","05/22/19  11:12:13.607   ","6.92","-20.9","3.377","11.5","1.7","1.786","100","11.36","4.26","0.39","1.35","1.3","0.48","0.48","2.15","0","0.32","0","0.34","0","0","0","0.99","-21.7","-128","-46.7","60.5","163.4","23.6","106.7","6.1","-80.8","0","130","0","167","0","0","0","95.5"
"1558523534621","05/22/19  11:12:14.621   ","7.02","-21.7","3.371","11.8","1.7","1.856","100","10.62","3.14","0.47","1.98","1.01","0.52","0.32","1.97","0","0.27","0","0.28","0","0","0","0.76","-22.8","-63.7","-28.3","-72.4","154.5","43.6","47.2","29.7","-67.5","0","138.3","0","-155.1","0","0","0","89.2"
"1558523535636","05/22/19  11:12:15.636   ","7.32","-24.8","3.376","11.8","1.7","1.902","100","10.42","4.14","0.55","1.45","1.17","0.5","0.46","1.96","0","0.29","0","0.4","0","0","0","0.7","-25.1","-6.8","-46.4","-59","145.2","156.9","119","125.7","-78.4","0","118.5","0","132.5","0","0","0","92.3"
"1558523536636","05/22/19  11:12:16.636   ","7.39","-25.3","3.392","11.6","1.7","1.953","100","10.13","4.65","0.45","1.5","1.23","0.34","0.5","1.91","0","0.31","0","0.2","0","0.21","0","0.71","-25.4","99.8","-41.7","165.2","159.3","-131.2","57.3","-146.4","-75","0","118.1","0","-170.1","0","-102.1","0","99.8"
"1558523537657","05/22/19  11:12:17.657   ","7.08","-22.7","3.374","12.7","1.8","1.792","100","11.09","3.2","1.17","1.03","0.51","0.86","0.31","1.68","0","0.39","0","0.24","0","0","0","0.77","-22.2","159.4","-39.6","122.3","164.7","-52.9","120","-68.7","-80.2","0","112.2","0","112.3","0","0","0","103.5"
"1558523538693","05/22/19  11:12:18.693   ","6.97","-21.3","3.402","11.7","1.7","1.768","100","11.23","3.59","0.71","1.43","1.11","0.6","0.49","2.07","0.29","0.3","0","0.51","0","0.2","0","0.85","-21.1","-152.5","-48.4","104.1","162.9","12","126.4","-16","-83.1","13.6","115","0","152.1","0","-144.5","0","94.3"
"1558523539689","05/22/19  11:12:19.689   ","7.09","-22.3","3.41","12.3","1.6","1.862","100","11.14","2.72","1.09","1.67","0.89","0.68","0.29","1.95","0","0.3","0","0","0","0","0","0.89","-22.6","-46.2","-24.3","-81.7","160.5","59.2","72.9","46.7","-74.7","0","82.6","0","0","0","0","0","101.3"
"1558523540697","05/22/19  11:12:20.697   ","7.04","-22.2","3.385","12","1.7","1.79","100","10.43","2.3","1.15","1.88","0.78","0.78","0.47","1.7","0","0.38","0","0.3","0","0","0","0.8","-21.3","-3.6","-48.8","-60","147.7","166.9","126.9","126.6","-78.8","0","108.8","0","123.5","0","0","0","100"
"1558523541714","05/22/19  11:12:21.714   ","6.98","-21.7","3.393","12.1","1.7","1.796","100","11","4.54","0.49","1.59","1.29","0.32","0.57","2.01","0","0.38","0","0.34","0","0.23","0","0.74","-20.6","39.9","-56.3","-88","166.2","-158.5","115.7","175.2","-79.9","-151.9","109","0","165","0","0","0","98.2"
"1558523542704","05/22/19  11:12:22.704   ","7.13","-22.8","3.403","12.7","1.7","1.8","100","11.33","3.4","0.99","1.35","0.53","0.6","0.22","1.89","0","0.3","0","0","0","0","0","0.8","-22.3","141.1","-31.6","113.7","-173.1","-104.3","84.3","-127.6","-75.6","0","127.7","0","0","0","0","0","94"
"1558523543774","05/22/19  11:12:23.774   ","7.14","-22","3.416","12","1.8","1.777","100","11.18","3.14","1.29","1.46","0.67","0.63","0.43","1.82","0.22","0.38","0","0.34","0","0","0","0.85","-22.4","128.7","-32.1","115.2","175.5","-127.3","63","-155.3","-75.4","0","130.3","0","-176.9","0","-109.8","0","95.8"
"1558523544215","05/22/19  11:12:24.215   ","7.06","-22.3","3.421","12.4","1.8","1.786","100","11.35","3.98","0.57","1.42","1.24","0.46","0.48","2.06","0","0.23","0","0.25","0","0","0","0.82","-21.7","171.8","-40.2","124.8","152.6","-32.5","135.5","-58.3","-79.8","0","131.5","0","0","0","0","0","101.7"
"1558523545469","05/22/19  11:12:25.469   ","7.15","-22.5","3.416","12.7","1.7","1.817","100","11.25","3.17","1.14","1.08","0.48","0.83","0.27","1.71","0","0.34","0","0.26","0","0","0","0.81","-22.1","98.6","-42.3","169.1","154.5","-132","67.4","-150.9","-76.4","0","125.2","0","170.8","0","0","0","94.5"
"1558523546211","05/22/19  11:12:26.211   ","7.07","-20.3","3.46","11.6","1.7","1.871","100","10.97","2.21","1.2","1.67","0.76","0.95","0.39","1.61","0","0.37","0","0.29","0","0","0","0.9","-22.7","-64.8","-29","-66.2","153.6","44.4","57.8","25.9","-71.5","0","103.8","0","0","0","0","0","102.9"
"1558523547468","05/22/19  11:12:27.468   ","7.03","-20.9","3.472","11.5","1.7","1.838","100","11.34","3.97","0.6","1.69","1.07","0.52","0.49","2","0","0.38","0","0.22","0","0","0","0.85","-21","-141.4","-47.1","94.8","163.1","20.5","119.8","-9.4","-83.3","17.9","121.3","0","153.1","0","0","0","102.2"
"1558523548214","05/22/19  11:12:28.214   ","7.18","-22","3.44","12.3","1.7","1.799","100","10.96","4.44","0.58","1.77","1.32","0.24","0.47","2.05","0","0.32","0","0.3","0","0","0","0.83","-20.4","46.9","-54.7","-95.9","164.9","-153.4","127.1","-174.4","-80.7","-132.3","129.5","141.2","156.5","0","0","0","98.2"
"1558523549454","05/22/19  11:12:29.454   ","7.06","-21.3","3.437","12.3","1.8","1.796","100","11.01","2.86","0.92","1.88","1.04","0.66","0.47","1.86","0.24","0.22","0","0.23","0","0","0","0.69","-20.4","21.3","-55.5","-76.8","159","-168.6","129.2","162.1","-83.4","-154.8","99.8","0","147","0","0","0","104.3"
"1558523550341","05/22/19  11:12:30.341   ","7.39","-25.4","3.478","12","1.8","1.938","100","10.93","3.49","1.17","0.83","0.48","0.78","0.27","1.56","0","0.27","0","0","0","0","0","0.76","-25.4","101.4","-41.3","164.1","151.8","-130.6","61","-144.6","-74.4","0","125.5","0","-178.1","0","0","0","99.2"
"1558523551473","05/22/19  11:12:31.473   ","7.47","-25.8","3.486","12.5","1.8","1.973","100","10.72","4.2","0.82","1.59","0.75","0.46","0.34","1.77","0","0.29","0","0.23","0","0.2","0","0.76","-24.3","68.9","-48.9","-148.1","167.3","-143","107.9","-153.5","-79.2","0","115.5","0","-176.1","0","0","0","95.7"
"1558523552302","05/22/19  11:12:32.302   ","7.19","-21.2","3.493","12.1","1.8","1.863","100","11.95","4.32","0.47","1.43","1.32","0.55","0.52","2.13","0","0.28","0","0.33","0","0","0","0.83","-21.6","-104.9","-41.3","8.9","154.9","37.1","106.9","31.4","-79.1","0","97.3","0","162.8","0","0","0","97.5"
"1558523553455","05/22/19  11:12:33.455   ","7.07","-20.5","3.509","11.9","1.8","1.784","100","11.58","3.93","0.51","1.43","1.21","0.49","0.45","2.02","0.25","0.24","0","0.49","0","0","0","0.82","-21","-140.2","-47.9","89.8","159.4","19.3","123.1","-4.1","-84.4","5.1","129.6","0","162.1","0","0","0","95.8"
"1558523554336","05/22/19  11:12:34.336   ","7.11","-21.6","3.505","12.3","1.8","1.845","100","11.19","2.21","1.25","1.64","0.73","0.9","0.35","1.52","0.22","0.36","0","0.2","0","0","0","0.77","-21.5","-14.4","-46.9","-54.5","144","150.1","122.6","119.1","-77.1","-148.9","122.1","0","117.7","0","0","0","103.4"
"1558523555481","05/22/19  11:12:35.481   ","7.15","-22.1","3.514","12.6","1.7","1.893","100","11.45","2.83","1.09","1.86","0.95","0.65","0.36","1.92","0","0","0","0","0","0","0","0.89","-21.5","-108.9","-43","14.8","155.2","35.1","103.1","25.7","-79.5","0","113.8","-56.8","-163.9","0","0","0","98.9"
"1558523556341","05/22/19  11:12:36.341   ","7.23","-21.5","3.474","12.4","1.8","1.818","100","11.58","4.53","0.47","1.57","1.41","0.54","0.46","2.13","0","0.22","0","0.27","0","0","0","0.9","-20.7","65.1","-51.9","-138.5","167.9","-145.8","110.7","-154.2","-79.7","0","107.5","0","-168","0","0","0","93.2"
"1558523557461","05/22/19  11:12:37.461   ","7.11","-21.1","3.486","12.6","1.8","1.806","100","11.18","2.82","0.98","1.94","1","0.54","0.5","1.83","0.23","0.25","0","0.41","0","0","0","0.69","-20.3","20.9","-56.1","-69.3","160.2","-171.3","120.4","162.2","-80.3","-149.1","129.3","0","167.1","0","0","0","103.4"
"1558523558341","05/22/19  11:12:38.341   ","7.14","-21.6","3.5","13.2","1.8","1.829","100","11.88","3.39","1.1","1.19","0.54","0.63","0.28","1.79","0","0.29","0","0.2","0","0.27","0","0.71","-22","146","-32.8","121.1","-178.3","-95.2","86.3","-110.4","-72","0","125.4","0","-168.8","0","-73.8","0","98.2"
"1558523559454","05/22/19  11:12:39.454   ","7.25","-21.7","3.509","12.6","1.8","1.865","100","11.36","4.61","0.52","1.64","1.41","0.24","0.51","2.06","0","0.3","0","0.27","0","0.2","0","0.82","-21.7","93.4","-44.1","178.3","153","-133.5","78.3","-149.8","-74.6","0","120","0","-151.8","0","-122.9","0","93.3"
"1558523560342","05/22/19  11:12:40.342   ","7.28","-22.1","3.532","12.3","1.9","1.789","100","11.87","3.63","0.72","1.46","1.16","0.55","0.46","1.98","0.21","0.24","0","0.38","0","0","0","0.93","-20.7","-150","-47.9","108","157.8","13.6","132","-12.3","-84.2","32.4","124","0","154.6","0","0","0","98.1"
"1558523561456","05/22/19  11:12:41.456   ","7.15","-21.9","3.554","12.7","1.8","1.817","100","11.67","3.05","1.33","1.12","0.5","0.73","0.35","1.63","0","0.4","0","0.25","0","0","0","0.72","-21.8","162.6","-40.3","124.6","154","-48.2","125.2","-60.4","-78","0","122.5","0","123.9","0","0","0","97.5"
"1558523562345","05/22/19  11:12:42.345   ","7.25","-20.3","3.564","11.9","1.7","1.9","100","11.53","3.83","0.58","1.74","1.05","0.43","0.5","1.94","0","0.28","0","0.33","0","0.32","0","0.58","-22.2","-86.6","-36.6","-5.3","144.9","43.2","67.2","33.8","-70.3","0","102.8","0","-161.8","0","-105.9","0","96.9"
"1558523563490","05/22/19  11:12:43.490   ","7.27","-20.5","3.56","12.2","1.8","1.781","100","11.92","3.79","0.61","1.38","1.28","0.43","0.45","2.1","0.21","0","0","0.4","0","0","0","0.85","-21.8","164.2","-40.2","124.5","149.3","-48.4","130.6","-62.1","-77.7","0","129.6","0","142.4","0","0","0","91.7"
"1558523564407","05/22/19  11:12:44.407   ","7.18","-21.1","3.582","11.9","1.7","1.909","100","11.41","2.21","1.29","1.48","0.72","0.89","0.3","1.66","0.21","0.28","0","0","0","0.21","0","0.7","-22","-87.8","-36.9","-8.8","143.3","44.5","73.2","40.4","-68.4","0","113.6","0","-158.9","0","-109.5","0","100.8"
"1558523565551","05/22/19  11:12:45.551   ","7.49","-23.9","3.615","11.8","1.9","1.918","100","11.35","3.95","0.71","1.28","1.11","0.44","0.51","1.79","0.26","0.23","0","0.36","0","0","0","0.68","-24.3","-149","-45.4","107","159.2","14","124.6","-13.6","-82.3","12.2","121.9","0","156.9","0","0","0","99.9"
"1558523566531","05/22/19  11:12:46.531   ","7.51","-23.9","3.62","11.6","1.8","1.955","100","11.55","4.51","0.51","1.34","1.19","0.42","0.5","1.89","0","0","0","0.29","0","0.27","0","0.64","-24.1","-155.5","-44","107.5","157.2","12","130","-9","-82.3","21.6","143.2","0","152","0","0","0","95.2"
"1558523567573","05/22/19  11:12:47.573   ","7.53","-23.8","3.625","11.4","1.8","1.824","100","12.06","4.32","0.44","1.46","1.32","0.43","0.52","2.02","0","0","0","0.39","0","0.25","0","0.65","-20.9","-164","-44.5","112.6","158.1","4","133.8","-24.3","-83.4","10.4","146.1","0","153.5","0","0","0","97.4"
"1558523568460","05/22/19  11:12:48.460   ","7.34","-21.9","3.576","12.7","1.9","1.864","100","11.42","2.05","1.19","1.95","0.74","0.73","0.48","1.53","0.22","0.24","0","0.25","0","0","0","0.67","-22.5","-58.1","-22.9","-78.7","155.9","48.3","51.6","27.1","-68.6","0","0","0","0","0","-96.3","0","100.1"
"1558523569594","05/22/19  11:12:49.594   ","7.24","-21.6","3.613","12","1.8","1.867","100","11.55","3.5","0.47","1.97","1.1","0.51","0.43","1.93","0","0.28","0","0.29","0","0","0","0.69","-20.8","-130.7","-46.3","71","160.7","24.9","110.4","12.3","-80.5","42.3","0","0","179.5","0","-100.6","0","101.9"
"1558523570492","05/22/19  11:12:50.492   ","7.31","-21.9","3.586","13.1","1.9","1.862","100","11.67","2.14","1.36","1.5","0.69","0.87","0","1.54","0.2","0.3","0","0","0","0.28","0","0.58","-21.8","-29.4","-31.2","-57.1","151.9","109.2","99.5","0","-70.2","-169","93.4","0","0","0","-60.8","0","108.2"
"1558523571602","05/22/19  11:12:51.602   ","7.3","-20.4","3.625","11.9","1.7","1.886","100","12.13","4.33","0.48","1.45","1.33","0.49","0.54","1.98","0","0.29","0.2","0.29","0","0","0","0.69","-21.4","-105.8","-40.8","10.8","154.5","37.2","100.5","29.8","-77.7","0","116.8","-49.8","-164.1","0","0","0","92.7"
"1558523572562","05/22/19  11:12:52.562   ","7.36","-21.8","3.621","12.6","1.8","1.901","100","11.44","3.25","0.59","2.05","1.1","0.52","0.44","1.81","0","0","0","0","0","0.22","0","0.53","-22.4","-67.5","-26.3","-56.1","152.5","44.1","49.2","28.4","-68.8","0","0","0","0","0","-88.6","0","101.2"
"1558523573457","05/22/19  11:12:53.457   ","7.37","-20.8","3.589","12.9","1.9","1.82","100","11.42","2.67","0.97","1.9","1.1","0.6","0.46","1.77","0.22","0.28","0","0.42","0","0","0","0.62","-20.1","22","-56","-70.4","158.5","-166.3","124.6","165.1","-81.8","-149.1","112.2","0","150.2","0","0","0","96.1"
"1558523574222","05/22/19  11:12:54.222   ","7.33","-22.3","3.6","13.2","1.9","1.83","100","11.92","2.93","1.36","1.47","0.65","0.61","0.44","1.59","0.24","0.36","0","0.39","0","0","0","0.77","-21.3","173.2","-39.1","123.9","148.9","-29.2","136.7","-46.5","-82.5","25","127.8","0","133.8","0","0","0","102.4"
"1558523575451","05/22/19  11:12:55.451   ","7.28","-20.5","3.595","12.7","1.9","1.824","100","11.61","3.14","0.84","1.79","1.2","0.56","0.47","1.97","0.28","0.23","0","0.36","0","0","0","0.88","-20","30.8","-59.1","-76","158.4","-161.4","127.9","169.7","-82.3","-147.6","105","0","155.9","0","0","0","83.7"
"1558523576210","05/22/19  11:12:56.210   ","7.35","-20.8","3.611","13.4","2","1.825","100","11.93","2.98","1.3","1.49","0.76","0.56","0.42","1.72","0.24","0.3","0","0.32","0","0","0","0.89","-21","-179.9","-41.5","121.4","148.3","-18.1","137.6","-35.2","-81","28.2","140.2","0","149.7","0","0","0","89.8"
"1558523577457","05/22/19  11:12:57.457   ","7.3","-21.8","3.611","12.7","1.9","1.826","100","11.54","3.28","0.76","1.78","1.22","0.5","0.44","1.94","0.22","0","0","0.37","0","0.22","0","0.68","-19.9","34.3","-58","-75.9","160.6","-159","127.8","179.3","-80.2","-144.3","0","0","166.3","0","-114.2","0","91.4"
"1558523578217","05/22/19  11:12:58.217   ","7.38","-22.3","3.622","11.8","1.9","1.825","100","11.94","3.04","1.32","1.53","0.76","0.51","0.44","1.67","0.24","0.21","0","0.23","0","0","0","0.75","-21","179.6","-38.7","123.4","148.1","-15","137.1","-36.3","-79.5","28.6","145.9","0","149.4","0","0","0","97.9"
"1558523579442","05/22/19  11:12:59.442   ","7.3","-21.7","3.621","12.8","1.9","1.825","100","11.71","3.13","0.84","1.83","1.19","0.53","0.48","1.87","0.25","0","0","0.36","0","0","0","0.72","-19.9","30.1","-58.7","-74.4","158.6","-161.2","130.3","173.8","-79.1","-151.1","0","0","152.5","0","0","0","88.4"
"1558523580341","05/22/19  11:13:00.341   ","7.32","-20.8","3.632","13.3","1.9","1.851","100","11.03","4.93","0.95","1.65","0.9","0.3","0.38","1.98","0","0.31","0","0.31","0","0","0","0.85","-23.4","118.9","-35.5","138","169.6","-137.4","30.4","-173.9","-74.8","0","164.1","0","-166.5","0","0","0","96.2"
"1558523581459","05/22/19  11:13:01.459   ","7.62","-24.1","3.66","12.5","1.9","1.944","100","11.08","3.04","1","1.72","1","0.59","0.42","1.71","0.25","0","0","0.2","0","0","0","0.79","-23.3","20.3","-54.8","-69.6","154.3","-168.4","121.8","163.7","-79.5","-151.6","0","0","176","0","0","0","91.3"
"1558523582304","05/22/19  11:13:02.304   ","7.69","-25.3","3.668","12.5","1.7","1.969","100","11.59","3.32","1.26","1.02","0.52","0.73","0.26","1.41","0","0.31","0","0","0","0","0","0.69","-24.9","100.8","-41.1","167.4","155.2","-131.5","45.8","-150.8","-73.5","0","137.2","0","-154.5","0","0","0","90.4"
"1558523583455","05/22/19  11:13:03.455   ","7.33","-20.9","3.635","12.9","1.9","1.829","100","12.06","4.43","0.41","1.6","1.38","0.42","0.5","1.98","0","0.27","0.24","0.4","0","0","0","0.64","-20.4","3.7","-51.4","-65.4","149.2","174.9","125","151.1","-76.7","-158.6","118.8","0","140.9","0","0","0","95.9"
"1558523584304","05/22/19  11:13:04.304   ","7.33","-21.4","3.647","13.5","2","1.874","100","12.39","3.38","1.19","1.22","0.52","0.62","0.27","1.63","0","0.38","0","0.23","0","0","0","0.73","-20.9","80.3","-47.7","-171.8","161.4","-138.8","110.2","-144.6","-77.2","0","116.3","0","-161.9","0","-97.4","0","96.8"
"1558523585456","05/22/19  11:13:05.456   ","7.38","-20.4","3.648","13.1","1.9","1.845","100","11.77","3.17","0.72","1.81","1.27","0.54","0.46","1.93","0.21","0.25","0","0.36","0","0","0","0.7","-21.2","-19.3","-40.6","-56.1","143.5","141.8","114.8","94","-74.8","-168.4","103.7","0","111.3","0","0","0","91.5"
"1558523586469","05/22/19  11:13:06.469   ","7.46","-21.1","3.674","12.3","1.9","1.878","100","11.5","1.92","1.24","1.92","0.77","0.8","0.46","1.54","0.21","0.32","0","0.24","0","0","0","0.68","-22.2","-64.5","-27.2","-65.8","151.7","43.5","56.4","26.5","-68.3","0","115.2","0","-167.8","0","-98.3","0","94.9"
"1558523587522","05/22/19  11:13:07.522   ","7.45","-21.7","3.689","12.1","1.8","1.913","100","11.84","2.73","1.06","1.79","0.96","0.63","0.32","1.75","0","0","0","0","0","0.21","0","0.69","-21","-111.1","-43","28","157.3","32.9","99.1","28.2","-77.3","0","99.7","0","-169.2","0","0","0","106.3"
"1558523588475","05/22/19  11:13:08.475   ","7.43","-21.1","3.682","13.5","1.9","1.907","100","12.13","2.26","1.43","1.56","0.76","0.82","0.25","1.66","0.2","0.26","0","0","0","0","0","0.76","-21.4","-100.3","-40.6","4.2","148.7","40.6","99","29.9","-75.9","0","108.9","-49.7","-175.1","0","0","0","98.6"
"1558523589567","05/22/19  11:13:09.567   ","7.34","-19.7","3.714","12.5","2","1.796","100","12.23","3.47","0.83","1.39","1.17","0.44","0.53","1.85","0.26","0.3","0","0.42","0","0","0","0.71","-20.3","-151.8","-45.8","108.1","159.6","15.6","133.2","-16.1","-83.6","33","146.1","0","158.4","0","0","0","94.1"
"1558523590541","05/22/19  11:13:10.541   ","7.42","-19.6","3.703","12.4","1.9","1.788","100","12.34","3.69","0.64","1.42","1.25","0.45","0.48","1.92","0.25","0.23","0","0.35","0","0","0","0.86","-21.3","159.2","-37.2","126","155.5","-55.7","125.7","-70.7","-77.3","22.9","144.5","0","0","0","0","0","95"
"1558523591579","05/22/19  11:13:11.579   ","7.41","-21","3.701","12.7","1.9","1.817","100","11.96","3.03","1.34","1.27","0.57","0.67","0.35","1.49","0","0.39","0","0.22","0","0","0","0.79","-21.5","101.9","-40.9","167.4","155","-130.6","38.1","-154.9","-71.1","0","141.7","0","-159.3","0","0","0","96.6"
"1558523592578","05/22/19  11:13:12.578   ","7.52","-22.1","3.675","13.5","2","1.853","100","11.71","4.52","0.76","1.98","1.17","0.29","0.43","1.91","0","0.32","0","0.29","0","0","0","0.8","-21.5","109.4","-39.5","148.3","162.1","-132.1","44.5","-156.3","-73.6","0","148","0","-158.8","0","0","0","93.4"
"1558523593648","05/22/19  11:13:13.648   ","7.45","-20.7","3.681","12.8","1.9","1.844","100","12.02","4.03","0.46","1.66","1.39","0.43","0.52","2.02","0","0","0.22","0.4","0","0","0","0.88","-19.8","51","-57.1","-100.4","165.1","-149.7","118.9","-164.4","-78.9","0","0","125.3","-179.1","0","0","0","93.4"
"1558523594650","05/22/19  11:13:14.650   ","7.39","-20.7","3.672","13","1.9","1.815","100","12.01","4.09","0.41","1.64","1.4","0.43","0.51","1.97","0","0.28","0.24","0.37","0","0","0","0.74","-20.6","-4.3","-48.2","-62.5","143.7","167.8","128.4","135.9","-75.1","-165.5","140.8","0","133.5","0","0","0","95.5"
"1558523595663","05/22/19  11:13:15.663   ","7.39","-21","3.688","13","1.9","1.869","100","11.6","1.92","1.29","1.97","0.82","0.71","0.52","1.56","0.25","0.24","0","0","0","0","0","0.85","-22.2","-60.1","-23.8","-73.4","153.5","46.9","59.1","31","-69.2","0","0","0","-116.8","0","-95.7","0","93.4"
"1558523596654","05/22/19  11:13:16.654   ","7.82","-24.3","3.733","12.9","2","2.013","100","11.29","2.25","1.19","1.76","0.79","0.68","0.52","1.45","0","0.29","0","0.25","0","0","0","0.81","-25.5","-58.4","-24.4","-75.4","153.2","49.8","53.8","42.6","-69.8","0","0","0","0","0","-91.6","0","95.1"
"1558523597697","05/22/19  11:13:17.697   ","7.77","-25","3.78","11.9","1.9","2.043","100","11.51","3.3","0.84","1.75","0.98","0.61","0.38","1.65","0","0.24","0","0.21","0","0.22","0","0.59","-24.3","-120.6","-42.9","43.6","154.4","29.9","95.7","17.3","-79.3","0","109.5","-51.7","-176.3","0","-104.7","0","92.9"
"1558523598702","05/22/19  11:13:18.702   ","7.45","-20.1","3.75","12.1","1.9","1.848","100","12.45","4.2","0.4","1.35","1.43","0.34","0.52","1.94","0","0","0","0.36","0","0.23","0","0.61","-20.9","178.9","-39.3","119.1","152.3","-11.7","141.4","-37.4","-83.5","-0.7","131","0","138.3","0","0","0","91.3"
"1558523599748","05/22/19  11:13:19.748   ","7.41","-20.6","3.726","12.7","2","1.801","100","12.17","2.95","1.38","1.59","0.78","0.56","0.5","1.52","0.27","0.41","0","0.42","0","0","0","0.72","-21.8","119.7","-33.7","129.8","171.9","-131.1","60.7","-155.4","-74.3","0","126","0","179","0","0","0","100"
"1558523600747","05/22/19  11:13:20.747   ","7.56","-22.2","3.707","13.5","2","1.855","100","12.1","4.27","0.96","1.99","0.94","0.28","0.37","1.81","0","0.39","0","0.27","0","0","0","0.72","-21.7","117.1","-36.3","128.9","168.4","-130","48.5","-147.5","-72.8","0","134.3","0","176.2","0","0","0","98"
"1558523601787","05/22/19  11:13:21.787   ","7.5","-22.3","3.699","13.1","2","1.879","100","12.05","4.39","0.87","2.02","1.04","0.28","0.39","1.83","0","0.36","0","0.28","0","0","0","0.66","-19.8","51.5","-57","-106.2","167.6","-152.4","120.6","-167.2","-80.3","0","112.1","0","-176.9","0","-99.5","0","95.8"
"1558523602211","05/22/19  11:13:22.211   ","7.53","-21.2","3.719","13.2","2","1.836","100","12.01","4.46","0.92","2.05","1.05","0.33","0.43","1.75","0","0.41","0","0.31","0","0","0","0.65","-19.8","49.1","-56","-98.1","167.3","-154.1","117.3","-171.1","-80.1","0","119.2","133.5","177","0","0","0","95.2"
"1558523603463","05/22/19  11:13:23.463   ","7.46","-19.8","3.756","12.4","1.9","1.886","100","12.07","3.51","0.49","1.97","1.11","0.51","0.45","1.93","0","0","0","0.33","0","0.29","0","0.58","-20.6","-137.5","-46.1","90.9","161","21.2","119.1","-4.3","-83.2","23.2","136.3","0","165.2","0","0","0","96.6"
"1558523604213","05/22/19  11:13:24.213   ","7.45","-21.4","3.766","12.8","1.9","1.901","100","12","3.32","0.65","1.75","1.29","0.46","0.49","1.85","0.2","0.23","0","0.27","0","0","0","0.68","-19.7","37.7","-57.4","-80.5","162.5","-158.5","127.9","178.2","-81.7","-142.8","118.9","0","179.2","0","0","0","101.1"
"1558523605470","05/22/19  11:13:25.470   ","7.51","-21.2","3.731","12.7","2","1.793","100","12.47","3.45","0.84","1.5","1.19","0.47","0.52","1.86","0.29","0.27","0.2","0.4","0","0","0","0.77","-21.5","150.4","-35.1","124","169.2","-76","112.6","-82.3","-75.6","0","131.1","0","137.7","0","0","0","91.1"
"1558523606218","05/22/19  11:13:26.218   ","7.54","-19.7","3.746","12.7","1.9","1.851","100","12.59","4.2","0.53","1.5","1.25","0.45","0.53","2.02","0","0.2","0","0.33","0","0","0","0.8","-21.2","-102","-40","3","147.7","40.4","96.3","29.6","-73.6","0","118","0","-153.4","0","0","0","101.9"
"1558523607451","05/22/19  11:13:27.451   ","7.55","-22","3.726","13.7","2","1.883","100","12.51","3.87","1.06","1.8","0.71","0.46","0.23","1.74","0","0.36","0","0.24","0","0","0","0.87","-20.1","63.8","-53.3","-146.9","167.8","-146.9","109.8","-155.1","-78.5","0","131.5","149.8","-169.4","0","0","0","93.9"
"1558523608215","05/22/19  11:13:28.215   ","7.53","-22.1","3.721","13.6","2","1.824","100","12.61","4.15","0.41","1.38","1.42","0.35","0.52","1.92","0","0.28","0.21","0.48","0","0.22","0","0.62","-20.7","-124.7","-45.3","63.3","158.8","26.6","104.6","15.9","-80.7","0","127.4","-71.9","177.9","0","-119.6","0","96"
"1558523609445","05/22/19  11:13:29.445   ","7.47","-20.4","3.716","13","2","1.829","100","11.91","3.33","0.68","1.77","1.32","0.48","0.47","1.88","0","0.23","0.21","0.39","0","0","0","0.67","-21.2","-20.3","-36.9","-57.2","142.4","139.9","113.2","113.5","-73.7","0","108.9","0","0","0","0","0","103.1"
"1558523610307","05/22/19  11:13:30.307   ","7.52","-20.4","3.73","13.2","2","1.855","100","12.42","4.69","0.55","1.51","1.37","0.29","0.51","1.93","0","0.28","0","0.32","0","0.24","0","0.62","-20.8","83.1","-47.2","177.3","160.2","-138.4","108.7","-148.7","-78","0","125.2","0","-152.8","0","-99.5","0","106.9"
"1558523611451","05/22/19  11:13:31.451   ","7.83","-25","3.804","13.1","2","2.051","100","11.6","3.09","1.01","1.57","0.94","0.63","0.28","1.7","0","0","0","0.22","0","0.23","0","0.59","-24.2","-116.7","-43.2","37.7","157.5","33.2","96.2","22.2","-78.5","0","0","-53.9","-168.2","0","-116.1","0","90.4"
"1558523612339","05/22/19  11:13:32.339   ","7.82","-24.8","3.805","12.7","2","2.02","100","11.35","2.11","1.2","1.64","0.76","0.78","0.46","1.35","0.22","0.32","0","0.21","0","0","0","0.64","-25.1","-71.5","-28.6","-49.9","147.6","42.8","45.3","33.9","-67.2","0","115.6","0","-132.8","0","-93.1","0","93.4"
"1558523613456","05/22/19  11:13:33.456   ","7.86","-22.9","3.793","12.2","1.9","1.903","100","11.93","3.59","0.89","1.26","1.11","0.48","0.5","1.67","0.29","0.31","0.22","0.34","0","0","0","0.72","-21.5","147.6","-34.5","120.2","175.6","-82.4","111.2","-83.9","-77.5","0","110.4","0","138.2","0","0","0","94.2"
"1558523614338","05/22/19  11:13:34.338   ","7.6","-19.9","3.783","12.8","1.9","1.813","100","12.66","4.2","0.39","1.37","1.37","0.37","0.5","1.96","0","0.24","0","0.34","0","0","0","0.71","-20.8","-112.5","-41.7","29.7","156.8","37.3","97.2","27.5","-79.6","0","113.2","0","-152.9","0","0","0","96.6"
"1558523615453","05/22/19  11:13:35.453   ","7.53","-21.9","3.744","13.4","2","1.883","100","12.07","4.61","0.76","2.02","1.23","0.24","0.46","1.84","0","0.35","0","0.31","0","0","0","0.66","-19.6","39.2","-58.1","-79.4","161.2","-159.7","127","178.7","-80.1","-142.8","118.9","0","170.4","0","0","0","94.4"
"1558523616334","05/22/19  11:13:36.334   ","7.49","-21.4","3.748","13.2","2","1.851","100","12.77","3.4","1.27","1.24","0.46","0.62","0.29","1.58","0","0.39","0","0","0","0","0","0.75","-21.5","144.1","-31.8","119.1","-179.6","-85.8","110.6","-96.6","-77.4","0","120.5","0","0","0","0","0","95.1"
"1558523617466","05/22/19  11:13:37.466   ","7.6","-20.8","3.767","13.3","2","1.899","100","11.81","1.77","1.22","1.9","0.8","0.73","0.51","1.44","0.22","0.36","0","0.28","0","0","0","0.6","-21.9","-67.9","-23.9","-56.1","152.4","45.9","43.3","38.4","-67.3","0","0","0","-137.1","0","-84.6","0","106.6"
"1558523618343","05/22/19  11:13:38.343   ","7.61","-21.3","3.766","13.7","2","1.837","100","11.98","2.79","0.87","1.86","1.19","0.59","0.5","1.83","0.25","0.26","0","0.41","0","0","0","0.78","-19.5","27.9","-58.9","-75","157.6","-163.9","132.6","168.1","-81.7","-160.5","130.3","0","156.2","0","0","0","97.9"
"1558523619466","05/22/19  11:13:39.466   ","7.48","-19.8","3.813","12.9","2","1.82","100","11.51","4.21","0.75","1.48","1.51","0.58","0.42","1.87","0","0","0.26","0.27","0","0","0","0.63","-20.7","175.4","-38.5","119.9","151.4","-14.2","144.5","-35.7","-83.4","-1.3","131.3","0","123.8","-102.8","0","0","94.2"
"1558523620339","05/22/19  11:13:40.339   ","7.55","-19.4","3.807","12.6","1.9","1.894","100","12.24","3.8","0.59","1.83","1.04","0.41","0.53","1.92","0","0","0","0.35","0","0.27","0","0.57","-20.2","-149.8","-46.8","102","157","13.5","135.8","-7.9","-85","14.1","131.6","-81.8","150","0","0","0","87.4"
"1558523621481","05/22/19  11:13:41.481   ","7.6","-21.7","3.765","13","2","1.885","100","12.31","2.93","1.33","1.65","0.84","0.64","0.53","1.61","0.29","0.42","0.21","0.46","0","0","0","0.81","-19.6","56.1","-56.4","-120.6","165.8","-149.8","118.1","-159.1","-79.5","0","121.2","150.2","164","0","0","0","99"
"1558523622428","05/22/19  11:13:42.428   ","7.53","-20.1","3.766","13.3","2","1.867","100","12.48","3.08","1.3","1.17","0.55","0.81","0.33","1.49","0.22","0.45","0","0.32","0","0","0","0.76","-19.3","26.2","-59","-72.5","157.6","-163.3","130.9","165.2","-82.2","-115.7","117","0","154.9","0","0","0","94.2"
"1558523623520","05/22/19  11:13:43.520   ","7.6","-21.4","3.799","13.5","2","1.938","100","12.3","3.02","0.86","1.97","1.03","0.6","0.34","1.92","0","0","0","0","0","0.26","0","0.73","-21.9","-59.6","-22.1","-75.8","153.6","49.4","56.4","42","-67.8","0","0","0","0","0","-128.2","0","87.5"
"1558523624402","05/22/19  11:13:44.402   ","7.62","-21.1","3.793","13.4","1.9","1.904","100","12.38","1.9","1.37","1.55","0.76","0.83","0.39","1.53","0.23","0.35","0","0.2","0.2","0","0","0.67","-21.2","-26.8","-29.1","-59.2","143.3","128.4","104.7","106.7","-71","-174.6","110.5","0","141.4","54.8","0","0","95.6"
"1558523625568","05/22/19  11:13:45.568   ","7.65","-21.9","3.804","13.8","2.1","1.848","100","12.39","2.87","1.37","1.58","0.81","0.67","0.54","1.49","0.34","0.46","0","0.38","0.25","0","0","0.68","-21.4","114.2","-37.1","134.9","167.9","-127.6","67.3","-139.6","-75.4","0","117.1","0","0","0","0","0","89.5"
"1558523626454","05/22/19  11:13:46.454   ","7.66","-21","3.802","13.6","2","1.816","100","12.42","3.35","0.76","1.54","1.21","0.53","0.55","1.75","0.3","0.3","0.23","0.3","0","0","0","0.72","-20.1","-152.3","-46.8","103.7","160.7","16","135","-16.9","-85.5","-0.6","130.6","-69.6","146.7","0","0","0","89"
"1558523627599","05/22/19  11:13:47.599   ","7.82","-24.2","3.8","12.9","2","1.971","100","11.55","2.17","1.27","1.64","0.78","0.73","0.48","1.32","0.21","0.28","0","0.23","0","0","0","0.67","-23.9","-12.7","-39.6","-60","137.2","158.2","119","122.9","-76.1","-173.4","121.3","0","111.2","0","0","0","86.1"
"1558523628485","05/22/19  11:13:48.485   ","7.9","-23.6","3.806","13","2.1","1.962","100","11.48","2.61","1.14","1.83","0.99","0.58","0.54","1.62","0.2","0","0","0.36","0","0","0","0.65","-22.8","14.7","-52.9","-70.1","150.7","-173.2","124.7","159.1","-80.1","-162.1","0","0","-173","0","0","0","102.7"
"1558523629630","05/22/19  11:13:49.630   ","7.58","-19.3","3.829","12.6","2","1.793","100","12.42","3.5","0.73","1.6","1.23","0.53","0.54","1.78","0.32","0.38","0.28","0.45","0","0","0","0.98","-21.3","151.1","-35.6","122.5","167","-67.3","120.4","-80.8","-80.5","-0.3","123.6","0","98.4","0","0","0","101"
"1558523630573","05/22/19  11:13:50.573   ","7.67","-20.1","3.822","13.2","2.1","1.814","100","12.55","2.98","1.4","1.55","0.73","0.64","0.52","1.51","0.29","0.37","0","0.37","0","0","0","0.77","-21.4","111.4","-38.3","136.1","165.7","-132","51.2","-150.7","-74.4","0","136.7","0","170.6","0","0","0","91.3"
"1558523631678","05/22/19  11:13:51.678   ","7.53","-21.3","3.786","13.5","2.1","1.841","100","12","2.12","1.23","2.04","0.92","0.59","0.55","1.65","0.3","0.21","0","0.28","0","0","0","0.67","-19.8","9.5","-53.2","-67","151.4","-177.9","124.7","155.6","-79.6","-153.6","120.5","0","152.6","0","0","0","98.9"
"1558523632216","05/22/19  11:13:52.216   ","7.68","-20.4","3.832","13.1","2","1.838","100","12.26","3.26","0.58","2.05","1.06","0.59","0.41","1.93","0","0","0","0.21","0","0.22","0","0.72","-20.4","-133.4","-47.2","79.3","158.6","22.5","114.4","9.4","-83","21.1","119.3","-59.2","161","0","-142.2","0","96"
"1558523633485","05/22/19  11:13:53.485   ","7.53","-20.9","3.797","13.4","2","1.849","100","12.47","3.94","1.01","1.81","0.7","0.44","0.3","1.72","0","0.37","0","0.25","0","0","0","0.77","-20.4","-1.7","-57.2","-50.8","152.6","156.3","143.3","115.9","-87.9","0","128.1","30.8","124.6","0","0","0","110.2"
"1558523634223","05/22/19  11:13:54.223   ","7.6","-20.2","3.797","13.3","2","1.893","100","12.45","4.76","0.52","1.52","1.35","0.27","0.5","2.04","0","0.31","0","0.31","0","0.22","0","0.78","-20.6","84","-47.8","179.2","159.4","-135.5","99.9","-147.1","-75.8","0","116.2","0","-166.4","0","-112.7","0","90.6"
"1558523635447","05/22/19  11:13:55.447   ","7.58","-21.3","3.852","13.1","2","1.954","100","12.51","3.61","0.54","1.95","1.04","0.44","0.47","1.94","0","0","0","0.28","0","0.26","0","0.66","-21.6","-80.4","-32.2","-28.5","142.6","44.7","50.5","39.9","-68.8","0","0","0","-125.9","0","-115.1","0","84.4"
"1558523636219","05/22/19  11:13:56.219   ","7.53","-19.8","3.872","12.5","1.9","1.938","100","11.95","1.9","1.27","2.04","0.89","0.61","0.56","1.51","0.24","0.26","0","0.23","0","0","0","0.66","-21.6","-56.6","-18.6","-77.1","157","54.1","52.9","47.4","-69.1","0","0","0","0","0","-93.1","0","105.5"
"1558523637442","05/22/19  11:13:57.442   ","7.64","-21.2","3.826","13.9","2","1.86","100","12.42","3.07","1.12","1.62","1.1","0.63","0.55","1.6","0.36","0.33","0.23","0.43","0.22","0","0","0.71","-21.6","92","-42","-118.1","147","-145.9","82.9","-151.3","-72.6","0","0","131.2","-168.8","0","-122.9","0","96.6"
"1558523638335","05/22/19  11:13:58.335   ","7.6","-21.6","3.814","13.4","2","1.858","100","12.6","3.11","1.25","1.2","0.56","0.79","0.36","1.38","0","0.42","0","0.27","0","0","0","0.7","-20.6","86.3","-47.1","174.1","157","-132.2","113","-145","-75.9","0","134.1","0","0","0","0","0","90.4"
"1558523639450","05/22/19  11:13:59.450   ","7.55","-20.8","3.835","13.4","2","1.895","100","12.21","1.78","1.34","1.63","0.8","0.78","0.41","1.48","0.23","0.28","0","0","0","0","0","0.74","-20.7","-18.4","-37.4","-58.3","141.9","147","115.2","124.9","-72.7","-178.6","116.4","0","0","0","0","0","87.3"
"1558523640333","05/22/19  11:14:00.333   ","7.61","-21.3","3.841","13.6","2.1","1.891","100","11.99","1.74","1.33","2.03","0.88","0.6","0.56","1.52","0.2","0.22","0.22","0.26","0","0","0","0.68","-20","-1.4","-47.5","-65.2","146","170.5","126.2","143","-78.7","-164","132.6","83.1","127.9","0","0","0","102.9"
"1558523641473","05/22/19  11:14:01.473   ","7.68","-19.6","3.851","13.2","2.1","1.819","100","12.48","2.9","1.28","1.75","1.02","0.66","0.62","1.49","0.32","0.43","0.31","0.34","0.2","0","0","0.81","-24.9","128.5","-31.2","151.9","168.6","-111.2","109.3","-74.6","-82.4","-23.2","112","0","0","0","0","0","98.4"
"1558523642389","05/22/19  11:14:02.389   ","8.03","-24.4","3.857","13.4","2.1","1.958","100","12.34","3.69","1.07","1.29","0.57","0.64","0.37","1.35","0","0.42","0","0","0","0","0","0.65","-24.6","140.8","-33.3","117.3","179.8","-87.4","106.7","-96.4","-76.1","0","109.7","0","0","0","0","0","97.5"
"1558523643486","05/22/19  11:14:03.486   ","7.91","-23.5","3.842","13.2","2.1","1.992","100","11.53","2.97","0.97","1.75","1.09","0.51","0.49","1.64","0.25","0.26","0","0.34","0","0","0","0.58","-22.7","24.2","-54.8","-72.3","155.1","-166.3","125.7","165.2","-83.4","-152.8","122.1","0","147.7","0","0","0","102.8"
"1558523644393","05/22/19  11:14:04.393   ","7.69","-20.9","3.845","13.4","2","1.87","100","12.25","1.77","1.32","1.6","0.85","0.78","0.45","1.5","0.2","0.35","0.2","0.3","0","0","0","0.76","-20.9","-21.2","-33.1","-60","140.8","143","111.6","112","-76.9","179","111.5","42.2","101.4","0","0","0","96.6"
"1558523645505","05/22/19  11:14:05.505   ","7.58","-20.4","3.872","13.2","2","1.814","100","12.77","3.76","0.49","1.43","1.38","0.47","0.55","1.9","0","0.24","0.26","0.33","0","0","0","0.68","-20.2","-136.5","-47.2","86.5","159.7","21.5","134.1","-2.7","-84.7","0","100.7","-72.7","148.9","0","0","0","103.2"
"1558523646511","05/22/19  11:14:06.511   ","7.67","-21.7","3.834","13.8","2","1.882","100","12.22","4.53","0.76","2.17","1.08","0.28","0.4","1.66","0","0.42","0","0","0","0","0","0.65","-19.4","42.6","-57.7","-83.8","164.5","-153.6","131.6","-175.4","-81.7","0","113.8","0","166.2","0","0","0","98.9"
"1558523647559","05/22/19  11:14:07.559   ","7.68","-20.6","3.845","13.4","2","1.9","100","11.7","3.61","0.45","1.84","0.78","1.03","0.45","1.38","0.29","0.42","0","0.29","0","0.24","0","0.76","-21.8","-70.4","-23.4","-60.8","149.4","51.5","32.7","43","-70.2","0","0","0","-149.7","0","0","0","93.7"
"1558523648559","05/22/19  11:14:08.559   ","7.65","-19.9","3.899","12.6","2","1.86","100","12.85","4.09","0.33","1.38","1.44","0.32","0.48","1.96","0.21","0.28","0","0.28","0","0","0","0.73","-20.5","-123.5","-45.7","58.3","159.9","29.2","107.2","14.2","-81.6","20.9","122.3","0","165.7","0","0","0","90.2"
"1558523649585","05/22/19  11:14:09.585   ","7.71","-21.6","3.857","14.1","2.1","1.857","100","12.54","4.2","0.92","2.1","0.91","0.37","0.35","1.69","0","0.47","0","0.2","0","0","0","0.67","-21.4","119.3","-36.4","130.3","172.8","-123.8","75.8","-127.4","-76.3","0","116.1","0","132.9","0","0","0","91.4"
"1558523650620","05/22/19  11:14:10.620   ","7.59","-20.3","3.838","13.6","2.1","1.853","100","11.99","1.75","1.3","2.02","0.86","0.69","0.57","1.59","0.24","0.25","0","0","0","0","0","0.79","-20.1","-1.7","-48.4","-64.6","145.8","170.4","126","138.5","-78.4","-172","134.4","0","0","0","0","0","101"
"1558523651617","05/22/19  11:14:11.617   ","7.67","-21.5","3.882","13.9","2","1.957","100","12.52","2.89","1.07","1.83","1","0.58","0.35","1.8","0","0","0","0","0","0.22","0","0.74","-20.4","-120.6","-44.2","47.4","157.2","29.9","106.4","20.5","-80.4","0","0","-59.6","-175.3","0","0","0","95.2"
"1558523652614","05/22/19  11:14:12.614   ","7.58","-19.6","3.897","13.2","2","1.822","100","12.62","2.94","1.3","1.64","0.97","0.64","0.57","1.48","0.33","0.43","0.23","0.41","0.22","0","0","0.8","-20.5","-178.7","-42","114.8","153.3","-9.4","147.9","-33.2","-82.9","-9.5","131.6","-94.9","109.9","-99.8","0","0","99.6"
"1558523653658","05/22/19  11:14:13.658   ","7.73","-21.4","3.856","13.9","1.8","1.903","100","12.55","4.04","1.02","1.88","0.67","0.43","0.28","1.66","0","0.35","0","0","0","0.2","0","0.75","-19.6","58.2","-56.1","-116.2","169.6","-146.9","123","-158","-80.3","0","122.5","144.8","-177.4","0","0","0","94.8"
"1558523654689","05/22/19  11:14:14.689   ","7.69","-20.1","3.86","13.7","2.1","1.904","100","11.99","1.77","1.28","2.07","0.84","0.66","0.55","1.5","0.24","0.25","0","0.21","0","0","0","0.81","-21.7","-63.9","-20.9","-72","152","48.2","48.1","51.4","-69.2","0","0","0","-111.3","0","-87.4","0","93"
"1558523655728","05/22/19  11:14:15.728   ","7.6","-19.7","3.906","12.7","2.1","1.811","100","12.88","3.96","0.39","1.4","1.42","0.35","0.5","1.97","0","0","0.21","0.43","0","0","0","0.76","-20.8","166.7","-37.5","120.9","152.2","-28.5","140.1","-49.4","-82.5","2.7","126.2","0","103.2","0","0","0","88.3"
"1558523656676","05/22/19  11:14:16.676   ","7.76","-19.8","3.88","13.3","2","1.857","100","12.81","2.92","1.46","1.43","0.72","0.69","0.49","1.49","0.27","0.35","0","0.32","0.21","0","0","0.91","-24.4","103.2","-41.9","154.1","161.2","-131.6","50.6","-151.4","-73.5","0","129","0","0","0","0","0","97.2"
"1558523657719","05/22/19  11:14:17.719   ","7.92","-23.7","3.879","12.9","2.1","1.948","100","11.63","3.64","0.64","1.68","1.22","0.48","0.49","1.8","0.22","0.21","0.22","0.4","0","0","0","0.7","-24.1","-24.1","-32.1","-60.6","136.5","136","107.4","115","-73.6","-172.9","105.9","0","0","0","0","0","106.2"
"1558523658719","05/22/19  11:14:18.719   ","8.06","-24.2","3.913","13","2","2.065","100","12.3","4.12","0.61","1.6","1.02","0.49","0.5","1.88","0","0.21","0","0.31","0","0.2","0","0.66","-24.5","-88.9","-35.3","-16.9","137.6","43.2","63.5","36.9","-72.1","0","119.7","0","-143.8","0","-98.7","0","89.2"
"1558523659762","05/22/19  11:14:19.762   ","7.67","-20.8","3.886","13.7","2.1","1.833","100","12.94","3.37","1.21","1.35","0.53","0.68","0.32","1.66","0","0.4","0","0","0","0","0","0.84","-21.3","141.8","-32.6","120.5","-178.6","-94.8","113.2","-104.6","-78.8","0","122.1","0","0","0","0","0","104.4"
"1558523660221","05/22/19  11:14:20.221   ","7.74","-20.6","3.85","13.5","2.1","1.85","100","12.23","4.61","0.8","2","1.12","0.26","0.44","1.84","0","0.35","0","0.26","0","0","0","0.82","-19.2","38.2","-60.1","-79.4","160.1","-156.1","133","179","-80.1","-146","128.2","0","162.9","0","0","0","97.7"
"1558523661481","05/22/19  11:14:21.481   ","7.69","-19.1","3.899","13","2.1","1.812","100","12.5","3.17","0.95","1.59","1.13","0.52","0.57","1.64","0.32","0.39","0.22","0.48","0","0","0","0.64","-21.2","138.4","-31.5","120","-179","-101.8","107.4","-112.6","-77.9","0","123","0","139.2","0","0","0","101.5"
"1558523662221","05/22/19  11:14:22.221   ","7.77","-21","3.892","14","2.1","1.829","100","13.04","4.09","0.56","1.55","1.13","0.42","0.51","1.95","0","0.29","0","0.31","0","0","0","0.7","-20.1","-162.5","-45.2","110.7","158.8","7.8","142.7","-22.8","-88.4","-0.4","134.5","-79","139.3","0","0","0","89.7"
"1558523663486","05/22/19  11:14:23.486   ","7.73","-20.1","3.861","13.7","2.1","1.899","100","12.06","1.77","1.31","1.99","0.88","0.68","0.49","1.54","0.27","0.22","0.21","0","0.21","0","0","0.79","-21.7","-66.7","-25","-64.4","151.6","46.4","44.9","44.6","-67.7","0","0","0","-119","0","-101.1","0","102"
"1558523664220","05/22/19  11:14:24.220   ","7.67","-21.3","3.886","13.6","2.1","1.858","100","12.52","4.19","0.35","1.68","1.41","0.47","0.47","2.01","0","0.24","0","0.32","0","0","0","0.82","-20.3","-7.7","-45.2","-61.5","142.1","167.6","126","135","-77.3","-174.3","130.4","0","109.6","0","0","0","99.3"
"1558523665467","05/22/19  11:14:25.467   ","7.65","-20.4","3.901","13.6","2.1","1.858","100","12.78","3.17","1.31","1.19","0.55","0.72","0.31","1.48","0","0.38","0","0","0","0","0","0.71","-20.3","81.6","-49","178.3","162.2","-136.3","93.2","-142.6","-77.5","0","141.4","0","-171.9","0","0","0","102"
"1558523666342","05/22/19  11:14:26.342   ","7.66","-21.4","3.87","13.4","2.1","1.853","100","12.92","3.31","1.25","1.24","0.53","0.68","0.25","1.6","0.21","0.35","0","0","0","0","0","0.77","-21.2","145.8","-34.3","123","174.7","-85.9","114.6","-92.7","-76.6","6.4","131","0","0","0","0","0","98.3"
"1558523667476","05/22/19  11:14:27.476   ","7.71","-21.3","3.914","13.9","2","1.955","100","12.49","3.02","0.86","2.01","1.02","0.59","0.34","1.86","0","0","0","0.2","0","0.2","0","0.83","-20.3","-128.8","-46.3","71.4","155.8","25.2","119","11.5","-83.7","0","0","-49.8","-178.5","0","0","0","97.3"
"1558523668308","05/22/19  11:14:28.308   ","7.65","-19.5","3.942","13.7","2","1.938","100","12.49","3.28","0.58","1.95","1.06","0.61","0.41","1.88","0","0.2","0","0.28","0","0","0","0.64","-21.7","-68.6","-23.1","-62.5","149.6","49.4","38.5","45.2","-70","0","147.9","0","-121.5","0","0","0","93.7"
"1558523669458","05/22/19  11:14:29.458   ","7.81","-21.5","3.889","13.5","2.1","1.9","100","12.72","4.67","0.51","1.59","1.33","0.34","0.49","1.9","0","0.4","0","0.28","0","0","0","0.72","-20.2","79.9","-49.2","-178","161.8","-136.4","114.5","-146.8","-79.5","0","133.7","0","-158.1","0","0","0","93.1"
"1558523670344","05/22/19  11:14:30.344   ","7.72","-20.1","3.881","13.7","2.1","1.879","100","12.66","4.51","0.35","1.52","1.39","0.4","0.51","1.91","0","0.33","0.23","0.31","0","0","0","0.58","-19.8","70.5","-52.6","-159.6","169","-141.4","114.1","-142.8","-80.6","0","123","161.6","-158.7","0","0","0","101.8"
"1558523671465","05/22/19  11:14:31.465   ","7.71","-19.4","3.95","12.7","2.1","1.845","100","12.74","3.71","0.6","1.4","1.36","0.39","0.54","1.92","0.21","0.26","0.23","0.39","0","0","0","0.69","-20","-139.7","-47.1","89.8","161.1","21.3","130.8","1","-84.7","12.5","126.7","-73.9","173","0","0","0","90.4"
"1558523672337","05/22/19  11:14:32.337   ","8.11","-23.9","3.94","12.5","2.1","1.949","100","12.27","3.72","0.87","1.33","1.2","0.43","0.57","1.77","0.28","0.27","0.25","0.39","0","0","0","0.63","-23.3","-152.4","-46.1","105.5","160.1","15.8","133.2","-18.2","-85.3","7.4","128.1","-84.5","152","0","0","0","93"
"1558523673450","05/22/19  11:14:33.450   ","6.87","-25.9","3.65","15.5","2.2","1.935","100","13.5","2.93","1.46","1.72","0.93","0.74","0.63","1.84","0.28","0.3","0.23","0.3","0","0","0","0.7","-25.8","-4.9","-52.1","-62.1","145","166.7","121.8","136.9","-75.1","-174.4","119.7","72.7","147.7","0","0","0","101.2"
"1558523674334","05/22/19  11:14:34.334   ","6.91","-27.1","3.678","15.6","2.1","1.98","100","14.45","2.46","1.87","1.7","0.95","0.97","0.59","1.9","0.3","0.3","0.23","0","0.28","0.28","0","0.77","-24.7","-16.1","-51.3","-58.3","137.1","165.6","105.3","138","-71.8","-178.8","102.5","79.2","0","89.1","-73.6","0","100.1"
"1558523675452","05/22/19  11:14:35.452   ","6.61","-23.1","3.653","16.5","2.1","1.808","100","14.98","5.07","1.33","1.84","0.72","0.65","0.35","2","0","0.57","0","0","0","0.22","0","0.9","-23.5","131","-39.1","121.2","-169.1","-115.9","101.3","-118.6","-78.4","0","121.5","0","0","0","-23.2","0","100.4"
"1558523676332","05/22/19  11:14:36.332   ","6.53","-22.7","3.634","16.7","2.1","1.827","100","14.71","5.72","1.14","2.14","1.13","0.35","0.45","2.16","0","0.58","0","0","0","0","0","0.95","-23.4","115.8","-42.2","134.7","175.9","-125.8","86.1","-139","-76.3","0","130.7","0","0","0","0","0","101"
"1558523677451","05/22/19  11:14:37.451   ","6.65","-23.3","3.666","15.6","2.1","1.918","100","15.46","5.37","0.7","1.39","1.42","0.44","0.6","2.51","0","0.22","0","0.3","0","0.25","0","0.93","-23.3","-97.1","-44.4","-13","146","44.9","76.7","41.2","-74","0","124.4","0","-144","0","-116.1","0","90.7"
"1558523678340","05/22/19  11:14:38.340   ","6.61","-21.2","3.663","15.3","2.1","1.862","100","15.52","5.6","0.5","1.26","1.59","0.47","0.64","2.6","0","0.26","0.22","0.41","0","0.26","0","0.99","-22.9","-109.4","-47.9","8.8","158.1","37.3","99.1","21.4","-77.9","0","125.7","-44.3","-156.3","0","-103.5","0","91.6"
"1558523679480","05/22/19  11:14:39.480   ","6.62","-22.7","3.606","16.1","2.1","1.822","100","14.64","4.81","0.76","1.75","1.59","0.61","0.57","2.43","0","0.27","0.24","0.33","0","0","0","0.96","-21.3","41.1","-64","-83.1","168.3","-154.7","131.2","-178.9","-82.2","0","124","123.4","167.8","0","0","0","103.8"
"1558523680423","05/22/19  11:14:40.423   ","6.62","-23.1","3.609","16.4","2.1","1.853","100","14.93","2.66","1.63","1.46","0.92","0.99","0.48","1.93","0.27","0.31","0.21","0","0","0","0","0.89","-23.4","-26.6","-42.3","-59","146.7","127.5","105.2","113.5","-69.4","-163.1","116.2","63.2","0","0","0","0","95.3"
"1558523681539","05/22/19  11:14:41.539   ","6.56","-23.6","3.614","16.8","2.2","1.81","100","15.28","5","1.3","1.68","0.71","0.67","0.32","2.12","0","0.46","0","0","0","0","0","1.12","-23.8","132.9","-39.3","124.2","-167.2","-112.4","104.3","-110.8","-75.9","0","109","0","0","0","0","0","96.9"
"1558523682396","05/22/19  11:14:42.396   ","6.61","-23.6","3.607","16.8","2.2","1.793","100","14.99","4.23","1.29","1.55","1.29","0.74","0.68","2.15","0.35","0.4","0.26","0.43","0.26","0","0","0.98","-23.8","132","-39","124.1","-169.3","-113.7","105.3","-126","-74.8","0","118","0","0","0","0","0","95.2"
"1558523683541","05/22/19  11:14:43.541   ","6.55","-23.8","3.606","16.8","2.2","1.887","100","14.94","4.21","0.91","2.02","1.24","0.72","0.34","2.37","0","0.22","0","0.24","0","0.2","0","0.87","-24.3","-63","-31.9","-69.3","159.4","50.3","57.5","42.4","-69.7","0","125.5","0","-150.6","0","-111.6","0","94"
"1558523684453","05/22/19  11:14:44.453   ","6.51","-23.9","3.601","16.7","2","1.903","100","14.96","4.13","1.11","1.92","1.22","0.69","0.42","2.29","0","0.24","0","0.35","0","0.27","0","0.74","-22.7","-127.2","-51.6","69","170.4","25.1","118.3","5.5","-81.9","35.7","120.8","-63.8","167.9","0","0","0","88.8"
"1558523685596","05/22/19  11:14:45.596   ","6.52","-24.2","3.559","16.8","2.1","1.861","100","14.72","6.18","1.06","2.13","1.24","0.26","0.5","2.28","0","0.52","0","0.23","0","0","0","0.83","-21.5","41.7","-63.5","-80.7","173.1","-154.8","128.4","-176.9","-81.5","-136.2","120.8","129.2","177.9","0","-97.4","0","92.9"
"1558523686541","05/22/19  11:14:46.541   ","6.41","-23.2","3.541","16","2.1","1.811","100","14.85","5.38","0.48","1.7","1.62","0.47","0.58","2.52","0","0.38","0.23","0.53","0","0.22","0","0.75","-22.9","-11.4","-49.7","-62","146.5","159.5","122.5","125.1","-75.3","174.8","109.3","0","135.3","81.8","-63.7","0","93.9"
"1558523687640","05/22/19  11:14:47.640   ","6.78","-26","3.622","14.5","2.1","1.937","100","14.54","5.73","0.4","1.03","1.6","0.42","0.57","2.46","0","0","0.21","0.32","0","0","0","0.93","-26.5","-128.4","-51.9","76.3","166.1","23.8","113","7.5","-81.5","0","0","-60.4","168.6","0","0","0","89.2"
"1558523688570","05/22/19  11:14:48.570   ","6.7","-25.5","3.604","15.2","2.1","1.886","100","14.19","4.26","1.5","1.43","1.11","0.86","0.76","1.79","0.37","0.49","0.33","0.35","0.24","0","0","0.89","-26.7","-179.9","-47","112.1","159.9","-9.6","134.6","-38.9","-85.5","-21.8","118.1","-109.3","103.1","-117.9","0","0","87"
"1558523689658","05/22/19  11:14:49.658   ","6.72","-27.4","3.528","15.2","2.1","1.883","100","15.31","6","0.35","1.59","1.87","0.58","0.71","2.54","0","0.37","0.29","0.36","0","0.22","0","0.92","-22.5","67.8","-59.4","-122","170.7","-140.7","99.7","-152.1","-77.3","0","117.8","154.2","-153.6","0","-89.7","0","99.9"
"1558523690219","05/22/19  11:14:50.219   ","6.38","-23.1","3.553","15.2","2","1.854","100","14.99","5.01","0.56","1.82","1.31","0.61","0.61","2.58","0","0.25","0","0.41","0","0.27","0","0.81","-24.3","-78.2","-37","-39.9","151.8","47.8","24.7","43.4","-71.5","0","158.6","0","-136.2","0","-105.6","0","89.1"
"1558523691485","05/22/19  11:14:51.485   ","6.43","-23","3.49","16","2.1","1.804","100","14.73","5.35","0.61","1.66","1.61","0.56","0.58","2.43","0","0.33","0.24","0.41","0","0.24","0","0.76","-21.7","48","-63","-88","173.5","-150.7","124.5","-169.3","-81.1","0","131","128.4","170.2","0","-121.8","0","99.1"
"1558523692221","05/22/19  11:14:52.221   ","6.33","-22.6","3.483","16.1","2.1","1.843","100","15.36","4.86","1.36","1.35","0.69","0.93","0.36","2","0","0.5","0","0.2","0","0.2","0","0.86","-24.2","140.3","-41","121.7","-166.3","-87.2","115.4","-89","-75.4","0","124.2","0","91.1","0","-45.3","0","90.5"
"1558523693452","05/22/19  11:14:53.452   ","6.42","-23.8","3.499","15.8","2","1.892","100","15.23","5.31","0.71","1.75","1.29","0.46","0.6","2.7","0","0","0","0.39","0","0.27","0","1.02","-24.3","-86.7","-42.7","-24.2","142.3","44.4","43.1","36.5","-71.3","0","0","0","-131.5","0","-136.5","0","85.7"
"1558523694216","05/22/19  11:14:54.216   ","6.35","-22.3","3.494","16.7","2.1","1.835","100","14.29","2.91","1.57","1.97","1.06","0.8","0.75","2.14","0.32","0","0.23","0.25","0.2","0","0","0.94","-22.2","4.1","-59.9","-68.2","153.2","175.6","130.6","144.8","-79.1","-163.7","0","93.6","134.1","93.3","0","0","100.3"
"1558523695476","05/22/19  11:14:55.476   ","6.34","-23.8","3.465","16.6","2.1","1.767","100","15.31","4.62","1.43","1.09","0.72","1","0.43","2.02","0","0.46","0.22","0.24","0","0.23","0","0.79","-24.1","146.8","-43.1","121.8","-170.8","-74.8","119.7","-80.7","-73","0","107.2","-148.5","106.4","0","-44.7","0","99.1"
"1558523696342","05/22/19  11:14:56.342   ","6.39","-24.5","3.464","15.9","2","1.748","100","14.91","4.1","1.62","1.56","1.13","0.78","0.74","1.97","0.31","0.42","0","0.51","0","0.3","0","0.88","-23.3","178.5","-48.1","114.2","162.1","-15.5","141.4","-37.6","-82.3","-10.8","122.9","-100.2","112.6","-116.3","0","0","87.7"
"1558523697491","05/22/19  11:14:57.491   ","6.28","-22.8","3.422","16","2.1","1.787","100","14.36","4.12","1.2","1.81","1.45","0.64","0.59","2.37","0.23","0.28","0","0.39","0","0.24","0","0.87","-21.8","27.4","-63.8","-70.5","165.7","-165.7","131.2","170.3","-81.2","-155.5","104.8","0","164.9","0","-98.5","0","107.2"
"1558523698345","05/22/19  11:14:58.345   ","6.24","-23","3.413","15.9","2","1.825","100","14.88","6.15","0.38","1.49","1.66","0.48","0.59","2.67","0","0.37","0.27","0.42","0","0.21","0","0.94","-22.5","66","-58.7","-136.4","178.7","-143.8","118.1","-153.3","-77.2","0","130.7","136.6","-173.7","0","-120.1","0","92.1"
"1558523699464","05/22/19  11:14:59.464   ","6.35","-23.7","3.426","15.7","2","1.857","100","14.42","2.69","1.58","1.67","0.97","0.92","0.64","1.99","0.2","0.36","0","0.25","0.22","0","0","1.05","-24.7","-76.1","-37.2","-48.5","153.4","43.8","36.1","36.3","-71.6","0","167.4","0","-145.3","0","-116.9","0","90.6"
"1558523700335","05/22/19  11:15:00.335   ","6.32","-23.7","3.416","16.4","2","1.787","100","14.18","4.06","1.2","1.81","1.41","0.71","0.61","2.3","0.21","0.35","0.27","0.36","0","0","0","0.88","-24.1","-30.8","-38.2","-62.6","150.6","121.8","107.8","99","-74.4","0","115.3","42.8","0","0","0","0","90.9"
"1558523701480","05/22/19  11:15:01.480   ","6.18","-22.3","3.421","15.9","2","1.747","100","14.8","4.2","1.38","1.58","1.32","0.8","0.75","1.96","0.3","0.52","0.36","0.36","0.25","0.27","0","0.96","-23.2","-171.1","-50.4","108.2","168.5","-3.9","140.8","-36.7","-83.2","-22.5","115.6","-101.1","95.1","-121.4","-0.9","0","92.1"
"1558523702435","05/22/19  11:15:02.435   ","6.32","-22.8","3.41","16","2","1.737","100","14.73","4.05","1.51","1.6","1.2","0.92","0.74","1.94","0.31","0.48","0.28","0.34","0.26","0.21","0","0.85","-23.6","177.8","-49.6","111.1","164.2","-14.2","139.1","-43.2","-79.7","-24.3","124.3","-105.1","113.8","-117.2","-37.1","0","93.7"
"1558523703506","05/22/19  11:15:03.506   ","6.65","-28.8","3.385","15.8","2","1.943","100","13.62","6.42","0.95","1.97","1.14","0.42","0.47","2.13","0","0.46","0","0.22","0","0.27","0","0.73","-26.1","46.2","-60.1","-83.4","177.4","-153.5","122.4","-172.8","-80.2","0","113.8","138.4","170.9","0","0","0","89.7"
"1558523704530","05/22/19  11:15:04.530   ","6.57","-27","3.374","15.1","2","1.891","100","13.51","5.04","0.78","1.47","1.51","0.56","0.57","2.44","0.21","0.2","0.22","0.32","0","0","0","0.87","-26","40.5","-60.7","-79.4","170.8","-155.7","126.6","176.4","-80","-143.9","135.8","125.3","179.5","0","0","0","96.9"
"1558523705549","05/22/19  11:15:05.549   ","6.18","-24.3","3.337","16.3","2","1.787","100","14.4","4.69","0.91","1.71","1.54","0.59","0.62","2.54","0.2","0.34","0.24","0.38","0","0","0","0.89","-24","-20.5","-44.2","-61.9","144.9","142.6","116.8","110.2","-75.2","0","121.4","49.3","0","0","0","0","97.3"
"1558523706575","05/22/19  11:15:06.575   ","6.25","-24.4","3.35","15.5","1.9","1.842","100","14.5","2.93","1.5","1.41","1.06","0.95","0.58","2.09","0","0.4","0.25","0.22","0","0","0","0.96","-24.8","-83.3","-40.7","-31.3","149.8","46.5","24.1","32.1","-72.7","0","152.3","21.2","-138.6","0","-127.1","0","92.5"
"1558523707621","05/22/19  11:15:07.621   ","6.14","-24.3","3.37","15","1.9","1.816","100","14.71","5.32","0.57","1.71","1.27","0.55","0.66","2.75","0","0.28","0","0.38","0","0.24","0","0.89","-23.2","-141.8","-54","91.4","174","16.2","134.6","-12.9","-83.2","11.2","111.8","-80.3","150","0","0","0","91.5"
"1558523708595","05/22/19  11:15:08.595   ","6.12","-22.3","3.363","14.9","1.9","1.781","100","14.83","5.23","0.64","1.26","1.64","0.57","0.69","2.56","0.27","0.41","0.25","0.41","0","0","0","0.9","-23.2","-137.9","-54.5","89.3","172.8","17.4","129.5","-10.9","-82.9","26.9","116.1","-81.6","154.3","0","0","0","85.3"
"1558523709642","05/22/19  11:15:09.642   ","6.12","-23.7","3.341","15.9","2","1.729","100","14.68","4.13","1.57","1.52","1.09","0.98","0.67","1.97","0.3","0.5","0.31","0.37","0.22","0.21","0","0.89","-24","169.6","-46.8","114.6","158.4","-31.4","139.5","-50.8","-80.2","-43.1","119.3","-122.8","96.4","-147.7","-21.1","0","90.9"
"1558523710619","05/22/19  11:15:10.619   ","6.22","-23.2","3.325","15.8","2","1.733","100","14.61","4.07","1.51","1.57","1.17","0.93","0.7","2","0.29","0.47","0.29","0.24","0.21","0","0","1.01","-23.8","177.5","-49.3","110.9","162.7","-19.6","137.4","-43.3","-82.5","-16.7","112.3","-104.1","100.2","-131.5","0","0","83.1"
"1558523711635","05/22/19  11:15:11.635   ","6.19","-24.9","3.308","16.8","2","1.761","100","14.66","4.28","1.33","1.57","1.31","0.84","0.73","2.13","0.29","0.37","0.33","0.29","0","0","0","0.88","-25","134.8","-40.9","116.9","-161.4","-98.8","103.3","-103.1","-74.1","0","114.2","0","0","0","-57.6","0","90.4"
"1558523712659","05/22/19  11:15:12.659   ","6.18","-24.7","3.29","15.8","1.9","1.803","100","14.94","4.67","1.36","1.03","0.83","1.19","0.48","1.94","0","0.48","0.24","0.25","0.21","0.24","0","0.84","-24.2","87.1","-53.5","162.8","165","-131.8","87.6","-147.1","-74.6","0","124.1","-169.4","-123.1","0","-70.8","0","86.8"
"1558523713686","05/22/19  11:15:13.686   ","6.09","-25.3","3.272","16.4","1.9","1.827","100","14.23","6.3","0.96","2.19","1.22","0.44","0.54","2.24","0","0.46","0","0","0","0.23","0","0.65","-24.9","109.2","-45.9","137.2","176.8","-126","70","-140.4","-74.1","0","107.6","0","0","0","-63.1","0","85.4"
"1558523714704","05/22/19  11:15:14.704   ","6.12","-24","3.259","15.4","2","1.803","100","14.66","6.32","0.36","1.41","1.68","0.57","0.6","2.68","0","0.35","0.24","0.28","0","0.25","0","0.89","-23.6","69.8","-58","-158","177.6","-142.8","115.4","-155.4","-77.8","0","118","166.4","-169.8","0","-82.5","0","88.6"
"1558523715729","05/22/19  11:15:15.729   ","6.05","-23.5","3.249","15.6","1.9","1.769","100","14.09","6.54","0.8","1.96","1.57","0.31","0.57","2.38","0","0.52","0.22","0","0","0.28","0","0.85","-24.6","94","-51.4","157","166.3","-129.9","68.5","-139.4","-73.4","0","114.2","-172.7","0","0","-66.8","0","88.5"
"1558523716737","05/22/19  11:15:16.737   ","6.02","-23.8","3.244","15.6","2","1.76","100","14.56","6.02","0.37","1.66","1.66","0.54","0.6","2.42","0","0.48","0","0.34","0","0","0","0.9","-23.1","61.2","-59.3","-120.4","-178.4","-145.9","117.2","-163.1","-80.5","0","117.6","0","174","0","0","0","93.2"
"1558523717767","05/22/19  11:15:17.767   ","6.07","-23.6","3.232","15.8","1.9","1.761","100","14.26","6.51","0.67","1.81","1.62","0.23","0.67","2.45","0.21","0.51","0","0.21","0","0.28","0","0.72","-24.5","-22.5","-44.7","-63.7","146.5","137.8","120.2","107.7","-78.3","0","115.1","34.9","0","0","0","0","95.9"
"1558523718214","05/22/19  11:15:18.214   ","6.37","-28.9","3.291","15.2","1.9","1.91","100","13.33","3.46","1.38","1.5","0.92","0.72","0.64","1.93","0","0.34","0","0.33","0","0","0","0.88","-27.8","-8.3","-48.3","-68.6","147.5","157.3","122.7","131.6","-77.4","0","119.5","0","118.4","0","0","0","88.4"
"1558523719468","05/22/19  11:15:19.468   ","6.32","-28","3.309","14.4","1.9","1.943","100","13.91","5.88","0.55","1.24","1.3","0.36","0.64","2.66","0.22","0.26","0.24","0.4","0","0","0","0.88","-27.5","-148.6","-51.7","93.1","170.5","11","135.3","-17.7","-83.9","0.1","106.3","-93.8","149.4","0","0","0","85.4"
"1558523720219","05/22/19  11:15:20.219   ","6.37","-28.9","3.278","15.3","1.9","1.895","100","13.11","3.39","1.5","1.59","0.98","0.73","0.63","2.01","0.2","0.32","0","0.26","0","0","0","0.92","-27.3","-0.4","-50","-69.9","152.9","167.3","123","136.7","-78.8","-167.1","114.5","0","139.2","0","0","0","99.4"
"1558523721466","05/22/19  11:15:21.466   ","5.98","-24.8","3.257","14.7","1.8","1.851","100","14.18","5.32","0.5","1.76","1.34","0.59","0.53","2.65","0","0.38","0","0.45","0","0.26","0","0.98","-23.8","-134.5","-54.6","90.8","173.5","19.8","132.5","-2.3","-83.1","4.4","125.7","-82.7","174.9","0","-105.1","0","85.9"
"1558523722225","05/22/19  11:15:22.225   ","6.02","-25.3","3.23","16.4","2","1.761","100","13.92","3.69","1.43","1.74","1.31","0.79","0.65","2.47","0.22","0.32","0","0.31","0","0.22","0","1.01","-23","15.6","-60.9","-73.6","161.3","-176.4","130.6","150.4","-82.2","-153.1","129.7","0","160.6","0","-86.3","0","89.4"
"1558523723460","05/22/19  11:15:23.460   ","5.98","-25","3.226","15.8","1.8","1.843","100","14.59","4.73","1.09","1.58","1.31","0.59","0.54","2.46","0","0.37","0.26","0","0","0","0","0.96","-24","-117.2","-51.1","38.3","176.1","33","106","20.8","-81.3","24.7","122.9","-60.8","169","0","0","0","88.5"
"1558523724309","05/22/19  11:15:24.309   ","6.04","-25.2","3.2","16.2","1.9","1.753","100","14.03","4.66","1.04","1.68","1.46","0.7","0.56","2.51","0.27","0.26","0.22","0.32","0","0.24","0","0.9","-22.8","33.5","-62.5","-75.8","170.3","-160.7","131.3","170","-80","-145.1","129.7","129.4","175.6","0","-90.8","0","97.7"
"1558523725487","05/22/19  11:15:25.487   ","6.01","-25.4","3.225","14.8","1.8","1.844","100","14.36","3.69","1.34","0.91","1.2","0.87","0.52","2.3","0","0.4","0.29","0","0","0.24","0","1.06","-25","-95.3","-44.5","-14.2","142.7","47.2","36.2","39.1","-78.3","40.5","150.9","-34.1","-144.9","0","-78.9","0","94.5"
"1558523726348","05/22/19  11:15:26.348   ","6.03","-24.5","3.176","16","1.9","1.748","100","14.36","6.04","0.41","1.59","1.66","0.62","0.67","2.59","0.2","0.43","0.3","0.3","0","0.24","0","0.86","-23.3","3.3","-55.1","-71.7","160.2","166.7","122.6","141.2","-80.5","0","128.6","0","142.2","0","0","0","85"
"1558523727470","05/22/19  11:15:27.470   ","6.03","-24.9","3.178","15.8","1.8","1.79","100","13.84","3.12","1.49","1.69","0.97","0.81","0.73","2.03","0","0.46","0","0.28","0","0","0","0.83","-25.5","-64.1","-31.5","-85.3","175.5","51.5","40.9","43.7","-78.5","0","133.4","-43.2","177.2","0","-26.8","0","89.1"
"1558523728346","05/22/19  11:15:28.346   ","5.98","-23.8","3.17","15.5","1.9","1.787","100","14.2","6.45","0.52","1.82","1.8","0.45","0.71","2.57","0","0.37","0.26","0.28","0","0.3","0","0.91","-22.9","32.7","-63.1","-75.3","172.9","-159.6","131.2","169","-81.6","-153.1","118.7","0","163.9","0","-65.9","0","88.1"
"1558523729467","05/22/19  11:15:29.467   ","6","-23.9","3.161","16","1.9","1.749","100","13.86","3.99","1.24","1.76","1.29","0.78","0.6","2.43","0.25","0.28","0","0.24","0.21","0.29","0","0.92","-24.9","-31.5","-36.9","-64.1","161.5","118.2","109","78.8","-78.1","0","118.8","0","0","0","-54.5","0","89.7"
"1558523730343","05/22/19  11:15:30.343   ","5.92","-24","3.165","15","1.8","1.79","100","14.51","5.5","0.92","1.92","0.91","0.96","0.6","2.21","0","0.38","0.32","0","0.2","0.39","0","0.91","-23.6","66.2","-59","-136.4","-178.8","-143.9","111.8","-153.9","-78.6","-143.6","104.9","0","-164.1","0","-109.1","0","87.4"
"1558523731467","05/22/19  11:15:31.467   ","5.96","-23.8","3.156","15.2","1.9","1.746","100","14.21","5.86","0.45","1.63","1.64","0.63","0.6","2.62","0.2","0.34","0.25","0.3","0","0.28","0","0.83","-23.6","1.7","-53.6","-73.5","157.9","167","130","134.7","-82.8","0","117.4","0","0","0","0","0","83.8"
"1558523732336","05/22/19  11:15:32.336   ","5.92","-25.3","3.163","15.7","1.9","1.754","100","14.2","4.16","1.43","1.48","1.08","1.13","0.8","1.88","0","0.48","0.22","0","0","0.28","0","0.96","-25.2","106","-47.4","137.9","173.9","-125.7","74.2","-138.9","-71.2","-153.2","82.7","143.5","-88.2","0","-93.9","0","95.4"
"1558523733459","05/22/19  11:15:33.459   ","5.92","-25","3.156","15.4","1.8","1.803","100","15.79","7.78","1.48","2.72","1.17","0.34","0.53","2.14","0.36","0.5","0.29","0.24","0.23","0.41","0.2","0.76","-27.1","40.9","-60.7","-80.5","176.4","-156.2","121.6","178.8","-80.8","-147.8","116.7","126.5","-176.3","0","-110","0","84.4"
