"DoubleTime","StringTime","I3 Mag","I3 Ang","kW","I3 THD","I3 TDD","kvar","I3 %HD01","I3 %HD02","I3 %HD03","I3 %HD04","I3 %HD05","I3 %HD06","I3 %HD07","I3 %HD08","I3 %HD09","I3 %HD10","I3 %HD11","I3 %HD12","I3 %HD13","I3 %HD14","I3 %HD15","I3 %HD16","I3 %HD17","I3 H01 ANG","I3 H02 ANG","I3 H03 ANG","I3 H04 ANG","I3 H01 ANG:1","I3 H02 ANG:1","I3 H03 ANG:1","I3 H04 ANG:1","I3 H05 ANG","I3 H06 ANG","I3 H07 ANG","I3 H08 ANG","I3 H09 ANG","I3 H10 ANG","I3 H11 ANG","I3 H12 ANG","I3 H13 ANG"
"0","                         ","34320","36368","15","5900","7436","271","30","286","542","798","1054","1310","1566","1822","2078","2334","2590","2846","3102","3358","3614","3870","4126","106","362","618","874","106","362","618","874","1130","1386","1642","1898","2154","2410","2666","2922","3178"
"1555349653608","04/15/19  17:34:13.608   ","5.39","84.5","3.463","19.9","2.1","1.829","100","18.48","2.94","1.48","4.03","1.48","0.36","0.8","0.48","0.25","0.34","0","0","0","0","0","0","85.3","111.7","-56.9","118.1","84.6","51.5","-24.9","-95.6","-12.9","-53","44.3","142.3","99.4","0","0","0","0"
"1555349654378","04/15/19  17:34:14.378   ","5.36","85.5","3.467","20.4","2.2","1.897","100","17.67","1","0.7","4.33","1.41","0.93","1.1","0.21","0.2","0.38","0","0","0","0","0","0","84.5","-141.9","-61.1","92.4","84.5","-141.9","-61.1","92.4","-10.1","116.5","16.2","-39.8","26.1","179.7","161.4","0","0"
"1555349655582","04/15/19  17:34:15.582   ","5.39","86.3","3.502","18.9","2.1","1.801","100","18.91","2.35","0.23","3.63","1.42","0.26","1.02","0.36","0","0","0.2","0.38","0","0","0","0.25","85","14.7","-33.7","-71.6","85","14.7","-33.7","-71.6","-12.1","-89.1","-29.7","131.2","43.4","0","152.6","0","0"
"1555349656375","04/15/19  17:34:16.375   ","5.36","85.4","3.515","18.4","2","1.794","100","18.49","2.67","1.46","4.04","1.42","0.3","0.8","0.45","0.23","0.35","0","0","0","0","0","0","85.5","116.8","-56.1","116.8","85.5","116.8","-56.1","116.8","-11.1","15.4","29","-148.7","-115.3","0","0","-34.5","-64.9"
"1555349657595","04/15/19  17:34:17.595   ","5.31","84.5","3.482","19.8","2.1","1.795","100","19.53","5.32","1.7","3.73","1.73","0.64","0.8","0.66","0.26","0.31","0","0","0","0","0","0","86","-88.5","-85.6","-93.4","84.3","-150.9","-49.2","97.1","-12.8","111.7","8.1","-48.5","8.8","0","153.4","0","0"
"1555349658387","04/15/19  17:34:18.387   ","5.48","84.4","3.468","20.2","2.1","1.833","100","19.08","3.28","1.45","4.06","1.24","0.21","0.87","0.39","0","0.24","0","0","0","0","0","0","85","11.8","-35.3","-70.3","85","11.8","-35.3","-70.3","-11.6","-92.2","-31.1","128.1","35.8","0","146.2","0","0"
"1555349659581","04/15/19  17:34:19.581   ","5.56","85.5","3.473","19.4","2.2","1.893","100","17.76","0.79","0.54","4.2","1.44","1.02","1.13","0","0.22","0.46","0","0","0","0","0","0.24","84.9","163.1","-41.2","121.3","84.9","163.1","-41.2","121.3","-1.4","51.8","66.2","-95.9","-53.2","29.7","132","0","0"
"1555349660354","04/15/19  17:34:20.354   ","5.36","84.9","3.455","19.7","2.1","1.802","100","19.57","5.4","1.58","3.64","1.87","0.72","0.78","0.73","0.24","0.31","0.22","0","0","0","0","0","86.1","-96.9","-89.4","0","86.1","-96.9","-89.4","0","-9.2","166.6","20.2","-14.2","-117.7","0","-180","93.6","0"
"1555349661595","04/15/19  17:34:21.595   ","5.36","85.3","3.531","20.3","2.1","1.786","100","18.97","3.8","0.56","4.01","1.85","0.91","0.9","0.59","0","0","0.2","0.36","0","0","0","0","84.7","47.9","-17.6","-95.9","84.7","47.9","-17.6","-95.9","-14.1","-58.5","43","140.9","84.8","30.4","0","0","0"
"1555349662379","04/15/19  17:34:22.379   ","5.48","84.9","3.533","19.2","2.1","1.844","100","18.5","1.14","1.11","4.23","1.41","0.81","1.06","0.22","0.2","0.39","0","0","0","0","0","0.23","85","145.6","-47.4","122.2","85","145.6","-47.4","122.2","-4.1","39.1","59.5","-117.7","-79.5","20.1","114.3","0","-23.4"
"1555349663596","04/15/19  17:34:23.596   ","5.41","85.5","3.506","19.4","2.2","1.801","100","19.53","4.46","1.78","3.83","1.42","0.27","0.85","0.49","0","0.27","0","0","0","0","0","0","86.5","-69.6","-78.5","-93.5","86.5","-69.6","-78.5","-93.5","-4.1","-165.7","22.9","16","-95.6","178.4","158.1","137.6","0"
"1555349664358","04/15/19  17:34:24.358   ","5.45","86.6","3.513","20.1","2.2","1.831","100","18.95","2.79","0.34","3.71","1.37","0.62","1","0.37","0","0","0.25","0.43","0","0.22","0","0","84.9","23.8","-26.9","-79.9","84.9","23.8","-26.9","-79.9","-17.7","-79.8","-11.4","137.2","58.2","-4.4","0","0","0"
"1555349665599","04/15/19  17:34:25.599   ","5.49","84.6","3.502","19.7","2.2","1.916","100","17.96","0.91","0.57","4.14","1.41","0.99","1.19","0","0.31","0.5","0","0","0","0","0","0.26","84.5","170.2","-38.7","119","85.7","104.9","-59.2","129.9","-16.6","7.7","18.5","-165","-124.9","0","0","-44.4","-87.3"
"1555349666361","04/15/19  17:34:26.361   ","5.38","85.8","3.477","19.6","2.2","1.813","100","19.7","5.39","1.62","3.67","1.82","0.64","0.79","0.68","0.27","0.32","0","0","0","0","0","0","86.3","-94.2","-88.7","0","86.3","-94.2","-88.7","0","-10.7","169.4","12","-14.4","-117.4","156.7","168.6","98","0"
"1555349667575","04/15/19  17:34:27.575   ","5.5","85.1","3.536","20.2","2.1","1.797","100","19.01","3.88","0.54","4.09","1.82","0.98","0.92","0.53","0","0","0.2","0.38","0","0","0","0","84.9","46.3","-18.8","-94.3","84.9","46.3","-18.8","-94.3","-14.7","-60","39.6","136.9","74.2","19.7","0","0","0"
"1555349668510","04/15/19  17:34:28.510   ","5.5","84.9","3.558","19.4","2.2","1.825","100","19.2","2.39","0.27","3.59","1.33","0.35","1.01","0.33","0","0","0.24","0.41","0.2","0.21","0","0","85.2","16.5","-31.9","-73.2","85.2","16.5","-31.9","-73.2","-14.4","-87.1","-29.6","133","46.9","0","155.1","0","0"
"1555349669384","04/15/19  17:34:29.384   ","5.37","86.7","3.551","18.7","2.2","1.789","100","19.16","3.89","0.61","3.98","1.87","0.93","0.91","0.63","0","0","0.2","0.4","0","0.22","0","0","85.7","109.8","-58.8","124","84.9","48","-18.4","-94.7","-14.2","-58.9","48.2","137.4","80.7","11.5","0","0","-143.7"
"1555349670612","04/15/19  17:34:30.612   ","5.57","84.4","3.498","19.8","2.2","1.833","100","18.48","2.13","0.28","3.3","1.48","0.73","0.98","0.39","0","0.39","0","0","0","0","0","0.26","84.5","-168.4","-36.7","108.3","84.5","-168.4","-36.7","108.3","-6.7","89.7","7.9","-67.1","-18.2","0","151.6","0","0"
"1555349671467","04/15/19  17:34:31.467   ","5.47","84.7","3.487","19.7","2.2","1.811","100","19.74","4.86","1.86","3.84","1.55","0.39","0.85","0.51","0.24","0.28","0","0","0","0","0","0","86.8","-77","-81.9","-98.9","84.6","-139.7","-68.4","86.4","-7.5","111.8","15.3","-43.4","0","157.2","155.4","0","0"
"1555349672590","04/15/19  17:34:32.590   ","5.38","85.4","3.53","20.8","2.1","1.842","100","18.94","1.98","1.55","4.11","1.42","0.45","0.91","0.35","0","0.44","0","0.2","0","0","0","0","85.7","123.7","-54.7","116.8","85.4","63.5","-35.4","-100.8","-14","-31.8","59.7","146.5","110","29.9","0","0","-129.9"
"1555349673374","04/15/19  17:34:33.374   ","5.52","85","3.546","21","2.1","1.921","100","18.28","0.61","0.73","4.33","1.39","0.99","1.12","0","0.26","0.46","0","0","0","0","0","0.24","84.5","-142.4","-55.8","87","85","155.2","-42.7","123.9","-2.5","46.1","56.1","-106.9","-64.8","29.5","130.3","0","0"
"1555349674781","04/15/19  17:34:34.781   ","5.57","84.7","3.497","19.8","2.2","1.867","100","18.09","0.74","0.58","4.2","1.35","0.97","1.17","0","0.32","0.52","0","0","0","0","0","0.28","84.7","167.1","-39.6","121.2","84.7","167.1","-39.6","121.2","-1.6","55.1","51.3","-93.3","-48.2","35.9","139.7","0","0"
"1555349675442","04/15/19  17:34:35.442   ","5.48","86.6","3.533","18.6","2.2","1.813","100","19.16","2.63","0.31","3.65","1.33","0.56","1.01","0.33","0","0","0.23","0.44","0.21","0.23","0","0","85.2","21.1","-27.2","-76.7","85.2","21.1","-27.2","-76.7","-16.5","-83.4","-13.8","135.1","43.7","-22.6","0","0","0"
"1555349676605","04/15/19  17:34:36.605   ","5.6","84.7","3.499","19.8","2.3","1.87","100","18.17","0.51","0.67","4.32","1.32","1","1.13","0","0.3","0.5","0","0","0","0.2","0","0.29","84.8","-138.4","-75.4","80.4","85","159","-42","123","-2.5","49.1","54.8","-104.5","-54.5","23.6","131.6","0","0"
"1555349677520","04/15/19  17:34:37.520   ","5.39","85.2","3.52","20.3","2.2","1.887","100","18.51","1.89","0.36","3.47","1.43","0.73","1.02","0.34","0","0.4","0.2","0","0","0","0","0.25","84.5","-172.1","-36.9","110","84.5","-172.1","-36.9","110","-5.7","82","10","-71.2","-19.7","78.9","148.1","0","0"
"1555349678720","04/15/19  17:34:38.720   ","5.36","86.8","3.557","19.2","2.2","1.858","100","19.25","2.67","1.26","4.49","1.38","0.41","1.02","0.52","0.27","0","0","0","0","0","0","0","86.7","-39.4","-60.3","-71.6","86.7","-39.4","-60.3","-71.6","-0.5","-143","53","61.1","-68.5","-147.9","136.7","0","0"
"1555349679915","04/15/19  17:34:39.915   ","5.42","85.9","3.529","20.9","2.2","1.887","100","19.16","3.79","1.6","4.1","1.65","0.48","0.78","0.57","0.25","0.34","0","0","0","0","0","0","85.9","94.4","-58.4","161.3","85.9","94.4","-58.4","161.3","-19.6","3.1","8.4","-178.9","-142.2","0","0","-65.3","-98.7"
"1555349680601","04/15/19  17:34:40.601   ","5.36","86.6","3.538","20.5","2.2","1.815","100","19.54","3.19","1.5","4.05","1.2","0.23","0.95","0.49","0","0.24","0","0","0","0","0","0","86.9","-49.4","-66.8","-76.8","86","-109.4","-98.2","67.3","-1","147.5","30.6","-26.8","-111.2","153.3","171.7","70","0"
"1555349681586","04/15/19  17:34:41.586   ","5.63","85.1","3.52","20.1","2.2","1.824","100","18.67","3.46","0.24","3.5","1.65","1.21","0.98","0.74","0.21","0.3","0.28","0","0","0","0","0.3","84.7","-149.1","-47.2","96.6","84.7","-149.1","-47.2","96.6","-11.2","111.8","3","-48","-25.8","154.5","150.6","0","0"
"1555349682361","04/15/19  17:34:42.361   ","5.56","84.6","3.526","20.5","2.2","1.796","100","19.78","3.84","1.72","3.81","1.32","0","0.93","0.49","0.21","0.22","0","0","0","0","0","0","86.9","-61","-74","-85.9","86.9","-61","-74","-85.9","-2.2","-158.8","30.9","28.3","-91.4","177.9","144.7","137.2","-38.1"
"1555349683616","04/15/19  17:34:43.616   ","5.48","85.1","3.578","19.2","2.1","1.785","100","19.47","4.44","1.19","4.02","1.97","0.68","0.73","0.62","0.23","0.25","0","0.26","0","0","0","0","85.7","72.9","-46.8","-127.3","85.4","8.6","-35","-68.7","-10.4","-101.1","0","121.4","27.9","0","160","0","0"
"1555349684605","04/15/19  17:34:44.605   ","5.55","86","3.586","18.9","2.2","1.828","100","19.13","2.35","1.13","4.65","1.55","0.44","1.03","0.5","0.29","0","0","0","0","0","0","0","85","31.4","-17.6","-89","86.5","-30.8","-54.1","-66.7","-0.3","-136.4","60.4","72.7","-56","-131.8","140.9","0","0"
"1555349685506","04/15/19  17:34:45.506   ","5.38","85.9","3.551","19","2.2","1.821","100","19.37","1.86","0.69","3.9","1.5","0.43","1.07","0.25","0.28","0","0","0.31","0","0","0","0","85.8","-6.3","-41.3","-63.4","85.8","-6.3","-41.3","-63.4","-4","-117.5","85.3","104.5","-8.2","-89.4","147.8","0","0"
"1555349686597","04/15/19  17:34:46.597   ","5.52","84.8","3.526","19.9","2.2","1.837","100","18.56","2.08","0.32","3.35","1.49","0.68","1","0.38","0","0.36","0.2","0","0","0","0","0.26","86.1","-106.2","-97.5","62.8","84.7","-169.4","-36.8","109.1","-6.5","87.4","8.3","-68","-18.5","0","143.9","0","0"
"1555349687367","04/15/19  17:34:47.367   ","5.64","84.9","3.533","20.1","2.2","1.797","100","19.9","5.13","1.8","3.74","1.66","0.5","0.81","0.62","0.25","0.31","0","0","0","0","0","0","86.2","-23.1","-50.4","-64.3","86.8","-85","-87","-96.2","-8.2","-178.3","9","-4","-114.2","159.5","168.7","101.4","0"
"1555349688594","04/15/19  17:34:48.594   ","5.41","85.5","3.573","20.4","2.1","1.809","100","19.14","3.09","1.6","4.04","1.5","0.3","0.81","0.48","0.26","0.37","0","0","0","0","0","0","86","105.3","-59.2","133.1","85.2","42.2","-14.2","-89.9","-15","-64.7","38.6","138.2","71","11.4","0","0","-146.7"
"1555349689397","04/15/19  17:34:49.397   ","5.53","85.3","3.585","21.1","2.3","1.89","100","19.19","1.68","1.51","4.05","1.43","0.45","0.96","0.32","0","0.42","0","0","0","0","0","0.2","84.7","-165.5","-37.9","106.3","85.8","128.1","-52.8","117.4","-7.6","26.8","46","-138.1","-95.4","0","0","0","-57.2"
"1555349690743","04/15/19  17:34:50.743   ","5.64","85","3.517","20.1","2.3","1.903","100","18.68","2.44","0.22","3.32","1.52","0.77","0.99","0.47","0.21","0.35","0.23","0","0","0","0","0.24","84.9","-164.2","-35.7","105.7","85.8","129.5","-52","116.3","-8.2","27.3","44.3","-138.1","-91.6","-7.1","0","-50","-58.6"
"1555349691387","04/15/19  17:34:51.387   ","5.65","85.6","3.549","20","2.2","1.851","100","19.22","2.12","0.95","4.39","1.64","0.48","1.08","0.42","0.31","0","0","0.2","0","0","0","0","86.1","-18.7","-48.1","-62.9","86.1","-18.7","-48.1","-62.9","-1.5","-128.3","61.9","86.2","-31.8","-118.5","139.7","0","0"
"1555349692581","04/15/19  17:34:52.581   ","5.59","85.8","3.552","20.7","2.2","1.921","100","18.23","0.96","0.52","3.88","1.34","0.86","1.12","0","0.24","0.47","0.2","0","0","0","0","0.27","84.9","174.1","-36.3","117.1","86.1","107.2","-58.3","125.1","-15.8","10.7","23.7","-163.1","-118.7","0","0","0","-85.2"
"1555349693375","04/15/19  17:34:53.375   ","5.44","86.1","3.54","20.2","2.2","1.85","100","18.69","2.38","0.25","3.28","1.54","0.75","1.01","0.49","0.22","0.32","0.22","0","0","0","0","0.26","86.6","-101.5","-93.8","56.4","84.9","-164.9","-36.6","106.1","-7","95.8","-0.7","-61.6","-12.8","0","150.4","0","0"
"1555349694593","04/15/19  17:34:54.593   ","5.57","86.4","3.597","19.5","2.2","1.813","100","19.22","2.4","0.33","3.68","1.27","0.57","0.99","0.29","0","0","0.23","0.43","0","0.26","0.21","0","85.4","17.7","-29.9","-73.6","87.1","-46.4","-65.5","-73.8","0.2","-147.5","45.1","50.6","-77.9","-164","135.8","137.7","-22.8"
"1555349695384","04/15/19  17:34:55.384   ","5.46","87.2","3.594","18.9","2.2","1.794","100","19.29","3.54","1.56","4.17","1.59","0.44","0.8","0.5","0.25","0.36","0","0","0","0","0","0","86.1","99","-59.4","148.3","85.3","34.8","-16.3","-91.2","-16.6","-72.5","18.2","133.3","64.6","-5.6","152.7","0","0"
"1555349696576","04/15/19  17:34:56.576   ","5.62","84.8","3.534","20.4","2.1","1.832","100","19.02","4.32","0.59","3.62","1.81","1.33","0.96","0.81","0.27","0.3","0.23","0.21","0","0","0","0.25","85.5","-135.3","-107.6","74.7","85","160.9","-41.3","120.3","-1.9","48.1","63.2","-104.3","-53.3","33.5","129.8","0","0"
"1555349697378","04/15/19  17:34:57.378   ","5.63","85.7","3.537","20","2.2","1.788","100","19.62","3.45","1.61","3.86","1.23","0","0.92","0.5","0.2","0.23","0","0","0","0","0","0","87.3","-56","-70.9","-81.4","85.9","-116.7","-107","66.3","1.1","133.5","33.5","-33.5","-103","151.5","173.6","47.7","0"
"1555349698753","04/15/19  17:34:58.753   ","5.39","86.8","3.555","20.5","2.2","1.79","100","19.72","3.77","1.73","3.9","1.31","0","0.91","0.43","0.2","0.24","0","0","0","0","0","0","87.2","-62.4","-75.3","-87.8","85.6","-123.7","-114.9","68.1","0.4","123","27.2","-37.3","0","167.5","169.5","0","0"
"1555349699721","04/15/19  17:34:59.721   ","5.65","85","3.542","19.9","2.2","1.809","100","19.72","5.18","1.38","3.6","1.94","0.84","0.8","0.79","0.27","0.34","0.2","0.23","0","0","0","0","86.4","-107.5","-101.7","59.1","84.9","-171.3","-34.2","109.6","-3.8","83.3","6.4","-70.5","-20.4","0","145.9","0","0"
"1555349700584","04/15/19  17:35:00.584   ","5.48","85.3","3.548","20","2.2","1.797","100","19.88","5.32","1.71","3.63","1.81","0.56","0.8","0.69","0.27","0.34","0.2","0","0","0","0","0","86.9","-93.4","-90.3","0","85.1","-157.7","-36.3","99.7","-9.8","106.2","-3.5","-54.9","6","0","148.6","0","0"
"1555349701439","04/15/19  17:35:01.439   ","5.55","85.1","3.545","20.3","2.2","1.796","100","19.86","4.82","1.85","3.85","1.57","0.36","0.85","0.54","0.26","0.29","0","0","0","0","0","0","87.2","-79.5","-85","-91.8","87.2","-79.5","-85","-91.8","-6.4","-172.6","12.4","4.3","-109.4","173.6","155","119.6","0"
"1555349702858","04/15/19  17:35:02.858   ","5.48","85.4","3.543","20.1","2.2","1.828","100","18.73","3.2","0","3.43","1.65","1.1","0.97","0.71","0.22","0.31","0.26","0","0","0","0","0.28","85","-153.7","-38.2","96.9","85","-153.7","-38.2","96.9","-10.5","107.9","-3.2","-52.1","15.1","147.6","147.9","0","0"
"1555349703361","04/15/19  17:35:03.361   ","5.57","85.6","3.603","20.8","2.1","1.899","100","18.49","1.64","0.45","3.6","1.35","0.75","1.08","0.27","0.22","0.42","0.2","0","0","0","0","0.24","86.3","-112.9","-105.7","64","87.4","140.1","-40.5","-174.6","12.2","28.5","0","-137.2","-53.9","0","102.9","-40.2","0"
"1555349704582","04/15/19  17:35:04.582   ","5.41","86.8","3.568","20.6","2.2","1.796","100","19.85","3.83","1.73","3.84","1.28","0","0.9","0.51","0","0.23","0","0","0","0","0","0","87.2","-62.4","-75.4","-85.8","85.5","-124.1","-118.7","74.9","1.1","124.3","26.9","-38","0","163.1","171.2","0","0"
"1555349705478","04/15/19  17:35:05.478   ","5.67","85.8","3.551","20","2.2","1.81","100","19.73","5.21","1.29","3.69","1.95","0.9","0.79","0.75","0.23","0.35","0.21","0.23","0","0","0","0","87.2","-49.1","-66.8","-76.6","86.1","-110.1","-102.4","63.5","-0.6","145.9","23.8","-32.2","-119.4","146","166.1","55.8","0"
"1555349706636","04/15/19  17:35:06.636   ","5.53","85.3","3.597","21.2","2.2","1.818","100","19.53","4.46","1.15","3.99","1.96","0.71","0.69","0.63","0.22","0.25","0","0.25","0","0","0","0","85.7","71.1","-45.4","-111.8","85.7","71.1","-45.4","-111.8","-17.9","-18.4","44.6","150.3","0","6","0","-105.5","-137.5"
"1555349707358","04/15/19  17:35:07.358   ","5.59","85.3","3.599","21.2","2.2","1.928","100","18.72","0.7","0.9","4.4","1.32","0.9","1.09","0","0.29","0.39","0","0","0","0","0","0.27","85.3","-145.9","-56.4","89.1","85.3","-145.9","-56.4","89.1","-9.2","112.4","1.3","-46.3","0","162.9","143.8","0","0"
"1555349708607","04/15/19  17:35:08.607   ","5.48","87.3","3.609","20.3","2.2","1.848","100","19.96","5.31","1.75","3.71","1.74","0.51","0.79","0.66","0.26","0.32","0","0","0","0","0","0","86.8","-29.2","-53.7","-65.4","87","-91.5","-89.1","0","-9.1","175.4","0.3","-10.8","-120.6","153.2","153.9","92.6","0"
"1555349709402","04/15/19  17:35:09.402   ","5.66","85.9","3.588","19.9","2.2","1.848","100","19.27","2.02","0.9","4.26","1.54","0.42","1.04","0.42","0.29","0","0","0.26","0","0","0","0","85.4","48.9","-17.9","-98.3","86.4","-15.7","-45.7","-61.8","-0.8","-126.3","74.1","92.5","-23.4","-110.9","143.4","0","0"
"1555349710653","04/15/19  17:35:10.653   ","5.47","85.8","3.585","20.9","2.2","1.838","100","19.33","3.42","1.58","4.21","1.57","0.44","0.82","0.5","0.27","0.37","0","0","0","0","0","0","86.3","99.3","-58.2","153.4","85.4","34.5","-16.2","-90.3","-17.3","-74.2","24.4","131.1","58.4","-17.3","174.1","0","179.8"
"1555349711596","04/15/19  17:35:11.596   ","5.54","87.5","3.362","19.1","2.2","1.748","100","19.44","4.03","0.53","4.07","1.88","0.98","0.81","0.54","0.2","0","0","0.33","0","0","0","0","85.6","48.2","-20.3","-97.1","85.6","48.2","-20.3","-97.1","-13.7","-57.4","43.3","135","67","0.1","-180","0","-162.4"
"1555349712605","04/15/19  17:35:12.605   ","5.59","87.2","3.349","19.9","2.3","1.813","100","20.04","4.14","1.84","3.91","1.36","0","0.95","0.5","0.24","0.3","0","0","0","0","0","0","86","-3.1","-40.3","-64.3","87.3","-67.1","-79.4","-92.1","-3.2","-161","19.7","21.3","-101.1","158.7","137.9","112","-82.6"
"1555349713402","04/15/19  17:35:13.402   ","5.59","87.2","3.333","19.8","2.3","1.78","100","19.64","2.21","0.35","3.66","1.26","0.39","0.99","0.2","0.22","0","0.25","0.42","0","0.23","0.2","0","86.5","75","-51.7","-126","85.9","9.3","-37.3","-70.3","-10.2","-102.7","-35.6","120.6","28.5","-53.7","167.2","0","0"
"1555349714596","04/15/19  17:35:14.596   ","5.69","85.7","3.286","20.3","2.3","1.876","100","18.78","2.19","0.38","3.44","1.47","0.66","0.97","0.46","0.25","0.3","0.25","0","0","0","0","0.27","85","-168.3","-38.8","107.1","86.2","124.2","-55.7","116.8","-9.2","24.3","41.9","-145.3","-93.3","-24.8","0","0","-66"
"1555349715730","04/15/19  17:35:15.730   ","5.42","87.1","3.337","19.9","2.3","1.798","100","19.9","3.35","1.57","4.07","1.21","0","0.93","0.52","0.24","0.28","0","0","0","0","0","0","85.7","9.8","-35.4","-69.2","87.3","-54.6","-71.7","-82.1","0.1","-153.2","32.8","38","-88.5","-174","138.2","136.9","-20.4"
"1555349716945","04/15/19  17:35:16.945   ","5.55","85.6","3.325","21.2","2.2","1.764","100","19.63","4.4","0.9","4.01","2","0.78","0.7","0.6","0.21","0","0.21","0.27","0","0","0","0","85.9","64.1","-37.6","-104.4","85.9","64.1","-37.6","-104.4","-14.6","-27.9","58.3","146","0","12.9","0","-127.1","-138.8"
"1555349717446","04/15/19  17:35:17.446   ","5.48","85.4","3.31","20.3","2.2","1.819","100","19.47","3.49","0.37","4.02","1.67","1.04","0.91","0.48","0","0","0","0.36","0","0","0","0","86.3","101.5","-61.1","147.7","86.6","-26.1","-52.7","-64.9","-0.4","-132.3","54.5","80.3","-49.2","-125.6","138.1","0","0"
"1555349718593","04/15/19  17:35:18.593   ","5.62","85","3.274","20.3","2.3","1.828","100","19.16","2.22","2.02","3.76","2.2","1.14","0.64","0.27","0.21","0","0","0.27","0","0.22","0","0","85.2","-135.6","-111.3","72.6","85.2","160.5","-42.5","120.4","-1.8","49.9","54.1","-99.1","-54.3","30.3","126.9","0","0"
"1555349719520","04/15/19  17:35:19.520   ","5.43","86","3.284","20.7","2.3","1.858","100","18.67","1.39","0.56","3.81","1.34","0.72","1.08","0.26","0.3","0.45","0.25","0","0","0","0","0.29","85.1","179.6","-37.4","113.9","86.4","112.7","-59.7","121.9","-11.5","16","29.7","-156.4","-110.7","-29.2","0","0","-74.7"
"1555349720584","04/15/19  17:35:20.584   ","5.5","85.3","3.33","19.5","2.2","1.739","100","19.79","4.5","1.16","4.02","2.01","0.73","0.73","0.66","0.23","0","0","0.22","0","0","0","0","86","70.8","-45.5","-121.1","85.6","6.1","-37.1","-67.1","-9","-105.2","0","115.2","21.3","-55.8","166.2","0","0"
"1555349721470","04/15/19  17:35:21.470   ","5.4","87.1","3.311","19.3","2.2","1.741","100","19.4","2.92","0.34","3.9","1.42","0.86","0.98","0.44","0","0","0.21","0.41","0","0.21","0","0","86.3","90.6","-60.4","-179.7","86.3","90.6","-60.4","-179.7","-20.9","-0.3","3.4","176","-143.4","0","0","-72.5","-105.3"
"1555349722638","04/15/19  17:35:22.638   ","5.61","85","3.248","20.6","2.2","1.762","100","19.17","4.27","0.45","3.86","1.77","1.5","0.94","0.82","0.26","0.38","0.27","0.23","0","0","0","0.29","85.1","-137.9","-98.1","74.4","85.1","158.6","-44","121.8","-2.6","50","47.9","-103.9","-59.1","30","129.6","0","0"
"1555349723455","04/15/19  17:35:23.455   ","5.59","85.7","3.238","20.2","2.2","1.749","100","19.76","3.27","1.51","4.19","1.21","0.33","0.96","0.46","0.21","0.25","0","0","0","0","0","0","87.1","-50.6","-69.1","-81.1","87.1","-50.6","-69.1","-81.1","0.6","-150.8","38.4","46.8","-81.8","-170.9","135.2","0","-7.1"
"1555349724597","04/15/19  17:35:24.597   ","5.44","86.1","3.249","21.5","2.2","1.822","100","18.84","0.72","0.87","4.43","1.37","0.99","1.09","0.21","0.33","0.42","0","0","0","0","0","0.28","85.5","149.6","-47.2","122.5","86.2","85.6","-59.1","-163.2","-21.3","-1.1","5.3","169","-154.4","0","0","-88.4","-116.7"
"1555349725600","04/15/19  17:35:25.600   ","5.43","87.3","3.278","19.3","2.2","1.734","100","19.37","2.56","1.58","4.16","1.5","0.36","0.88","0.43","0","0.44","0","0","0","0","0","0","85.3","55.4","-26.6","-104.6","85.9","-8.3","-44.7","-62.3","-3.1","-119.4","60.6","102.8","-15.1","-82.5","152.5","0","0"
"1555349726764","04/15/19  17:35:26.764   ","5.58","84.7","3.21","20.1","2.2","1.768","100","19.02","2.83","0","3.4","1.59","0.87","0.96","0.52","0","0.3","0.24","0","0","0","0","0.28","84.5","-160.7","-39.2","103.5","84.5","-160.7","-39.2","103.5","-10.1","101.4","-10.6","-60.4","2.7","139.6","143.2","0","0"
"1555349727843","04/15/19  17:35:27.843   ","5.34","85.3","3.217","20.6","2.2","1.796","100","19.5","3.21","1.64","4.19","1.55","0.38","0.83","0.5","0.21","0.42","0","0","0","0","0","0","85.9","107.9","-61.3","131.4","85","47.3","-18","-101.8","-14.4","-58.9","50.6","135","61","-2","0","0","-163.4"
"1555349728578","04/15/19  17:35:28.578   ","5.39","84.7","3.204","20.4","2.2","1.744","100","18.95","3.48","0.72","4.32","1.7","0.78","0.51","0.35","0.34","0","0","0.29","0","0","0","0","86.7","-88","-88.4","0","84.4","-150.3","-40.2","96.6","-10.7","108.9","4.5","-51.5","24.8","159.7","149.9","0","0"
"1555349729534","04/15/19  17:35:29.534   ","5.48","85.5","3.171","20.4","2.2","1.761","100","20.05","5.45","1.24","3.52","2","0.92","0.83","0.8","0.23","0.32","0","0.25","0","0","0","0.22","85.8","-122.7","-18.1","176.6","84.5","-170.6","-39.2","112.1","-6.1","86.2","5.1","-68.2","-25.9","0","144.2","0","0"
"1555349730652","04/15/19  17:35:30.652   ","5.32","85","3.217","20.6","2.1","1.78","100","19.47","3.61","1.59","4.22","1.62","0.45","0.83","0.52","0.22","0.38","0","0","0","0","0","0","85.8","104.1","-61.7","143.9","84.7","43.6","-16.2","-98.7","-14.4","-64.2","33.8","134.3","65.7","14.7","0","0","0"
"1555349731718","04/15/19  17:35:31.718   ","5.25","86.4","3.221","19.6","2.2","1.768","100","19.53","2.9","0.36","4.06","1.43","0.95","1.03","0.45","0","0","0.22","0.39","0.2","0.2","0.23","0.2","84.6","26.5","-23.7","-84.6","86.2","-33.8","-58.6","-69.9","-1.7","-137","52.4","70.4","-60.5","-141.1","137.9","0","0"
"1555349732904","04/15/19  17:35:32.904   ","5.45","83.9","3.148","20.6","2.2","1.839","100","19.01","2.31","0.33","3.31","1.54","0.69","0.95","0.4","0","0.3","0.22","0","0","0","0","0.24","84.3","-165.7","-40.4","109.7","85.3","130","-55.3","118.1","-9.2","29.3","48.2","-135.4","-89.3","0","108.7","0","-46.2"
"1555349733394","04/15/19  17:35:33.394   ","5.33","84.7","3.194","21.3","2.1","1.79","100","19.39","2.25","1.57","4.18","1.46","0.49","0.92","0.38","0","0.48","0","0.2","0","0","0","0","85.3","124.9","-57.2","117.2","85.3","124.9","-57.2","117.2","-10.5","25.3","41.6","-141.8","-94.5","0","115","0","-59.5"
"1555349734598","04/15/19  17:35:34.598   ","5.28","86.8","3.176","20.2","2.2","1.793","100","19.84","1.95","0.69","3.77","1.43","0.45","1.01","0.25","0.23","0","0","0.31","0","0","0","0","85.4","-4.5","-43","-63.7","86.7","-64.9","-77.4","-92.4","-1.7","-158.9","28.3","26.3","-96.2","165.5","145.1","125.9","-37.5"
"1555349735481","04/15/19  17:35:35.481   ","5.25","84.7","3.157","20.3","2.2","1.765","100","19.74","1.95","0.81","4.05","1.52","0.51","1.01","0.33","0.3","0","0","0.29","0.2","0","0","0","84.5","51.7","-21","-107.3","85.4","-10","-45.2","-64","-3.8","-118.6","77.4","99.5","-11.5","0","140.2","0","0"
"1555349736583","04/15/19  17:35:36.583   ","5.25","84.3","3.122","20.5","2.2","1.74","100","20.18","5.05","1.88","3.86","1.55","0.39","0.87","0.55","0","0.27","0","0","0","0","0","0","85.3","-13.1","-46.8","-63.6","84.2","-130.6","-99.4","66.5","-2","113.8","31","-46.2","0","162.2","155.3","0","0"
"1555349737415","04/15/19  17:35:37.415   ","5.44","84.2","3.107","20.5","2.1","1.788","100","19.56","2.17","0.9","4.17","1.54","0.59","1.02","0.37","0.27","0","0","0.24","0","0","0","0","85.2","-13.7","-46.4","-63.3","85.2","-13.7","-46.4","-63.3","-3.1","-122.1","72.7","95.1","-25.1","-107","144.1","0","0"
"1555349738595","04/15/19  17:35:38.595   ","5.42","84.3","3.09","20.3","2.2","1.779","100","19.17","4.35","0.43","3.89","1.77","1.55","0.93","0.81","0.2","0.33","0.22","0.21","0","0","0","0.29","84.2","-133.2","-91.2","71.7","84.2","166","-42.2","121.8","-2.7","56.7","51.1","-95.7","-46.6","0","132.7","0","0"
"1555349739359","04/15/19  17:35:39.359   ","5.41","84","3.089","20.4","2.1","1.759","100","20.24","5.13","1.89","3.85","1.59","0.42","0.87","0.56","0.2","0.28","0","0","0","0","0","0","85.1","-14","-46.9","-62.9","85.1","-14","-46.9","-62.9","-3.3","-123.2","64.1","92.4","-26.6","-105.3","144.4","0","0"
"1555349740588","04/15/19  17:35:40.588   ","5.25","85.2","3.077","21.3","2.2","1.881","100","18.6","0.93","0.59","3.88","1.33","0.85","1.05","0","0.28","0.46","0.22","0","0","0","0","0.3","84.4","-123","-104.3","59.1","85.2","113","-61.3","126.6","-11.9","16.6","36.6","-154.7","-112.1","-41.4","0","0","-83.1"
"1555349741520","04/15/19  17:35:41.520   ","5.18","84.5","3.083","21.1","2.1","1.832","100","19.29","2.69","1.6","4.08","1.5","0.34","0.89","0.39","0.22","0.43","0","0","0","0","0","0","83.6","-176.1","-37.9","113.6","83.6","-176.1","-37.9","113.6","-4.8","76.5","13.6","-79.9","-28.3","76.5","143.8","0","0"
"1555349742395","04/15/19  17:35:42.395   ","5.15","85.1","3.058","20.8","2.2","1.761","100","19.9","5.48","1.18","3.57","1.97","0.98","0.78","0.75","0.23","0.3","0","0.22","0","0","0","0.21","85.2","-107.4","-92.5","57.5","85.2","-107.4","-92.5","57.5","-6.4","153.2","16.3","-29.4","-142.6","124","163.7","43.1","0"
"1555349743589","04/15/19  17:35:43.589   ","5.27","85","3.08","21.4","2.1","1.77","100","19.05","1.51","1.14","4.3","1.4","0.82","1.02","0.24","0.24","0.4","0","0","0","0","0","0.24","85.1","83.1","-58.4","-151.8","85.1","83.1","-58.4","-151.8","-21.6","-1.7","8.2","164.7","-151.8","0","0","-106.1","-128.8"
"1555349744369","04/15/19  17:35:44.369   ","5.21","84.8","3.057","20.3","2.2","1.794","100","18.89","3.69","0","3.87","1.66","1.42","0.91","0.76","0.22","0.25","0.22","0.24","0","0","0","0.32","83.5","-143.7","-40.9","77.4","83.5","-143.7","-40.9","77.4","-8.6","103.6","14.2","-56.6","0","137.9","137.9","-8.4","0"
"1555349745607","04/15/19  17:35:45.607   ","5.25","84.7","3.077","20.3","2","1.716","100","19.43","4.34","0.54","3.97","1.96","1.06","0.71","0.6","0.21","0","0","0.26","0","0","0","0","83.9","57.5","-33.3","-112.8","83.9","57.5","-33.3","-112.8","-13.4","-40","64.3","132","0","-11.6","-169.7","0","-171.5"
"1555349746385","04/15/19  17:35:46.385   ","5.25","84.1","3.06","20.8","2.1","1.823","100","18.92","2.11","0.46","3.39","1.51","0.65","0.88","0.36","0.22","0.23","0.2","0","0","0","0","0.23","83.4","-166.2","-39.6","108.7","83.4","-166.2","-39.6","108.7","-9.3","93.5","-3.4","-69.5","0","118.5","134.9","0","0"
"1555349747608","04/15/19  17:35:47.608   ","5.24","85.1","3.067","19.7","2.1","1.711","100","19.5","4.55","1.54","4.08","1.79","0.57","0.78","0.61","0.22","0.29","0","0","0","0","0","0","83.7","35.7","-20.4","-97.3","83.7","35.7","-20.4","-97.3","-16.2","-75.2","42.4","119.2","34.9","-15.5","178.9","0","153.4"
"1555349748543","04/15/19  17:35:48.543   ","5.09","86","3.069","19.1","2","1.728","100","19.38","4.54","0.54","4.01","1.98","1.09","0.69","0.61","0.26","0","0","0","0","0","0","0","84.7","115.6","-61.2","125.6","82.9","55.9","-83.3","164.2","-3.1","-27.8","46.1","137.8","0","0","151.7","0","0"
"1555349749848","04/15/19  17:35:49.848   ","5.25","84.3","3.011","19.9","2.1","1.75","100","18.68","3.46","0.2","3.95","1.63","1.31","0.83","0.68","0.24","0.3","0","0.28","0","0","0","0.28","83.5","-148.3","-42.8","80.5","83.5","-148.3","-42.8","80.5","-10.5","106.5","7","-56.7","40.8","140.9","128","0","0"
"1555349750364","04/15/19  17:35:50.364   ","5.22","83.5","3.038","21.3","2","1.834","100","18.39","0.47","0.77","4.52","1.24","0.91","1.05","0","0.33","0.42","0.22","0","0","0","0","0.25","84.4","166.6","-42.7","118.5","84.4","166.6","-42.7","118.5","-11.7","58.7","25.8","-88.7","-43.8","56","141.2","0","0"
"1555349751592","04/15/19  17:35:51.592   ","5.1","84.4","3.041","19.2","2","1.704","100","19.37","2.36","0.61","3.59","1.18","0.34","0.85","0","0.22","0","0.23","0.29","0","0.21","0","0","84.5","71.7","-52.8","-141.4","83.6","13","-36.7","-76.1","-14.2","-98.1","14.6","118.2","20.4","-45.5","167.9","171.2","138.5"
"1555349752435","04/15/19  17:35:52.435   ","5.19","85.2","3.038","19.7","2","1.797","100","18.41","0.68","0.69","4.53","1.34","0.96","1.01","0","0.29","0.48","0.2","0","0","0","0","0.26","83.7","159","-46.5","123.8","84.7","98.7","-64","-170.8","-18.7","8.8","22.3","-173.3","-122.1","0","0","0","-106.7"
"1555349753664","04/15/19  17:35:53.664   ","5.09","85.7","3.023","19.8","2.1","1.768","100","19.5","3.4","1.49","4.22","1.25","0.42","0.91","0.53","0.31","0.31","0","0.21","0","0","0","0","83.6","16.3","-35.5","-75.8","85.4","-40.7","-63.1","-72.8","-2.7","-142","46.6","60.3","-70.8","-163.6","133.6","0","0"
"1555349754339","04/15/19  17:35:54.339   ","5.18","83.4","3.002","21.3","2","1.833","100","18.34","0.43","0.74","4.52","1.25","0.91","1.06","0","0.4","0.46","0.21","0","0","0","0","0.26","83.3","-136.2","-69.1","63.7","83.4","166.1","-44.5","121","-3.8","57.1","54.5","-94.9","-48.3","41.2","133.2","0","0"
"1555349755584","04/15/19  17:35:55.584   ","5.12","83.6","3.021","19.3","2","1.702","100","19.37","4.9","1.36","4.1","1.96","0.74","0.72","0.66","0","0.28","0","0","0","0","0","0","83.9","28.2","-15.2","0","83.9","28.2","-15.2","0","-8.5","-55.6","-15.5","166.9","0","-144.8","144","112.4","0"
"1555349756543","04/15/19  17:35:56.543   ","5.16","84.3","3.016","19.1","2","1.705","100","19.18","4.74","0.7","3.99","2","1.03","0.65","0.63","0.23","0","0","0","0","0","0","0","84.4","120.7","-60.2","122.5","84.4","120.7","-60.2","122.5","-10.3","24.7","40.9","-143.7","-93.4","-43.5","0","0","0"
"1555349757357","04/15/19  17:35:57.357   ","5.11","83.2","2.972","21.3","2.1","1.82","100","18.61","3.74","0","4.07","1.7","1.41","0.83","0.7","0.26","0.26","0","0.27","0","0","0","0.24","83.2","-141.8","-37.6","69.1","83.2","-141.8","-37.6","69.1","-8","103","16.2","-62.4","0","129.1","139.3","0","0"
"1555349758577","04/15/19  17:35:58.577   ","5.14","83.5","2.997","19.3","2","1.714","100","19.3","4.9","1.4","4.11","1.88","0.75","0.73","0.66","0.21","0.27","0","0","0","0","0","0","84.4","86.2","-61","-159.1","84.4","86.2","-61","-159.1","-21.6","2","11.5","169.9","-135.2","0","-164.9","0","-133.4"
"1555349759436","04/15/19  17:35:59.436   ","5.14","83.4","2.962","20.9","2","1.82","100","18.63","1.67","0.63","3.59","1.33","0.65","0.82","0.22","0.2","0.35","0.2","0","0","0","0","0.24","83","-171.6","-42.3","111.1","83","-171.6","-42.3","111.1","-6.6","84","-1","-75.1","-18.3","93","131.4","0","0"
"1555349760775","04/15/19  17:36:00.775   ","5.02","85.2","2.968","20","2","1.773","100","19.73","4.33","1.72","3.95","1.29","0.29","0.87","0.53","0.27","0.36","0.22","0","0","0","0","0.22","83.5","4.3","-41.5","-68.8","85.1","-52","-69.2","-78.3","-1.6","-149.6","42.8","48.8","-87","159.7","136.5","0","-32"
"1555349761352","04/15/19  17:36:01.352   ","4.96","84.1","2.928","20","2","1.732","100","19.98","5.88","1.72","3.82","1.82","0.67","0.76","0.69","0","0.37","0","0","0","0","0","0","85","-82.9","-84.8","0","85","-82.9","-84.8","0","-8.6","-171","7.1","-0.4","-127.8","127.4","137","0","-77.5"
"1555349762576","04/15/19  17:36:02.576   ","4.95","83.9","2.933","20.1","2.1","1.835","100","18.35","0.88","0.72","4.6","1.26","0.96","0.98","0","0.31","0.46","0.2","0","0","0","0","0.23","83.1","159.7","-47.5","122.1","83.1","159.7","-47.5","122.1","-4.4","51","55.6","-102.9","-52.6","0","125.8","0","0"
"1555349763348","04/15/19  17:36:03.348   ","5.07","83.9","2.915","19.9","2.1","1.713","100","19.79","5.78","1.47","3.8","1.93","0.82","0.68","0.75","0","0.31","0","0","0","0","0","0","84.6","-39.7","-62.8","-71.9","84.6","-39.7","-62.8","-71.9","-3.2","-140.1","46.5","62.1","-72.1","0","142.1","0","0"
"1555349764583","04/15/19  17:36:04.583   ","5.04","84","2.897","20.3","2.1","1.772","100","18.56","3.06","0.28","3.96","1.6","1.13","0.79","0.66","0.23","0.28","0","0.24","0","0","0","0.24","82.5","-151.8","-34.2","89.7","82.5","-151.8","-34.2","89.7","-11.9","101.7","6.7","-62.6","31.6","136.7","130","0","0"
"1555349765573","04/15/19  17:36:05.573   ","5.03","82.6","2.909","19.8","2","1.726","100","18.45","3.06","0.31","4.03","1.58","1.17","0.8","0.63","0.26","0.27","0","0.23","0","0","0","0.2","82.4","-150.9","-33.6","86.7","82.4","-150.9","-33.6","86.7","-12.6","103.9","8.3","-61","39.8","137.2","132","0","0"
"1555349766363","04/15/19  17:36:06.363   ","5.11","83.3","2.912","19.9","2","1.755","100","19.19","2.64","0.64","3.6","1.18","0.56","0.79","0","0","0.27","0.21","0.23","0","0","0","0","82.7","16.3","-36.5","-75.3","82.7","16.3","-36.5","-75.3","-18","-94.6","17.2","118.7","16","-51.1","172.9","164.2","137.7"
"1555349767578","04/15/19  17:36:07.578   ","5.08","83.6","2.9","20.5","2","1.714","100","19.78","5.92","1.67","3.76","1.9","0.69","0.76","0.71","0","0.3","0","0","0","0","0","0","84.1","-32.5","-58.3","-67.7","84.1","-32.5","-58.3","-67.7","-3.7","-134.3","56.3","70.9","-59.5","0","143.3","0","0"
"1555349768513","04/15/19  17:36:08.513   ","4.87","83.8","2.915","20.6","2","1.743","100","18.91","3.1","0.62","3.92","1.3","0.99","0.82","0.33","0","0.2","0","0.25","0","0","0","0","82.4","28.9","-24.4","-97.1","83.8","-24.9","-54.5","-66.1","-4.6","-129","54.8","78.3","-47.2","-127.1","146.7","0","0"
"1555349769828","04/15/19  17:36:09.828   ","4.9","83.1","2.876","19.7","2.1","1.782","100","18.51","1.13","0.81","3.97","1.21","0.78","0.87","0","0.3","0.34","0.24","0","0","0","0","0.2","82.4","-177","-42.2","112.6","82.4","-177","-42.2","112.6","-7.1","74.5","5.8","-81.2","-28","0","137","0","0"
"1555349770359","04/15/19  17:36:10.359   ","5.01","82.5","2.908","21","1.9","1.814","100","18.32","1","0.71","4.59","1.29","0.94","0.93","0.24","0.26","0.42","0","0","0","0","0","0.24","82.7","159.1","-47.6","120.9","82.7","159.1","-47.6","120.9","-6.1","51.7","50.4","-105.8","-56.6","0","138.7","0","0"
"1555349771593","04/15/19  17:36:11.593   ","5.02","83.9","2.913","19.5","1.9","1.695","100","19.08","4.69","0.49","4.09","1.95","1.18","0.67","0.62","0.24","0.21","0","0","0","0","0","0","82.9","63.4","-45.4","-124.4","82.9","63.4","-45.4","-124.4","-18.3","-23.4","53.5","131.3","0","0","-157.1","-160.5","-172.5"
"1555349772528","04/15/19  17:36:12.528   ","4.95","82.5","2.891","20","1.9","1.744","100","18.85","2.89","1.57","4.25","1.44","0.45","0.88","0.37","0.23","0.42","0","0","0","0","0","0","83.5","128.6","-58.7","120.9","83.5","128.6","-58.7","120.9","-10","32.2","46.4","-135.2","-86.2","-28","141.5","0","0"
"1555349773363","04/15/19  17:36:13.363   ","4.9","83.8","2.851","20","2","1.697","100","19.24","5.48","1.07","3.56","1.95","1.02","0.76","0.75","0","0.23","0","0.22","0","0","0","0","84.6","-54.2","-71.9","-81.8","84.6","-54.2","-71.9","-81.8","-1.2","-152.1","40.1","40.3","-87.3","0","150.9","0","-29"
"1555349774607","04/15/19  17:36:14.607   ","4.94","83.8","2.861","20.2","2","1.767","100","18.32","3.23","0.28","3.71","1.63","1.08","0.8","0.64","0.22","0.22","0","0.23","0","0","0","0.25","82.2","-148.3","-33.9","80","82.2","-148.3","-33.9","80","-11.5","102.4","16.4","-63.6","33.3","136.4","127.7","0","0"
"1555349775582","04/15/19  17:36:15.582   ","5.01","82.3","2.848","19.4","2","1.706","100","18.42","4.26","0.27","3.87","1.75","1.34","0.81","0.71","0.26","0","0","0.32","0","0","0","0.22","82.6","-130.2","-76.1","56.8","82.6","-130.2","-76.1","56.8","-1.7","112.1","44","-58.1","0","128.6","139.7","0","0"
"1555349776382","04/15/19  17:36:16.382   ","4.97","84.2","2.865","19","2","1.716","100","18.67","3.86","0.43","3.88","1.67","1.13","0.81","0.47","0","0.2","0","0.26","0","0","0","0.22","82.4","45.7","-24.8","-112","82.4","45.7","-24.8","-112","-14.8","-63.3","61.4","116.9","28.2","-32.6","-156.6","0","176.6"
"1555349777603","04/15/19  17:36:17.603   ","4.9","82.5","2.853","19.7","1.9","1.754","100","19.29","3.97","1.59","3.88","1.22","0.28","0.9","0.58","0.22","0.24","0","0","0","0","0","0","84.4","-45.5","-66.3","-74.9","84.4","-45.5","-66.3","-74.9","-0.5","-145.5","49.8","53","-77.7","0","137.1","0","-9.8"
"1555349778816","04/15/19  17:36:18.816   ","4.97","83.1","2.826","19.4","2","1.732","100","18.32","4.15","0.22","3.94","1.72","1.47","0.84","0.76","0.24","0.22","0","0.27","0","0","0","0.26","82.4","-131.2","-75.1","57.7","82.3","174.1","-43.3","117","-3.8","64","56.2","-89.9","-38.8","0","133.7","0","0"
"1555349779590","04/15/19  17:36:19.590   ","4.93","82.6","2.869","18.9","1.9","1.683","100","18.65","3.91","0.39","3.9","1.7","1.22","0.77","0.47","0","0","0","0.2","0","0","0","0","82.3","48.8","-25.6","-110.6","82.3","48.8","-25.6","-110.6","-12.2","-57.1","61.5","119.5","36.4","-22.3","-162.7","0","0"
"1555349780576","04/15/19  17:36:20.576   ","4.93","82.3","2.865","19.6","1.9","1.719","100","18.84","3.43","1.59","4.03","1.48","0.36","0.8","0.44","0.21","0.31","0","0","0","0","0","0","83.4","120.9","-61.5","120.8","82.9","69.3","-52.7","-139.9","-21.1","-15.1","52.6","137.2","0","0","-126.1","-137.7","-153.6"
"1555349781604","04/15/19  17:36:21.604   ","4.86","82.3","2.831","20.6","2","1.811","100","18.6","2.1","1.18","4.15","1.44","0.7","0.92","0.31","0.25","0.33","0","0","0","0","0","0.22","82.9","143.6","-52.9","122","82.9","143.6","-52.9","122","-6.4","42.7","55.3","-119.5","-73.3","0","0","0","0"
"1555349782972","04/15/19  17:36:22.972   ","4.9","82","2.847","19.8","1.9","1.729","100","19.36","4.24","1.67","3.85","1.27","0.23","0.86","0.52","0.22","0.28","0","0","0","0","0","0","84.3","-47.8","-68","-75.1","83.8","-98.9","-86.9","32.3","-12.8","169.1","-0.8","-25.2","-144.7","114.1","171.6","0","-110.2"
"1555349783604","04/15/19  17:36:23.604   ","4.99","82.7","2.818","19.5","1.9","1.701","100","18.93","5.23","0.79","3.69","1.9","1.19","0.79","0.77","0","0","0","0.25","0","0","0","0.25","83.1","-111.7","-86","50.9","83.1","-111.7","-86","50.9","-4.8","147.3","38.2","-39.4","-148.8","103.7","-178","12.1","0"
"1555349784606","04/15/19  17:36:24.606   ","4.85","82.3","2.839","20.1","1.9","1.727","100","18.94","3.56","1.39","4.13","1.31","0.45","0.92","0.54","0.26","0.27","0.2","0","0","0","0","0","83.9","-37.3","-61.5","-70.8","83.9","-89.1","-86.1","-5.6","-11","-177.3","1.2","-14","-130.5","123.4","-172.5","0","-82.6"
"1555349785447","04/15/19  17:36:25.447   ","4.78","84.1","2.85","18.9","1.9","1.692","100","18.91","4.92","1.53","4.03","1.81","0.65","0.76","0.6","0","0","0","0","0","0","0","0","83.3","94.7","-63.9","-164.2","83.3","94.7","-63.9","-164.2","-18.5","3.2","17.8","-179.9","-129","0","-122.7","0","-114.9"
"1555349786894","04/15/19  17:36:26.894   ","4.9","83.3","2.8","19.8","2","1.75","100","19.4","5.84","1.54","3.61","1.93","0.78","0.73","0.73","0","0.25","0","0","0","0","0","0","82","-142.7","-37.5","67.6","82.3","164.1","-46.1","122.5","-3.8","57.7","62.1","-100","-48.4","28.7","146.2","0","0"
"1555349787577","04/15/19  17:36:27.577   ","4.85","82.4","2.844","18.9","1.9","1.75","100","18.98","5.02","1.53","3.99","1.84","0.69","0.73","0.64","0.22","0","0","0","0","0","0","0","82.5","150.4","-50.8","121.6","83.2","95.4","-64","-175.6","-19.3","3.3","17.1","-178.6","-124.6","0","0","0","-109.9"
"1555349788592","04/15/19  17:36:28.592   ","4.78","83.2","2.808","20.8","1.9","1.816","100","18.1","1.05","0.69","3.85","1.3","0.88","0.94","0","0.25","0.48","0","0","0","0","0","0.31","82","-179.4","-42.4","116.1","83.1","123.9","-59.8","119.5","-9.5","25","46.3","-142.5","-92.8","-44.1","0","0","-65.5"
"1555349789359","04/15/19  17:36:29.359   ","5.01","82.2","2.811","19.8","1.9","1.746","100","19.14","4.24","1.62","3.89","1.28","0.28","0.88","0.51","0","0.26","0","0","0","0","0","0","82.4","5.2","-41.8","-68.3","82.4","5.2","-41.8","-68.3","-11.3","-105","12.5","109.8","0","0","-174.6","0","0"
"1555349790600","04/15/19  17:36:30.600   ","4.97","81.9","2.81","19.3","1.9","1.694","100","19.51","5.62","1.85","3.69","1.7","0.51","0.77","0.61","0","0.23","0","0","0","0","0","0","84.2","-72.5","-79.7","-81.7","82.5","-122.4","-84.5","56.3","0.4","122.7","46.7","-55.9","-110.5","126.4","171.3","0","0"
"1555349791526","04/15/19  17:36:31.526   ","5.01","81.9","2.811","19.7","1.9","1.736","100","19.09","2.33","0.54","3.23","1.23","0.53","0.89","0","0","0.25","0.21","0.3","0","0","0","0","82.2","8.6","-40.8","-69.3","82.2","8.6","-40.8","-69.3","-14","-102.2","14.3","115.2","9.6","-58.7","-170.9","0","0"
"1555349792725","04/15/19  17:36:32.725   ","4.95","81.9","2.809","20.1","1.9","1.714","100","19.38","5.51","1.87","3.79","1.61","0.52","0.79","0.65","0","0.22","0","0","0","0","0","0","83.1","-16.1","-49.7","-64.7","83.2","-89.8","-67.8","-52.8","-18.3","-172.5","50","13.8","-124.5","0","-126.9","0","-133.3"
"1555349793680","04/15/19  17:36:33.680   ","4.87","84.1","2.832","18.5","1.9","1.718","100","19.02","2.43","0.51","3.31","1.2","0.44","0.88","0","0.21","0.26","0.23","0.31","0","0","0","0","82.1","11.4","-39.4","-72","82.1","11.4","-39.4","-72","-15","-96.5","4.4","120.9","12.7","-34.5","-172.9","0","0"
"1555349794921","04/15/19  17:36:34.921   ","4.95","81.9","2.805","19.3","1.9","1.694","100","19.29","5.32","1.83","3.76","1.54","0.42","0.81","0.61","0","0.25","0","0","0","0","0","0","84.2","-65.6","-76.8","-84","83","-115.2","-86.6","57.2","-1.3","138.7","49.4","-42.5","-111.3","0","177.2","0","0"
"1555349795385","04/15/19  17:36:35.385   ","4.78","83.1","2.798","19.3","1.9","1.696","100","19.37","5.78","1.79","3.7","1.79","0.57","0.77","0.66","0","0.22","0","0","0","0","0","0","83.7","-25.8","-55.1","-65","84.1","-78.3","-82.1","-65","-7.2","-168.7","13.8","5.3","-114.5","128.6","168.8","0","-65.6"
"1555349796583","04/15/19  17:36:36.583   ","5.02","82.3","2.815","19.5","1.9","1.69","100","19.03","5.69","1.17","3.61","1.95","0.98","0.77","0.72","0","0.23","0","0","0","0","0","0.23","83.5","-101.5","-85.7","23.7","81.8","-157","-40.5","98.5","-13.5","99.9","6","-64.7","5.2","148","147.1","0","0"
"1555349797366","04/15/19  17:36:37.366   ","4.81","83","2.843","19.2","1.9","1.701","100","18.45","2.91","0.57","3.66","1.23","0.7","0.88","0.31","0","0","0","0.31","0","0.2","0","0","83.2","82.1","-61.5","-158.5","83.2","82.1","-61.5","-158.5","-22.9","-4.3","5.3","161.8","-142.8","0","0","0","-128.8"
"1555349798592","04/15/19  17:36:38.592   ","4.77","84.1","2.846","19.7","1.9","1.754","100","19.05","2.28","0.66","3.45","1.38","0.61","0.89","0","0","0.24","0","0.29","0","0","0","0","82.8","1.9","-43.8","-66.9","84.1","-51.4","-70.2","-77.4","-1.7","-151.6","40.1","42.1","-86.2","0","166.9","0","-19.4"
"1555349799522","04/15/19  17:36:39.522   ","4.81","84.4","2.844","18.7","1.9","1.707","100","18.55","2.85","0.53","3.65","1.25","0.64","0.87","0.3","0","0","0.2","0.29","0","0","0","0","83.3","80.6","-61.4","-155","83.3","80.6","-61.4","-155","-23.1","-3.9","0.6","156.7","-157","0","0","-103.3","-134.6"
"1555349800377","04/15/19  17:36:40.377   ","4.96","82.8","2.831","19.8","2","1.766","100","18.06","3.31","0.26","3.69","1.62","1.09","0.8","0.63","0","0.22","0","0.22","0","0","0","0.28","82","-147","-40.4","82.6","82","-147","-40.4","82.6","-11","104.7","13.7","-58.5","0","146","145.7","0","0"
"1555349801603","04/15/19  17:36:41.603   ","4.9","82.5","2.836","20.5","1.9","1.788","100","18.43","2.97","1.51","4.14","1.5","0.4","0.85","0.39","0","0.33","0","0","0","0","0","0.21","83.2","128.8","-58.3","120.7","83.2","128.8","-58.3","120.7","-8.3","30.6","45.9","-137.7","-88.3","-27.8","0","0","-65.5"
"1555349802387","04/15/19  17:36:42.387   ","4.87","82.2","2.819","19.7","1.9","1.703","100","19","4.06","1.61","4.02","1.26","0.27","0.85","0.5","0.21","0.24","0","0","0","0","0","0","84.1","-46.2","-66.4","-73.9","84.1","-46.2","-66.4","-73.9","-1.4","-146.3","46.1","53.8","-76.5","0","154.4","0","-22.1"
"1555349803591","04/15/19  17:36:43.591   ","4.97","82","2.832","19.2","1.9","1.694","100","18.2","4.51","0.44","3.94","1.8","1.35","0.85","0.74","0.23","0.22","0","0.23","0","0","0","0.28","82.5","-124.9","-82.2","60","82.5","-124.9","-82.2","60","0.9","118.5","43.1","-52.8","0","0","165.5","0","0"
"1555349804390","04/15/19  17:36:44.390   ","4.91","84.2","2.848","18.4","1.9","1.704","100","18.56","4.37","0.41","4.1","1.85","1.18","0.71","0.5","0","0","0","0.24","0","0","0","0","82.7","57.7","-37.8","-115.2","82.7","57.7","-37.8","-115.2","-11.6","-40.1","73.2","131.8","43.8","13.7","0","0","-158.4"
"1555349805831","04/15/19  17:36:45.831   ","4.81","83.1","2.823","20.7","2","1.806","100","17.73","0.82","0.61","4.31","1.35","1.04","1","0","0.25","0.4","0","0","0","0","0","0.3","82.3","173.4","-43.7","118.1","82.3","173.4","-43.7","118.1","-3.6","65.3","44","-88.5","-40.9","0","153.4","0","0"
"1555349806534","04/15/19  17:36:46.534   ","4.78","83.9","2.858","18.5","1.9","1.682","100","18.26","3.97","0.42","4.09","1.74","1.15","0.81","0.51","0","0","0","0.24","0","0","0","0","83.4","101","-64.5","170.1","82.4","49.9","-27.3","-108.7","-12.1","-55.3","57.3","122.4","37","-10.9","-158.3","0","-171.6"
"1555349807832","04/15/19  17:36:47.832   ","5.02","82.7","2.829","19.8","1.9","1.698","100","19.19","5.85","1.58","3.75","1.88","0.7","0.69","0.71","0.22","0.22","0","0","0","0","0","0","83.9","-35.6","-59.6","-69","84.1","-87.4","-84","0","-11","-177.5","3","-9.3","-124.8","130.3","169","0","-75.2"
"1555349808402","04/15/19  17:36:48.402   ","4.84","82.5","2.826","20","1.9","1.747","100","19","5.71","1.21","3.68","1.95","0.97","0.73","0.76","0.21","0.22","0","0","0","0","0","0.2","83.7","-100.2","-86.5","26.9","83.7","-100.2","-86.5","26.9","-12.6","164.4","8.5","-26.3","-134.6","114.2","172.9","0","0"
"1555349809364","04/15/19  17:36:49.364   ","4.96","82.6","3.284","19.2","1.9","1.815","100","19.2","5.61","1.79","3.8","1.75","0.6","0.72","0.64","0","0.22","0","0","0","0","0","0","83.4","-26.9","-54","-65.7","83.4","-26.9","-54","-65.7","-2.8","-131.8","55.3","73.3","-57.2","0","148.6","0","0"
"1555349810364","04/15/19  17:36:50.364   ","5.02","81.9","3.212","19.8","1.9","1.822","100","18.61","2.36","0.85","3.89","1.49","0.77","0.93","0.22","0.24","0.2","0","0.24","0","0","0","0","83","-5.3","-43.6","-63.3","83","-5.3","-43.6","-63.3","-5.3","-114.7","63.4","101.4","-17.7","0","0","0","0"
"1555349811366","04/15/19  17:36:51.366   ","4.9","82.5","3.167","19.3","1.9","1.764","100","18.77","2.31","0.44","3.23","1.29","0.39","0.94","0","0","0","0.2","0.31","0","0","0","0","83.1","68.7","-48.7","-130.5","83.1","68.7","-48.7","-130.5","-16.1","-18.3","60.6","144.8","0","0","0","-116.8","-132.6"
"1555349812366","04/15/19  17:36:52.366   ","4.89","84.5","3.182","18.5","1.9","1.73","100","18.64","4.89","1.06","3.94","1.99","0.76","0.66","0.62","0.22","0","0","0.22","0","0","0","0","83.5","77.3","-56.1","-158.2","83.5","77.3","-56.1","-158.2","-20.8","-7.8","18.8","155.4","-175.7","0","0","-103.5","-132.6"
"1555349813369","04/15/19  17:36:53.369   ","4.94","84.9","3.233","18.5","1.9","1.748","100","18.5","4.88","1.15","4.03","2","0.74","0.68","0.63","0","0","0","0.22","0","0","0","0","83.8","134.4","-54.6","124.2","83.8","134.4","-54.6","124.2","-6.3","33.9","52.1","-129.8","-83.3","0","0","0","-52.4"
"1555349814362","04/15/19  17:36:54.362   ","4.97","83.8","3.243","19.6","1.9","1.782","100","18.12","2.55","1.45","4.09","1.41","0.38","0.87","0.34","0","0.34","0","0","0","0","0","0.2","84","128.8","-55.3","124.1","84","128.8","-55.3","124.1","-7.8","28.1","46.2","-139.2","-88.2","-18.1","0","0","0"
"1555349815563","04/15/19  17:36:55.563   ","4.98","84.4","3.276","18","1.9","1.775","100","18.48","2.11","0.62","3.76","1.44","0.58","0.93","0","0.24","0","0","0.3","0","0","0","0","83.6","60.8","-39.2","-102.9","84","2","-40.5","-67.3","-6.3","-108.8","0","111.2","4.5","0","175.8","0","0"
"1555349816601","04/15/19  17:36:56.601   ","5.13","85.2","3.324","18.5","2","1.787","100","18.07","3.29","0.47","3.94","1.4","0.83","0.9","0.36","0","0","0.22","0.31","0","0","0","0","83.8","33.7","-28","-96.6","84.8","-22.3","-51.1","-63.8","-0.7","-129.3","66.9","80.6","-39.6","-122.7","156.9","0","0"
"1555349817561","04/15/19  17:36:57.561   ","5.08","85.5","3.334","18","1.9","1.806","100","18.44","2.14","0.58","3.61","1.36","0.51","0.92","0","0.2","0","0","0.32","0","0","0","0","84.3","3.9","-40.2","-68","84.3","3.9","-40.2","-68","-6.7","-108.8","0","112.2","7.2","0","175.6","0","0"
"1555349818613","04/15/19  17:36:58.613   ","5.19","85.6","3.358","18.6","2","1.811","100","18.28","2.74","0.42","3.47","1.22","0.41","0.88","0.26","0","0","0.24","0.32","0","0.2","0","0","84.1","22.5","-33.1","-82.5","85.4","-35.6","-57.9","-65.7","0.2","-139.9","52.2","65.9","-62.8","-140.7","154.8","0","0"
"1555349819604","04/15/19  17:36:59.604   ","5.1","85.7","3.365","18.2","2","1.817","100","17.94","2.34","1.15","4.63","1.41","0.62","0.99","0.38","0.31","0.22","0","0.21","0","0","0","0","85.4","-21.1","-50.5","-62.4","85.4","-21.1","-50.5","-62.4","0","-129.7","70.5","84.8","-40.8","-121.1","157.7","0","0"
"1555349820601","04/15/19  17:37:00.601   ","5.14","85.9","3.386","19.2","2","1.823","100","18.04","2.21","0.99","4.24","1.48","0.6","0.97","0.39","0.25","0","0","0.22","0","0","0","0","85.2","-12.3","-46.2","-63.5","86","-71.7","-77.9","-78.1","-5.2","-162.5","16.1","11.2","-105.7","152.8","155.1","108.9","-50.6"
"1555349821605","04/15/19  17:37:01.605   ","5.21","84.4","3.375","19","2","1.763","100","18.89","4.52","1.75","3.8","1.42","0.29","0.86","0.52","0.23","0.21","0.21","0","0","0","0","0","86.1","-68.7","-76.4","-80.8","86.1","-68.7","-76.4","-80.8","-4","-160.7","18.8","19.1","-103.8","154.4","151.6","112.9","-52.6"
"1555349822583","04/15/19  17:37:02.583   ","5.22","84.6","3.39","19.4","2","1.771","100","18.98","4.59","1.72","3.86","1.46","0.31","0.85","0.53","0.23","0.23","0","0","0","0","0","0","86.2","-69.9","-77.3","-82.2","84.6","-128.5","-102","74","-0.8","116.8","25","-47.3","0","152.9","153.6","14","0"
"1555349823771","04/15/19  17:37:03.771   ","5.27","84.4","3.43","19.1","2","1.802","100","18.28","3.48","1.48","4.11","1.51","0.38","0.78","0.48","0.25","0.31","0","0","0","0","0","0","85.5","102.4","-59.6","154.2","84.5","41","-26.9","-97","-15.4","-66.8","46.7","130.4","44.5","-20.4","-158.7","0","169"
"1555349824592","04/15/19  17:37:04.592   ","5.46","84.7","3.406","19","2.1","1.851","100","17.99","3.56","0.23","3.71","1.66","1.08","0.82","0.71","0.27","0","0.21","0.27","0","0","0","0.31","84.5","-144.9","-60.8","89.3","84.9","154.9","-44.8","124.7","-1.6","46.6","65.6","-104.7","-62.8","24.6","144.8","0","0"
"1555349825586","04/15/19  17:37:05.586   ","5.27","85.6","3.455","19.3","2.1","1.904","100","18.2","1.34","1.35","4.28","1.26","0.64","0.93","0","0.26","0.34","0.21","0","0","0","0","0.23","85.3","139.9","-49.7","124.6","85.3","139.9","-49.7","124.6","-4","37.7","55.8","-122.6","-75","5.6","0","0","-26.7"
"1555349826767","04/15/19  17:37:06.767   ","5.25","86.6","3.499","19.1","2.1","1.834","100","18.99","4","1.7","3.72","1.26","0","0.86","0.5","0.25","0.24","0.24","0","0","0","0","0","85.6","0.3","-40.1","-66.8","86.7","-61.7","-74","-77.7","-1.1","-155.3","26.7","32.1","-96.9","156.3","143.7","0","-40.4"
"1555349827757","04/15/19  17:37:07.757   ","5.34","84.8","3.459","19.4","2.1","1.787","100","19.15","4.96","1.8","3.81","1.65","0.47","0.85","0.6","0.25","0.22","0","0","0","0","0","0","86.6","-81.6","-83.9","-71.8","86.6","-81.6","-83.9","-71.8","-7.1","-169.9","4.3","-0.7","-115","142.6","0","85.5","-61.8"
"1555349828705","04/15/19  17:37:08.705   ","5.31","85.9","3.471","19.6","2.1","1.84","100","19","5.22","1.4","3.69","1.89","0.69","0.73","0.7","0.21","0.26","0","0.22","0","0","0","0","86.2","-102.4","-93.2","51","86.2","-102.4","-93.2","51","-2.7","162.6","15.9","-27.5","-123.2","128.9","177.6","47.2","-90.5"
"1555349829586","04/15/19  17:37:09.586   ","5.29","85.6","3.5","19.3","2.1","1.81","100","19.17","4.27","1.75","3.8","1.35","0.24","0.88","0.53","0.26","0.24","0.24","0","0","0","0","0","86.9","-67.1","-76.6","-79.6","86.9","-67.1","-76.6","-79.6","-2.1","-157.5","19","22.4","-100.7","151.6","141.5","0","-53.8"
"1555349830572","04/15/19  17:37:10.572   ","5.38","84.9","3.481","19.3","2.1","1.779","100","19.31","5.28","1.65","3.71","1.78","0.58","0.79","0.65","0.24","0","0","0","0","0","0","0","86.6","-91.8","-88.5","0","84.8","-154","-45.2","93.9","-9.3","110.2","-9.3","-57.2","0","121.3","141.2","-0.4","0"
"1555349831595","04/15/19  17:37:11.595   ","5.47","85.6","3.463","19.6","2.2","1.86","100","17.92","1.38","0.69","3.91","1.19","0.63","1","0","0.34","0.34","0.32","0","0","0","0","0.28","84.9","-179.7","-38.4","111.7","84.9","-179.7","-38.4","111.7","-0.7","67.7","49.9","-82.5","-29","57.3","141.7","3.1","0"
"1555349832578","04/15/19  17:37:12.578   ","5.37","85.9","3.494","20.6","2.1","1.883","100","18.22","0.79","1.03","4.34","1.27","0.83","1.08","0","0.32","0.29","0.24","0","0","0","0","0.28","85.2","150.4","-46.2","122.5","85.9","86.7","-58.9","-170.3","-20.8","6.4","16.5","166.2","-117.4","0","-126.3","-116.4","-124.3"
"1555349833586","04/15/19  17:37:13.586   ","5.47","85.4","3.549","20.2","2","1.781","100","18.95","4.34","0.75","3.93","1.95","0.95","0.7","0.59","0.22","0","0","0.24","0","0","0","0","85.2","58.3","-34.1","-102","85.2","58.3","-34.1","-102","-12.1","-40.5","63.3","135.9","40.9","-15.4","-142.9","-159.7","-171.2"
"1555349834580","04/15/19  17:37:14.580   ","5.48","86.3","3.548","18.9","2.2","1.815","100","18.84","3.03","0.46","3.58","1.33","0.73","0.87","0.31","0","0","0.22","0.3","0","0.22","0","0","85.3","25.7","-29.8","-87.2","86.9","-36.4","-58.4","-65.7","2","-139.2","52.8","67.2","-61.3","-144.6","145.7","0","0"
"1555349835423","04/15/19  17:37:15.423   ","5.33","85.9","3.538","19.5","2.1","1.813","100","19.05","2.03","0.82","3.66","1.32","0.65","0.97","0.22","0.26","0.24","0.24","0.27","0","0.21","0","0.21","85.2","58.6","-35.9","-105.6","85.2","58.6","-35.9","-105.6","-12.2","-39.3","66.9","135.5","36.1","-18.2","-150","-163.6","-172.9"
"1555349836593","04/15/19  17:37:16.593   ","5.42","84.9","3.5","19.5","2.2","1.808","100","19.48","5.32","1.55","3.62","1.9","0.67","0.77","0.7","0.21","0.24","0","0","0","0","0","0","86.6","-97.6","-92","45.7","84.7","-160.7","-39.6","99.3","-8.5","100.7","-12.5","-63.8","8.2","107.4","138.2","-1.2","0"
"1555349837586","04/15/19  17:37:17.586   ","5.48","85.9","3.49","19.7","2.2","1.91","100","18.1","0.57","0.84","4.37","1.18","0.77","1.12","0","0.41","0.37","0.26","0","0","0","0","0.25","85.1","164.8","-40.9","118.9","85.1","164.8","-40.9","118.9","-0.4","52.1","65.2","-98.7","-47","41.6","127.1","0","0"
"1555349838591","04/15/19  17:37:18.591   ","5.37","85.9","3.545","20.5","2.1","1.836","100","18.89","1.66","1.52","4.04","1.3","0.39","0.94","0.28","0.27","0.33","0.22","0","0","0","0","0","85.7","127.3","-53.4","120.7","85.6","66.4","-41.8","-111.1","-13.7","-24.1","65","142","0","-11.9","-131.2","-142.2","-156.6"
"1555349839624","04/15/19  17:37:19.624   ","5.51","86.1","3.558","18.9","2.2","1.821","100","18.92","2.55","1.31","4.32","1.28","0.48","0.96","0.56","0.29","0.21","0.24","0.27","0","0","0","0","85.1","27.8","-25","-89.2","86.8","-34.2","-56.7","-64.3","1.7","-138.1","54.9","70.3","-60.1","-139.7","153.9","0","0"
"1555349840704","04/15/19  17:37:20.704   ","5.56","84.8","3.514","20.2","2.2","1.816","100","18.79","4.4","0.6","3.82","1.85","1.3","0.83","0.73","0.29","0.2","0","0.35","0","0","0","0.26","85.3","-131.3","-116.2","70.7","85.3","-131.3","-116.2","70.7","-0.9","116.4","20.3","-49.8","0","141.6","155.3","11.4","0"
"1555349841793","04/15/19  17:37:21.793   ","5.38","86","3.532","20.6","2.1","1.81","100","19.35","4.4","0.97","3.85","1.96","0.8","0.69","0.65","0.23","0","0","0.23","0","0","0","0","85.6","66.2","-43.5","-112","85.6","66.2","-43.5","-112","-13","-24.8","69","141.7","0","-16.6","-122.5","-152.5","-153.3"
"1555349842757","04/15/19  17:37:22.757   ","5.45","84.9","3.553","20.2","2.2","1.828","100","18.98","2.98","0.43","3.56","1.33","0.77","0.88","0.34","0.21","0","0.21","0.32","0","0","0","0","85.1","26.1","-26.4","-86.9","85.1","26.1","-26.4","-86.9","-17.5","-81.1","20","128.8","40.1","-39.2","-149.5","-171.3","163.9"
"1555349843607","04/15/19  17:37:23.607   ","5.38","85.7","3.548","20.4","2.1","1.822","100","19.09","2.33","1.59","4.03","1.41","0.23","0.83","0.35","0.27","0.33","0","0","0","0","0","0","86.2","114.9","-57.2","127.2","85.3","53.2","-27.6","-103.7","-12.5","-47.9","63","131.2","50.1","-21.5","-141.6","-168.8","-174"
"1555349844598","04/15/19  17:37:24.598   ","5.47","85.1","3.58","19.2","2.2","1.785","100","19.26","2.42","0.46","3.27","1.21","0.46","0.9","0","0.2","0.23","0.28","0.32","0","0.27","0","0","85.3","13.7","-34.1","-75","85.3","13.7","-34.1","-75","-12","-98","0","119.2","23.2","-54.2","-168.4","-166.8","0"
"1555349845614","04/15/19  17:37:25.614   ","5.4","87.2","3.56","20","2.2","1.833","100","18.95","2.26","1.22","4.34","1.42","0.51","1.07","0.45","0.39","0.23","0.24","0.24","0","0","0","0","86.6","-25.7","-52.2","-64.8","86.9","-87.9","-89.1","0","-7.5","-177.3","3.5","-10.5","-122.2","137.3","153.6","79.8","-73.3"
"1555349846604","04/15/19  17:37:26.604   ","5.36","86.4","3.536","20.3","2.2","1.79","100","19.05","4.65","0.77","3.69","1.9","1.22","0.85","0.78","0.26","0.21","0.2","0.29","0","0","0","0.23","85.5","-125.9","-120.1","69.6","85.5","-125.9","-120.1","69.6","1.3","120.7","24.4","-43.5","0","152.4","158.2","24.3","0"
"1555349847772","04/15/19  17:37:27.772   ","5.49","85.4","3.575","19.1","2.2","1.778","100","19.32","4.44","0.99","3.9","1.97","0.82","0.69","0.6","0.25","0","0","0.24","0","0","0","0","85.7","66.4","-42.9","-108.8","85.8","2.1","-38.3","-66.2","-5.5","-111.5","0","110","9.2","-73.4","-170.8","-156.3","0"
"1555349848760","04/15/19  17:37:28.760   ","5.37","86.4","3.583","19.1","2.2","1.831","100","19.21","2.68","1.35","4.25","1.23","0.44","0.96","0.54","0.31","0.26","0.24","0.25","0","0","0","0","87.1","-39.2","-60.4","-67.8","87.1","-39.2","-60.4","-67.8","2.1","-142","52.9","65.4","-67.3","-151.5","144.4","0","0"
"1555349849676","04/15/19  17:37:29.676   ","5.48","85","3.534","20.2","2.2","1.792","100","19.81","4.9","1.85","3.71","1.57","0.46","0.89","0.59","0.26","0.26","0.2","0","0","0","0","0","86.4","-16.7","-47.7","-63.3","87.3","-79.2","-85.4","-74.8","-5.1","-166.8","8.5","3.9","-114","140.6","0","90.6","-65.5"
"1555349850913","04/15/19  17:37:30.913   ","5.47","87.3","3.586","18.9","2.2","1.8","100","19.31","4.05","0.51","3.79","1.87","0.94","0.76","0.54","0.23","0","0","0.3","0","0","0","0","85.3","49.1","-22.5","-102.7","85.3","49.1","-22.5","-102.7","-13.3","-57","57.6","129.3","53.9","-21.5","-145.2","-171.7","-173"
"1555349851601","04/15/19  17:37:31.601   ","5.39","85.1","3.544","19.8","2.2","1.793","100","19.75","5.39","1.62","3.59","1.87","0.68","0.76","0.68","0.25","0.24","0","0.2","0","0","0","0","86.8","-97.1","-92.4","43.8","85","-160.3","-36.3","99.5","-8.1","101.4","-10.4","-62.7","13.3","118.2","142.7","2","0"
"1555349852609","04/15/19  17:37:32.609   ","5.6","88","3.521","19.9","2.3","1.903","100","18.51","0.39","0.84","4.35","1.19","0.84","1.08","0","0.3","0.36","0.27","0","0","0","0","0.3","85.5","157.3","-43.3","122.1","85.5","157.3","-43.3","122.1","-0.8","49.4","66.7","-105.1","-60","31.2","126.6","0","0"
"1555349853583","04/15/19  17:37:33.583   ","5.41","85.9","3.555","20.7","2.2","1.865","100","19.22","2.51","1.62","4.12","1.42","0.28","0.86","0.38","0.26","0.39","0","0","0","0","0","0","85.9","113.9","-58.7","125.7","85.3","51.6","-25.6","-104.3","-14.3","-52.3","59.3","130.1","48.5","-27.8","-169.5","-170.8","-179.1"
"1555349854996","04/15/19  17:37:34.996   ","5.54","85.5","3.579","20.7","2.1","1.815","100","19.42","4.26","0.65","3.96","1.92","1.03","0.68","0.61","0.21","0","0","0.25","0","0","0","0","85.2","54.5","-28.3","-103.3","85.2","54.5","-28.3","-103.3","-13.8","-47.6","55.5","132.3","51","-16.9","-165","-158.1","179.2"
"1555349855601","04/15/19  17:37:35.601   ","5.38","87.1","3.578","20.3","2.2","1.823","100","19.21","2.38","1.26","4.42","1.31","0.62","0.97","0.5","0.37","0.28","0.23","0.27","0.21","0","0","0","86.8","-30.8","-55.8","-65.4","87","-92","-91.4","0","-8.5","178.5","2","-14.2","-130.8","131.9","135","76.9","-76.7"
"1555349856591","04/15/19  17:37:36.591   ","5.37","86.1","3.556","20.4","2.2","1.797","100","19","4.34","0.55","3.87","1.8","1.37","0.81","0.76","0.28","0.25","0","0.33","0","0","0","0","85.2","-133.2","-123.2","70.2","85.2","-133.2","-123.2","70.2","-3.1","114.7","14.9","-50.9","0","142.3","145.7","9.6","0"
"1555349857579","04/15/19  17:37:37.579   ","5.6","85.6","3.521","20.4","2.3","1.898","100","18.6","1.75","0.55","3.61","1.33","0.73","0.94","0.31","0.28","0.36","0.22","0","0","0","0","0.25","84.9","-173.4","-36","107.6","85.9","119.3","-56.8","121.5","-10.8","20.4","40.6","-147.5","-96.9","-32","0","0","-73"
"1555349858352","04/15/19  17:37:38.352   ","5.36","86.1","3.547","20","2.3","1.837","100","18.73","3.11","0","3.61","1.55","1.13","0.85","0.66","0.29","0.29","0.24","0.27","0","0","0","0.25","86.9","-90.3","-89.9","0","86.9","-90.3","-89.9","0","-8.1","-179.4","3.6","-14.8","-128.9","135.5","147.9","84.4","-72.5"
"1555349859595","04/15/19  17:37:39.595   ","5.56","86","3.598","19.1","2.2","1.82","100","19.3","3.39","0.39","3.84","1.57","1.11","0.86","0.46","0.23","0","0","0.31","0","0","0","0","85.1","34.5","-19.2","-95.8","86.6","-27.8","-53.7","-64.2","0.5","-133.3","61.4","76.5","-52.4","-124","135.9","0","0"
"1555349860585","04/15/19  17:37:40.585   ","5.37","87.1","3.581","20","2.2","1.854","100","20.03","4.47","1.82","3.77","1.41","0.35","0.93","0.54","0.29","0.31","0.23","0","0","0","0","0","87.2","-69.4","-79.1","-89.3","87.2","-69.4","-79.1","-89.3","-2.4","-160.2","20.7","18.3","-108","156.1","131.4","0","-49.9"
"1555349861588","04/15/19  17:37:41.588   ","5.37","84.9","3.547","20","2.3","1.802","100","19.72","5.16","1.26","3.58","1.94","0.86","0.75","0.75","0.23","0.35","0","0.27","0","0","0","0","86.3","-109.4","-102.3","60.2","85","-172.9","-36.9","108.7","-3.6","78.9","5.6","-74.9","-16.3","76.9","135.2","2.1","0"
"1555349862577","04/15/19  17:37:42.577   ","5.65","85.1","3.529","20.1","2.3","1.914","100","19.01","0.97","1.2","4.3","1.33","0.81","1.04","0","0.25","0.43","0.2","0","0","0","0","0.23","84.9","-154","-35.6","94.5","85.7","141.6","-48.8","123.8","-3.7","38.6","51","-119.8","-76.2","5.5","120.1","0","-35.6"
"1555349863706","04/15/19  17:37:43.706   ","5.43","86","3.598","19","2.2","1.849","100","19.28","2.4","1.26","4.57","1.42","0.53","1.05","0.47","0.38","0","0.2","0.2","0","0","0","0","86.7","-29.7","-54","-65.4","86.7","-29.7","-54","-65.4","0.2","-134.5","57.1","75.6","-56.9","-131.1","143.4","0","0"
"1555349864871","04/15/19  17:37:44.871   ","5.54","86.1","3.555","21.2","2.3","1.931","100","18.52","0.49","0.76","4.47","1.27","0.99","1.14","0","0.39","0.5","0.24","0","0","0","0","0.29","85.2","161.6","-42.6","122.7","86.1","95.3","-60.8","-179.8","-19.5","7","13.5","177.2","-122.5","0","0","0","-112.4"
"1555349865592","04/15/19  17:37:45.592   ","5.37","86.9","3.567","20.7","2.2","1.809","100","19.86","3.44","1.62","3.93","1.18","0.21","0.9","0.52","0.24","0.26","0.22","0","0","0","0","0","87.2","-52.8","-69.5","-77.3","86","-113.4","-107.3","61.5","0.7","140.8","28.2","-37.9","-125.9","145.4","165.7","43.1","0"
"1555349866582","04/15/19  17:37:46.582   ","5.48","85.1","3.544","20.1","2.3","1.821","100","18.85","2.88","0","3.47","1.55","0.95","0.89","0.6","0.26","0.25","0.25","0.22","0","0","0","0.28","84.8","-159.1","-38.7","101.4","84.8","-159.1","-38.7","101.4","-9.5","103.1","-6.7","-60.4","10.9","130.3","141.6","5.3","0"
"1555349867585","04/15/19  17:37:47.585   ","5.52","84.9","3.557","21.2","2.3","1.936","100","18.59","0.45","0.78","4.42","1.32","1","1.1","0","0.3","0.45","0.2","0","0","0","0","0.3","85.3","155.4","-44.2","122.7","86.3","90.2","-59.2","-169.2","-19.7","4.6","13.2","171.7","-142.9","0","0","-89","-115.2"
"1555349868582","04/15/19  17:37:48.582   ","5.41","85.8","3.588","20.8","2.2","1.809","100","19.43","3.94","0.45","3.99","1.83","1.08","0.79","0.56","0.2","0","0","0.31","0","0","0","0","85.3","45.1","-19.8","-97.5","85.3","45.1","-19.8","-97.5","-14.9","-63.6","47.9","131.5","55.9","-2","0","0","-178.5"
"1555349869595","04/15/19  17:37:49.595   ","5.55","87.1","3.606","19.9","2.2","1.836","100","19.78","2.05","0.6","3.45","1.32","0.39","1.01","0","0.26","0","0.25","0.35","0.2","0.22","0","0","85.8","0.6","-39.6","-65.8","87.3","-63.1","-75.9","-86.1","-0.6","-157.4","27.4","27.8","-95.4","166","139","122.7","-39"
"1555349870590","04/15/19  17:37:50.590   ","5.4","86.5","3.574","20.7","2.2","1.804","100","20","5.38","1.34","3.55","1.96","0.84","0.74","0.77","0.26","0.3","0.22","0.23","0","0","0","0","86.6","-106.3","-100.2","64.4","86.6","-106.3","-100.2","64.4","-1.6","154.5","20.3","-29.4","-129.5","142","161.8","55.4","0"
"1555349871587","04/15/19  17:37:51.587   ","5.66","85.1","3.541","20.1","2.2","1.865","100","18.88","3.22","0","3.48","1.61","1.11","0.9","0.72","0.24","0.32","0.29","0.22","0","0","0","0.28","84.9","-154","-40.6","95.1","85.7","140.9","-48.8","122.5","-4.4","37.7","53.6","-120.8","-77.6","1.4","123.9","0","-34"
"1555349872625","04/15/19  17:37:52.625   ","5.45","85.4","3.593","20.1","2.2","1.827","100","19.53","3.82","1.58","4.11","1.65","0.56","0.83","0.54","0.26","0.34","0","0","0","0","0","0","86.3","93.2","-59.4","178.6","85.3","28.8","-21.6","-89","-17.6","-78.8","10","130.5","58.9","-15.3","0","0","175.9"
"1555349873845","04/15/19  17:37:53.845   ","5.64","85.1","3.544","20.1","2.3","1.843","100","18.99","3.78","0.24","3.53","1.71","1.32","0.92","0.78","0.23","0.25","0.28","0.25","0","0","0","0.32","85.2","-145.7","-61.9","89.6","85.8","150","-46.7","123.7","-1.3","43.5","61","-111.4","-67.8","20.5","124.6","0","-14.1"
"1555349874604","04/15/19  17:37:54.604   ","5.55","86.7","3.599","19.9","2.2","1.849","100","20.02","4.3","1.84","3.65","1.4","0.22","0.92","0.51","0.22","0","0","0","0","0","0","0","87.3","-68.5","-79.7","-91.7","87.3","-68.5","-79.7","-91.7","-1.2","-162.2","21.6","16.8","-100.8","161.1","146.7","117.7","-50.2"
"1555349875592","04/15/19  17:37:55.592   ","5.57","85.1","3.561","20.1","2.3","1.802","100","19.63","5.04","1.03","3.46","1.92","1.11","0.85","0.82","0.25","0.24","0.21","0.26","0","0","0","0.23","86.2","-117.1","-114.6","65","85.2","178.3","-39.2","113.4","-0.6","65.5","43.8","-83.7","-33.9","53.2","137.3","0","0"
"1555349876604","04/15/19  17:37:56.604   ","5.67","86.8","3.563","20.3","2.3","1.915","100","19.32","1.73","1.58","3.87","1.36","0.37","0.94","0.34","0.22","0.35","0","0","0","0","0","0.2","86.2","123.5","-54.7","122.1","86.2","123.5","-54.7","122.1","-7.4","24.6","48.1","-145.3","-94.1","-21.3","0","0","-61.9"
"1555349877717","04/15/19  17:37:57.717   ","5.4","86.9","3.623","19.9","2.3","1.802","100","19.94","3.58","1.66","3.61","1.18","0","0.95","0.51","0.23","0.2","0","0","0","0","0","0","87.6","-57.3","-73.5","-80","87.6","-57.3","-73.5","-80","2.3","-153.6","32.4","34.9","-91.2","167.4","138.9","118.1","-30.2"
"1555349878762","04/15/19  17:37:58.762   ","5.66","85.3","3.29","20.1","2.3","1.797","100","18.77","2.09","0.47","3.24","1.4","0.68","0.98","0.4","0.2","0.29","0.26","0","0","0","0","0.28","85.3","-171","-39.7","108.6","85.3","-171","-39.7","108.6","-2.2","82","6.6","-72","-22.5","83.8","147.3","7.2","0"
"1555349879787","04/15/19  17:37:59.787   ","5.4","87.2","3.352","19.9","2.2","1.756","100","19.72","4.54","1.06","3.82","2.01","0.8","0.68","0.61","0.21","0","0","0.25","0","0","0","0","86.3","69.7","-48.6","-115.5","86.3","69.7","-48.6","-115.5","-15.3","-17.3","59.2","148.9","0","10.8","0","-121.6","-91"
"1555349880608","04/15/19  17:38:00.608   ","5.51","85.5","3.286","20.1","2.3","1.884","100","18.96","0.76","1.11","4.19","1.3","0.88","1.1","0","0.29","0.32","0.22","0","0","0","0","0.25","86","144.7","-49.2","123.8","86","144.7","-49.2","123.8","-1.6","40","58.5","-116.9","-73.3","12.5","0","0","-16.4"
"1555349881608","04/15/19  17:38:01.608   ","5.46","86.4","3.325","20.1","2.2","1.752","100","19.59","3.9","1.56","3.93","1.68","0.56","0.8","0.57","0.24","0.22","0","0","0","0","0","0","86.6","91.3","-60.4","-174.3","85.7","26.5","-26.4","-85.4","-16.2","-81.4","15","130.2","45.1","-13.9","0","-163.4","-179.8"
"1555349882597","04/15/19  17:38:02.597   ","5.58","86.2","3.348","19.1","2.2","1.776","100","19.37","2.17","1.14","4.27","1.52","0.55","1.08","0.48","0.38","0","0","0.29","0.22","0","0","0","86.8","-24.4","-52.3","-64.7","86.8","-24.4","-52.3","-64.7","3.1","-132.2","66.8","81.7","-46","-112.6","154.9","0","0"
"1555349883595","04/15/19  17:38:03.595   ","5.39","87.7","3.309","20","2.2","1.752","100","20.17","4.71","1.84","3.54","1.47","0.33","0.92","0.56","0.23","0","0.2","0","0","0","0","0","87.6","-73.6","-82.8","-93","85.4","-137.1","-105.3","71.5","-3.5","111.3","15.2","-50.2","0","153.9","150.1","4.8","0"
"1555349884610","04/15/19  17:38:04.610   ","5.59","85.1","3.263","20.3","2.3","1.829","100","18.72","1.15","0.68","3.71","1.28","0.76","1.1","0.2","0.27","0.36","0.26","0","0","0","0","0.32","85.4","175.1","-38.7","115.9","85.4","175.1","-38.7","115.9","1.8","62.5","54.2","-86.4","-36.5","55.3","140.2","0","0"
"1555349885626","04/15/19  17:38:05.626   ","5.43","85.8","3.291","21.2","2.2","1.768","100","19.71","4.47","0.79","3.65","1.98","0.87","0.71","0.64","0.25","0","0.2","0.26","0","0","0","0","86.3","123.3","-57","120.2","85.8","61.5","-35.8","-107.2","-12.8","-34","71.3","138.8","71.7","5.1","0","-140.9","-146.1"
"1555349886727","04/15/19  17:38:06.727   ","5.35","87.3","3.307","20.7","2.2","1.761","100","19.79","3.18","1.54","3.78","1.2","0","0.99","0.54","0.27","0","0.24","0.2","0","0","0","0","87.4","-50.5","-68.9","-77.3","86.4","-110.7","-105.8","61.3","2.9","147.6","27.6","-31.7","-122.9","142.6","-174.5","55.3","0"
"1555349887583","04/15/19  17:38:07.583   ","5.4","87.5","3.297","19.2","2.2","1.806","100","19.49","2.37","1.24","4.25","1.37","0.5","1.04","0.51","0.37","0.21","0.21","0.21","0","0","0","0","86.9","-31.5","-56.7","-67","86.9","-31.5","-56.7","-67","2.8","-136","59.2","73.6","-58.2","-136.2","158.2","0","0"
"1555349888354","04/15/19  17:38:08.354   ","5.36","86.3","3.284","19.3","2.2","1.758","100","19.65","4.25","0.59","3.63","1.96","0.95","0.74","0.61","0.21","0","0","0.3","0","0","0","0","85.6","55.4","-28","-103.7","85.6","55.4","-28","-103.7","-11.4","-42.7","65.4","136.7","55.9","6.9","0","0","-162.2"
"1555349889591","04/15/19  17:38:09.591   ","5.57","86","3.219","20.7","2.3","1.83","100","19.05","1.88","0.54","3.26","1.41","0.72","0.99","0.34","0.21","0.27","0.28","0","0","0","0","0.26","84.9","-172.5","-39.1","109.7","86.2","120.8","-58.2","117.2","-7.3","22.5","43.3","-146.5","-98.2","-26.8","0","0","-69.9"
"1555349890759","04/15/19  17:38:10.759   ","5.46","85","3.231","20.1","2.2","1.744","100","19.67","2.9","1.4","4","1.26","0.36","0.98","0.56","0.3","0.23","0.26","0","0","0","0","0","87.1","-42.7","-64.3","-72.1","87.1","-42.7","-64.3","-72.1","3.7","-143.6","49","58.7","-76.4","-167.3","134.3","0","-13.5"
"1555349891600","04/15/19  17:38:11.600   ","5.49","85.7","3.273","19.3","2.2","1.729","100","19.65","4.11","0.49","3.7","1.89","1.08","0.72","0.61","0.23","0","0","0.29","0","0","0","0","85.2","49.8","-23","-104.6","86.1","-13.8","-47.9","-63.4","1.2","-124.9","72.8","93.9","-24.1","-105.7","0","0","0"
"1555349892573","04/15/19  17:38:12.573   ","5.48","86.9","3.275","19.7","2.2","1.767","100","19.61","2.48","0.54","3.25","1.25","0.58","0.91","0.25","0","0","0.25","0.37","0","0.21","0","0","85.3","16.9","-34.1","-76.6","87.1","-45.7","-66.7","-75","5.1","-145.5","48.6","56.9","-75.6","-168.7","136.4","0","-23.3"
"1555349893593","04/15/19  17:38:13.593   ","5.32","85.6","3.22","20.6","2.2","1.74","100","20.28","5","1.88","3.49","1.51","0.39","0.89","0.6","0.25","0","0","0","0","0","0","0","87.1","-74.4","-83.5","-90.1","85","-135.3","-116.5","68.7","-1.4","112.2","19","-52.4","0","142","154.1","15.1","0"
"1555349894689","04/15/19  17:38:14.689   ","5.32","85.4","3.198","20.4","2.2","1.867","100","19.45","1.52","1.42","3.98","1.32","0.64","0.96","0.27","0.22","0.31","0.22","0","0","0","0","0.25","85.6","133.8","-54.1","120.2","85.6","133.8","-54.1","120.2","-3.4","33.6","52.5","-128.6","-83.9","-9.4","0","0","-42.3"
"1555349895584","04/15/19  17:38:15.584   ","5.42","86.1","3.17","20.4","2.2","1.851","100","18.82","0.95","0.75","3.74","1.25","0.8","1.07","0","0.32","0.34","0.28","0","0","0","0","0.3","84.8","174.6","-40.1","116.8","84.8","174.6","-40.1","116.8","1.5","62.8","40.5","-88.2","-35","61.2","144.6","-14","0"
"1555349896581","04/15/19  17:38:16.581   ","5.33","86.1","3.182","21.5","2.3","1.821","100","19.05","0.9","1.05","4.33","1.35","0.8","1.08","0","0.27","0.31","0","0","0","0","0","0.27","85.5","144.6","-49.8","121.7","86","81.7","-57.4","-148.3","-16","-0.4","25","162.5","-143.3","-20.8","-112","-108.3","-119"
"1555349897593","04/15/19  17:38:17.593   ","5.41","85.1","3.216","19.5","2.1","1.722","100","19.71","4.59","0.8","3.68","2","0.99","0.67","0.66","0.21","0","0","0.25","0","0","0","0","85.3","64","-41","-114.1","85.3","0.6","-41.6","-66.6","-4.1","-111.4","0","106.3","3.6","-63.1","-173.4","-163.7","0"
"1555349898685","04/15/19  17:38:18.685   ","5.26","84.9","3.175","20.3","2.2","1.778","100","20.23","5.13","1.91","3.55","1.57","0.47","0.88","0.61","0.2","0.2","0","0","0","0","0","0","86.8","-76.2","-84.5","-95.8","86.8","-76.2","-84.5","-95.8","-1.2","-165.6","13.8","7.5","-111.9","144.4","163.3","0","-54.8"
"1555349899647","04/15/19  17:38:19.647   ","5.32","86.6","3.166","20.6","2.1","1.737","100","20.24","5.55","1.75","3.5","1.84","0.68","0.81","0.7","0.24","0","0.2","0","0","0","0","0","86.6","-89.3","-91.1","0","86.6","-89.3","-91.1","0","-6.5","-176.3","2.9","-12","-125","132.3","154.5","77.6","-72.8"
"1555349900586","04/15/19  17:38:20.586   ","5.2","86.4","3.15","20.8","2.1","1.738","100","20.22","5.6","1.46","3.36","1.97","0.83","0.78","0.73","0.22","0.21","0.2","0.21","0","0","0","0","86.5","-41.6","-63.2","-72.9","86.1","-100","-94.4","42.5","-6.2","168.5","6","-24.6","-138.1","122.4","0","51.3","-90.5"
"1555349901419","04/15/19  17:38:21.419   ","5.37","84.3","3.137","20.8","2.2","1.786","100","19.92","3.62","1.59","3.72","1.21","0.25","0.93","0.53","0.23","0.23","0.21","0","0","0","0","0","84.8","10.4","-38.4","-71.7","84.8","10.4","-38.4","-71.7","-10.3","-102.7","12","118.4","23.1","-44.1","-165.7","-167.4","0"
"1555349902597","04/15/19  17:38:22.597   ","5.34","84.2","3.116","20.4","2.2","1.777","100","18.92","1.63","0.65","3.33","1.36","0.67","0.94","0.27","0.2","0.35","0.25","0","0","0","0","0.28","85.4","-113.6","-102","56.4","84.1","-174.9","-41.2","110.3","-2.2","77.7","16.7","-76.9","-26.2","76.4","142.2","0","0"
"1555349903577","04/15/19  17:38:23.577   ","5.31","85.5","3.097","20.3","2.2","1.797","100","18.83","1.29","0.68","3.47","1.29","0.72","1.02","0.25","0.26","0.32","0.26","0","0","0","0","0.26","84.2","-178.6","-39.5","113.4","84.2","-178.6","-39.5","113.4","-0.3","73.1","25.9","-81.6","-29","71.9","146.4","-10.4","0"
"1555349904594","04/15/19  17:38:24.594   ","5.28","85.5","3.108","21.1","2.1","1.85","100","19.46","2.9","1.61","3.84","1.47","0.32","0.89","0.41","0.24","0.35","0.2","0","0","0","0","0","84","179.8","-40.9","114.1","85.4","116.5","-61","121.4","-8.9","19.6","39.7","-152.7","-100","-37.2","0","0","-77"
"1555349905586","04/15/19  17:38:25.586   ","5.18","84.7","3.101","21.1","2.1","1.824","100","19.41","2.82","1.62","3.88","1.45","0.35","0.89","0.43","0.22","0.27","0","0","0","0","0","0","85.4","117.7","-60.1","126.4","85.4","117.7","-60.1","126.4","-6.9","20.8","43.7","-148.2","-99.8","-38","0","0","-73.9"
"1555349906624","04/15/19  17:38:26.624   ","5.3","84.8","3.133","18.8","2.1","1.71","100","19.64","4.61","0.72","3.66","2.01","1.04","0.69","0.66","0.24","0","0.2","0.23","0","0","0","0","84.7","63.8","-41.8","-121.3","84.7","63.8","-41.8","-121.3","-13","-23.9","61.6","140","0","0","-116.1","-140.4","-157"
"1555349907618","04/15/19  17:38:27.618   ","5.28","84.7","3.122","19.4","2.1","1.711","100","19.72","4.79","0.88","3.66","2.04","0.98","0.68","0.66","0.21","0","0","0.25","0","0","0","0","84.9","69.5","-50.5","-130.8","84.4","8","-39.5","-69.6","-9.4","-104.1","27.9","114.5","14.9","-53.2","-162.3","-166.4","0"
"1555349908469","04/15/19  17:38:28.469   ","5.22","86.1","3.117","19.5","2.1","1.729","100","19.54","4.61","1.16","3.51","1.97","0.77","0.7","0.66","0.23","0","0","0.23","0","0","0","0","84.8","134.7","-52.7","118.6","84.8","134.7","-52.7","118.6","-4.2","34.3","52.1","-131.1","-78.9","-9.1","0","0","-45.4"
"1555349909647","04/15/19  17:38:29.647   ","5.08","85.9","3.109","19.7","2.1","1.777","100","19.49","2.9","1.31","4","1.34","0.56","0.92","0.55","0.32","0.27","0.22","0","0","0","0","0.2","85.7","-33.7","-58.5","-69","85.7","-33.7","-58.5","-69","2.9","-137","59.1","70.5","-62.2","-145.7","152.4","0","0"
"1555349910610","04/15/19  17:38:30.610   ","5.07","85.5","3.094","19.3","2.1","1.763","100","19.38","2.44","1.14","3.91","1.46","0.73","0.97","0.5","0.29","0.28","0","0.2","0","0","0","0","85.1","-20.9","-52","-64.8","85.1","-20.9","-52","-64.8","1.4","-128.6","69.5","84.4","-40.9","-114.6","172.9","0","0"
"1555349911614","04/15/19  17:38:31.614   ","5.1","86.1","3.087","20.2","2.1","1.775","100","19.74","2.06","0.89","3.31","1.31","0.77","0.97","0.25","0.24","0.29","0.2","0.28","0","0.22","0","0","84.7","-6.3","-44.1","-65.1","86","-65","-77.6","-85.3","1.2","-158","26.5","26.5","-103.4","145.4","148.8","0","-44.5"
"1555349912811","04/15/19  17:38:32.811   ","5.24","83.6","3.048","20.6","2.1","1.836","100","19.31","1.85","1.42","3.94","1.36","0.68","0.94","0.34","0","0.33","0.2","0","0","0","0","0.25","83.5","-163.8","-41.4","103.4","84.6","135.6","-55.5","118.1","-4.1","34","49.4","-128.3","-80.5","-0.7","0","0","0"
"1555349913601","04/15/19  17:38:33.601   ","5.04","85.7","3.056","20.8","2.1","1.776","100","19.3","2.77","1.21","4.2","1.41","0.69","0.95","0.54","0.33","0.25","0.22","0.2","0","0","0","0","85.3","-30.9","-57.3","-68","85.7","-87.8","-89.2","0","-6.9","-175.9","5.2","-11.1","-125.1","132.9","162.8","71.2","-72.7"
"1555349914591","04/15/19  17:38:34.591   ","5.05","85.9","3.058","19.2","2.1","1.766","100","20.04","4.95","1.87","3.6","1.5","0.46","0.94","0.58","0.22","0.28","0","0","0","0","0","0","84.7","-10.1","-46.4","-63.4","85.9","-67.7","-79.6","-83.4","0.8","-159.6","24.2","22.6","-105.2","150.3","151.2","0","-47.5"
"1555349915603","04/15/19  17:38:35.603   ","5.06","84.9","3.035","20.7","2.1","1.76","100","19.68","3.54","1.53","3.82","1.26","0.39","0.93","0.52","0.28","0.25","0","0","0","0","0","0","85.7","-45.7","-66.3","-74.2","85.2","-101","-91.9","45.7","-8.1","167.8","6.4","-25.7","-136.6","121.9","0","57","0"
"1555349916595","04/15/19  17:38:36.595   ","5.02","85.6","3.033","19.4","2.1","1.755","100","20.04","5.47","1.87","3.52","1.7","0.61","0.82","0.68","0.22","0.32","0","0","0","0","0","0","84.9","-21.4","-52","-65","85.7","-78.4","-84.3","-78.3","-3.8","-166.3","10.9","2.4","-114.5","137","158.1","0","-58.9"
"1555349917595","04/15/19  17:38:37.595   ","5.08","84.2","3.017","20.1","1.9","1.745","100","19.85","4.1","1.7","3.68","1.23","0.31","0.88","0.52","0.25","0.32","0.21","0.21","0","0","0","0","85.7","-52.3","-70.1","-79.8","84.8","-107.1","-91.7","54.2","-3.8","157.4","19.1","-31.8","-132.7","116.9","-170","41.1","0"
"1555349918688","04/15/19  17:38:38.688   ","5.25","83.2","2.995","19.8","2.1","1.714","100","18.67","3.86","0","3.79","1.71","1.62","0.87","0.77","0.26","0.26","0","0.21","0","0","0","0.24","83.3","-138","-54.8","67.4","83.3","-138","-54.8","67.4","-3.1","106.3","21.5","-58.5","0","132.9","154.1","2","0"
"1555349919594","04/15/19  17:38:39.594   ","5.06","84.1","3.018","20.1","2.1","1.763","100","19.8","4.02","1.7","3.82","1.25","0.44","0.9","0.53","0.22","0.35","0.22","0.27","0","0","0","0","85.6","-52.2","-70.3","-77.7","84.7","-106.6","-92.1","49.8","-5.1","157.9","12.9","-31.6","-137.3","115.7","-177","46.8","0"
"1555349920582","04/15/19  17:38:40.582   ","4.99","85.4","3.001","19.4","2","1.768","100","19.09","2.5","1.1","4.29","1.52","0.93","0.97","0.46","0.34","0.35","0","0.24","0","0","0","0","84.6","-20.4","-51.3","-65.5","85.5","-76.8","-82.8","-79.1","-1.7","-165.5","14.1","4.5","-114","140.2","163.5","0","-49"
"1555349921589","04/15/19  17:38:41.589   ","5.02","84.2","2.994","19.9","2","1.773","100","19.54","3.58","1.52","4.09","1.25","0.64","0.92","0.52","0.24","0.37","0.22","0.29","0","0","0","0","85.2","-44.4","-65.4","-76.9","85.2","-44.4","-65.4","-76.9","2.8","-144.3","38.6","54.9","-75.3","-164.4","156.9","0","24.6"
"1555349922583","04/15/19  17:38:42.583   ","4.98","85.4","3.012","20.4","2.1","1.775","100","19.46","2.13","0.89","3.96","1.45","1.06","0.98","0.29","0.27","0.39","0","0.3","0","0","0","0","84.2","-8.9","-45.9","-64.1","85.6","-65.1","-77.4","-84.8","1.7","-158.7","25.1","24.6","-102","156","167.4","0","0"
"1555349923965","04/15/19  17:38:43.965   ","5.14","84.8","3.009","19.7","2","1.704","100","19.14","3.93","0.36","4.25","1.78","1.82","0.77","0.53","0","0.31","0","0.2","0","0","0","0","83.2","48.6","-23.5","-106.6","83.2","48.6","-23.5","-106.6","-9","-57","41.8","121.2","34.1","-25.7","-152","0","146.7"
"1555349924575","04/15/19  17:38:44.575   ","5.01","85.3","2.994","19.2","2.1","1.755","100","19.54","2.31","0.49","3.57","1.23","1.07","0.86","0","0","0.48","0.27","0.42","0","0.21","0","0","83.4","10.1","-37.2","-71.1","85.1","-46.6","-66.2","-75.3","3.3","-147.1","37.2","50.9","-81.3","-169.4","-173.1","0","0"
"1555349925393","04/15/19  17:38:45.393   ","4.95","85.2","2.995","19.2","2","1.707","100","19.29","4.04","1.62","4.6","1.61","1.16","0.81","0.6","0.23","0.3","0","0","0","0","0","0","84.3","106.5","-62.6","143.8","84.3","106.5","-62.6","143.8","-9.1","11.7","28.7","-166.2","-108.7","0","-126.1","0","-135"
"1555349926591","04/15/19  17:38:46.591   ","5.09","84.9","2.995","19.5","2.1","1.743","100","18.96","3.35","0.46","4.3","1.49","1.86","0.82","0.47","0","0.43","0","0.32","0","0","0","0","82.9","36.2","-17.2","-99.6","84.2","-19.4","-50","-64.6","1.8","-126.9","44.5","85.1","-40.5","-122.7","-150.5","0","0"
"1555349927584","04/15/19  17:38:47.584   ","5.02","85.3","2.995","19.3","2","1.699","100","19.1","2.66","0.59","4.04","1.18","1.45","0.87","0.24","0","0.47","0.22","0.38","0","0","0","0","83.2","21.6","-28.1","-81.3","83.2","21.6","-28.1","-81.3","-12.5","-89.5","27.7","121.3","23.8","-33.6","-137.6","176.1","144.5"
"1555349928588","04/15/19  17:38:48.588   ","5.12","84.1","2.972","20.2","2","1.697","100","19.23","4.71","0.75","4.37","1.99","1.74","0.65","0.65","0.21","0.32","0","0","0","0","0","0","83.7","68","-47.5","-135.5","83.3","9.9","-37.1","-70.9","-6.9","-101.1","25.6","114.6","10.2","-57.1","-145","178.9","143.2"
"1555349929574","04/15/19  17:38:49.574   ","5.11","84.3","2.971","19.8","2","1.691","100","19.11","4.41","0.5","4.43","1.94","1.9","0.69","0.6","0.22","0.31","0","0","0","0","0","0","83.2","59.2","-36","-114","83.2","59.2","-36","-114","-7.4","-34.3","48.3","128.8","0","0","-125.6","-159.3","171.2"
"1555349930386","04/15/19  17:38:50.386   ","5.07","82.9","2.95","21.1","2.1","1.806","100","18.36","0.61","0.66","4.81","1.29","1.6","1.02","0","0.35","0.42","0","0","0","0","0","0.26","82.8","-142.1","-25","71.3","82.8","-142.1","-25","71.3","-3","102.3","23.9","-63.8","0","127.3","178","0","0"
"1555349931593","04/15/19  17:38:51.593   ","5.08","83.1","2.946","21.1","2.1","1.739","100","19.26","4.52","1.57","4.45","1.72","1.25","0.75","0.65","0.24","0.26","0","0","0","0","0","0","84.1","98.5","-63.3","174.5","84.1","98.5","-63.3","174.5","-11.6","6.2","25","-173.9","-113.3","-54","-121.5","0","-142.5"
"1555349932587","04/15/19  17:38:52.587   ","4.93","83.6","2.918","21","2.1","1.786","100","18.54","1.29","0.93","4.6","1.32","1.46","1","0.25","0.31","0.32","0","0","0","0","0","0","83.2","151.8","-47.1","120.7","84","94.5","-62.3","-171.8","-12.6","5.4","23.4","178.8","-115.8","0","-119.8","0","-147.8"
"1555349933976","04/15/19  17:38:53.976   ","5.11","82.4","2.889","19.7","2","1.693","100","18.65","4.52","0.49","4.21","1.83","2.05","0.82","0.81","0.26","0.27","0","0.21","0","0","0","0","83.1","-123.9","-91.2","54","83.1","-123.9","-91.2","54","4.8","122.2","37.2","-57.6","-116.4","112.6","-164.2","4.3","0"
"1555349934592","04/15/19  17:38:54.592   ","5.02","83.8","2.882","20.4","2","1.778","100","18.52","1.37","0.89","4.68","1.35","1.53","1.01","0.29","0.27","0.34","0","0","0","0","0","0","82.4","-153.2","-29.7","92.5","83.2","151.8","-48.6","121","0.2","45.7","44.6","-112.8","-63.4","19.8","-155.1","0","0"
"1555349935414","04/15/19  17:38:55.414   ","5.01","83.6","2.877","19.8","2","1.701","100","18.68","3.2","1.57","4.07","1.43","1.15","0.68","0.67","0.2","0.38","0.22","0","0","0","0","0","84.4","-40.7","-62.2","-73.2","84.4","-40.7","-62.2","-73.2","3.2","-142.2","40.9","58.6","-73.6","-169.6","-151.7","0","0"
"1555349936976","04/15/19  17:38:56.976   ","4.85","84.4","2.899","20.3","2","1.741","100","19.36","2.24","0.83","3.77","1.33","1.41","0.91","0.24","0.22","0.49","0.21","0.4","0","0","0","0","83.1","-3.7","-42.4","-66.3","84.7","-57.9","-72.3","-80.5","4.3","-154","35","33.4","-92.2","161.5","-155.1","0","0"
"1555349937592","04/15/19  17:38:57.592   ","5.04","82.4","2.871","20.5","2","1.697","100","19.73","5.73","1.75","4.02","1.75","1.31","0.78","0.71","0.2","0.34","0","0","0","0","0","0","84.6","-81.2","-83.3","0","84.6","-81.2","-83.3","0","-3","-168.4","16.1","0.5","-122.1","128.7","-151.2","0","-103.8"
"1555349938601","04/15/19  17:38:58.601   ","4.84","84","2.882","20.5","1.9","1.747","100","18.76","2.65","1.13","4.53","1.5","1.45","0.87","0.45","0.3","0.44","0.2","0.35","0","0","0","0","83.6","-18.7","-50.7","-66.7","84.7","-72.4","-80.1","-74.5","0.3","-162.6","24.3","15.3","-113.7","133.9","-139.7","0","0"
"1555349939593","04/15/19  17:38:59.593   ","4.82","84.4","2.891","19.2","1.9","1.733","100","19.14","2.31","0.92","4.1","1.36","1.48","0.92","0.31","0.24","0.54","0.21","0.38","0","0","0","0.21","83.3","-7.6","-44.9","-65.6","83.3","-7.6","-44.9","-65.6","-0.3","-118.9","44.7","93.6","-24.1","-99.4","-152.3","166","125.2"
"1555349940825","04/15/19  17:39:00.825   ","5.07","82.5","2.851","20","2","1.701","100","19.32","5.55","1.15","4.14","2","1.72","0.68","0.76","0","0.32","0","0","0","0","0","0","84","-101.8","-87.9","33.3","82.2","-157.7","-31.9","98.1","-8.2","101.8","15.2","-68.6","16.6","120","-170","0","0"
"1555349941609","04/15/19  17:39:01.609   ","5","83.5","2.883","19.1","1.9","1.684","100","19.01","4.85","0.88","4.34","1.99","1.73","0.62","0.71","0.24","0.34","0","0","0","0","0","0","83.3","73.4","-53.3","-143.8","82.5","17.2","-32.9","-76.6","-12","-93.7","27.8","117.1","11.2","-49","-148.4","157.6","137"
"1555349942470","04/15/19  17:39:02.470   ","4.89","82.6","2.855","20.6","2","1.813","100","18.47","2.14","0.46","3.8","1.45","1.36","0.74","0.35","0.22","0.42","0.2","0.24","0","0","0","0","82.3","-162.8","-38.4","102.2","82.3","-162.8","-38.4","102.2","-6.6","96.1","12.1","-70.4","8.2","114.7","-172.9","-22.7","0"
"1555349943617","04/15/19  17:39:03.617   ","4.85","83.1","2.84","20.1","1.9","1.809","100","18.23","1.08","0.71","4.92","1.27","1.59","0.88","0.24","0.26","0.31","0.23","0","0","0","0","0.2","82.7","159.1","-46.8","121.6","83.6","102.7","-64.8","171.2","-10.5","12","29.2","-169.3","-107.8","-63.8","-126.9","0","-147.4"
"1555349944610","04/15/19  17:39:04.610   ","5","83.1","2.822","19.7","2","1.753","100","18.16","0.65","0.81","4.53","1.18","1.55","0.9","0","0.32","0.43","0.27","0","0","0","0","0","82.2","177.5","-40.8","114.3","82.2","177.5","-40.8","114.3","-0.5","69.3","30","-91.1","-34.5","54.2","-167.6","0","113.4"
"1555349945604","04/15/19  17:39:05.604   ","5.04","82.6","2.833","19.8","2","1.694","100","18.96","5.22","0.87","4.27","1.89","1.91","0.71","0.73","0","0.24","0","0","0","0","0","0","83.5","-109.3","-85.3","48","82","-164.9","-37.8","104.7","-6.4","93.9","12.9","-72.7","-12.9","110.4","172.5","-23.2","0"
"1555349946599","04/15/19  17:39:06.599   ","4.87","82.6","2.844","20.2","2","1.693","100","19.49","5.85","1.45","4.06","1.94","1.52","0.71","0.76","0","0.3","0","0","0","0","0","0","84.1","-40.1","-62.8","-72.8","84.2","-92.5","-87.3","18.7","-7.2","-179.8","10.2","-19","-131.5","106.3","-148","0","-130.1"
"1555349947787","04/15/19  17:39:07.787   ","4.94","82.9","2.825","19.7","2","1.734","100","18.33","4.43","0.42","4.42","1.79","2.12","0.75","0.72","0.23","0.29","0","0","0","0","0","0","82.5","-124.3","-83.2","53.7","82.2","-179","-40.5","113.5","-1.6","72.4","27.5","-88.2","-30.2","65.2","-167","-9.5","0"
"1555349948985","04/15/19  17:39:08.985   ","4.83","82.3","2.848","20.5","1.9","1.763","100","18.64","2.06","1.19","4.75","1.35","1.44","0.87","0.29","0.23","0.28","0.2","0.2","0","0","0","0","82.8","145","-52.2","120.2","83.3","90.4","-63.1","-166.9","-15.1","2.4","20.9","173.5","-123.5","0","-127.3","0","-165.5"
"1555349950604","04/15/19  17:39:10.604   ","4.82","82.5","2.844","20.8","2","1.75","100","18.92","4.87","1.58","4.61","1.77","1.44","0.7","0.6","0.24","0.31","0","0","0","0","0","0","82.5","152.5","-50","120.5","83.3","97.5","-63.8","-178.4","-12.6","7.8","23.3","-175","-117.9","0","-128.3","0","-157.6"
"1555349951593","04/15/19  17:39:11.593   ","4.78","83.2","2.821","19.7","2","1.774","100","18.16","0.88","0.8","4.53","1.14","1.54","0.87","0","0.28","0.43","0.28","0","0","0","0","0","82","179.5","-40.7","114.5","82","179.5","-40.7","114.5","-1.6","71.9","27","-88.9","-27.3","67.2","-169.3","-23","0"
"1555349952594","04/15/19  17:39:12.594   ","4.84","82.3","2.818","19.8","2","1.722","100","18.24","2.7","0.44","3.91","1.54","1.34","0.7","0.43","0.21","0.31","0","0.22","0","0","0","0","83.8","-101.3","-84.5","29.8","81.9","-156.7","-36.6","93.8","-8.5","102.3","14.5","-67.5","16","119.2","-167.8","-31","0"
"1555349953753","04/15/19  17:39:13.753   ","4.79","83.2","2.825","21","1.9","1.803","100","18.11","0.75","0.8","4.63","1.19","1.53","0.85","0","0.29","0.41","0.28","0","0","0","0","0","81.9","177.6","-41.4","113.1","83.2","121.5","-60.5","120.6","-4.9","24.3","37.8","-144.7","-91","-47.9","-134.7","0","0"
