"DoubleTime","StringTime","I3 Mag","I3 Ang","kW","I3 THD","I3 TDD","kvar","I3 %HD01","I3 %HD02","I3 %HD03","I3 %HD04","I3 %HD05","I3 %HD06","I3 %HD07","I3 %HD08","I3 %HD09","I3 %HD10","I3 %HD11","I3 %HD12","I3 %HD13","I3 %HD14","I3 %HD15","I3 %HD16","I3 %HD17","I3 H01 ANG","I3 H02 ANG","I3 H03 ANG","I3 H04 ANG","I3 H01 ANG:1","I3 H02 ANG:1","I3 H03 ANG:1","I3 H04 ANG:1","I3 H05 ANG","I3 H06 ANG","I3 H07 ANG","I3 H08 ANG","I3 H09 ANG","I3 H10 ANG","I3 H11 ANG","V3 Ang","I3 H13 ANG"
"0","                         ","34320","36368","15","5900","7436","271","30","286","542","798","1054","1310","1566","1822","2078","2334","2590","2846","3102","3358","3614","3870","4126","106","362","618","874","106","362","618","874","1130","1386","1642","1898","2154","2410","2666","35344","3178"
"1558528017608","05/22/19  12:26:57.608   ","0.43","62.9","0.246","34.3","0.3","0.223","100","4.12","31.97","1.82","10.05","0.66","2.68","0.41","3.26","0.47","1.37","0.26","1.24","0.26","0.67","0.42","0.69","63","-16.8","-72.5","-128.7","63","-16.8","-72.5","-128.7","-173.8","84.8","-11.7","0","-65.5","0","25.5","119.6","54"
"1558528018485","05/22/19  12:26:58.485   ","0.43","63","0.245","33.6","0.3","0.222","100","3.65","31.96","1.7","9.91","0.47","2.8","0","3.13","0","1.64","0.42","1.02","0.36","0.56","0.29","0.49","63","-12","-72.5","-119.7","62.9","-10.2","-72.5","-130.5","-174.8","108.3","-12.4","-13.6","-73.3","-124.4","26.9","119.5","58.1"
"1558528019704","05/22/19  12:26:59.704   ","0.43","63.1","0.247","34","0.3","0.222","100","2.79","31.68","1.09","9.97","0.3","2.29","0.34","3.19","0.3","1.46","0","1.08","0","0.64","0.35","0.42","63","-16.7","-72.2","-120.8","63","-14.2","-72.1","-117.8","-171.9","91.6","-5.6","12","-66.2","-171","38.7","119.6","47.7"
"1558528020542","05/22/19  12:27:00.542   ","0.43","63","0.246","33.8","0.3","0.222","100","2.68","31.67","0.95","10","0.34","2.32","0.27","3.26","0.5","1.39","0.22","1.36","0.33","0.49","0.27","0.69","62.8","-12.2","-72.5","-124.6","63","-15.6","-73","-138.6","-174.9","103","-11.9","0","-69.3","179.9","36.1","119.4","68.5"
"1558528021716","05/22/19  12:27:01.716   ","0.43","63","0.248","33.7","0.3","0.222","100","3.23","31.8","1.47","10.23","0.65","2.81","0","3","0","1.44","0.34","0.95","0.42","0.74","0.27","0.51","63.1","-17.3","-72.6","-123.7","63.1","-19.9","-72.3","-120.8","-173.4","105.1","-9.5","59.5","-66.6","-125.8","22.9","119.5","59.3"
"1558528022597","05/22/19  12:27:02.597   ","0.43","62.8","0.248","34.1","0.3","0.222","100","4.18","32.04","1.64","10.08","0.57","2.62","0","3.12","0","1.59","0","1.27","0","0.36","0.44","0.57","62.7","-18.2","-73.3","-128.3","62.9","-19","-72.9","-120","-174.6","113.4","-16.4","111.9","-75","173.2","32.5","119.5","38.4"
"1558528023737","05/22/19  12:27:03.737   ","0.43","62.7","0.247","33.6","0.3","0.22","100","3.54","31.84","1.45","9.98","0.81","2.37","0.47","3.18","0","1.43","0","1.4","0.26","0.73","0.29","0.55","62.8","-16.7","-72.7","-125.9","63","-17.5","-72.5","-132.7","-174","96.5","-11.1","0","-70.2","128.6","34.9","119.6","61.6"
"1558528024671","05/22/19  12:27:04.671   ","0.43","62.8","0.246","34","0.3","0.222","100","3.41","31.82","1.51","9.84","1.11","2.86","0","2.87","0","1.35","0.61","0.96","0.29","0.82","0","0.62","62.7","-12.3","-73","-131.2","62.7","-12.3","-73","-131.2","-174.7","78","-17.4","0","-72.1","85.6","19.5","119.4","29"
"1558528025535","05/22/19  12:27:05.535   ","0.43","62.7","0.247","33.8","0.3","0.224","100","3.56","31.91","1.61","9.89","0.58","2.61","0","2.98","0.5","1.68","0","1.22","0.21","0.48","0.47","0.57","62.8","-14.8","-73","-143.8","62.6","-18.6","-73.2","-129.7","-175.3","118.8","-18.9","0","-72.1","0","34.8","119.4","64.4"
"1558528026237","05/22/19  12:27:06.237   ","0.43","62.8","0.246","33.8","0.3","0.221","100","3.42","31.83","1.54","9.72","0.9","2.57","0.27","3.04","0","1.1","0.41","0.6","0.27","0.81","0","0.56","62.6","-15.2","-73.2","-133.4","62.6","-15.2","-73.2","-133.4","-174.9","97.4","-13.7","-96","-68.7","0","24.7","119.4","21.9"
"1558528027524","05/22/19  12:27:07.524   ","0.44","62.4","0.248","34","0.3","0.223","100","3.57","31.77","1.38","10.12","0.62","2.46","0.42","3.52","0.34","1.22","0","1.15","0.35","1","0.23","0.82","62.7","-19.5","-72.7","-125","62.6","-15.4","-72.9","-123.2","-174.8","111.8","-5.2","57","-71.2","0","31.9","119.5","30.9"
"1558528028248","05/22/19  12:27:08.248   ","0.44","62.8","0.249","34.2","0.3","0.225","100","2.79","32.31","1.42","10.11","0.38","2.51","0.21","2.94","0.2","1.24","0","0.92","0.38","0.4","0.34","0","62.8","-13","-72","-131.3","62.8","-13","-72","-131.3","-173.6","133","-10.2","-139.6","-69.1","179.3","21.6","119.5","62.7"
"1558528029504","05/22/19  12:27:09.504   ","0.44","62.5","0.25","34.1","0.3","0.224","100","3.18","32.11","1.23","10.19","0.42","2.47","0","3.17","0.55","1.54","0","1.18","0.45","0.61","0","0.51","62.8","-17.5","-72.1","-111.4","62.8","-17.5","-72.1","-111.4","-173.8","108.9","-2.6","172.4","-73","-119.7","34.4","119.4","37.7"
"1558528030231","05/22/19  12:27:10.231   ","0.43","63","0.246","34.3","0.3","0.224","100","3.02","32.19","1.19","10.2","0.71","2.85","0","3.35","0","1.16","0.4","1.16","0.24","0.64","0.53","0.58","62.6","-18.9","-72.5","-126.9","62.6","-16.6","-72.9","-130.4","-173","109.3","-2.9","62","-67.9","0","42.3","119.5","29"
"1558528031507","05/22/19  12:27:11.507   ","0.43","62.6","0.248","34.1","0.3","0.224","100","3.16","32.07","1.66","10.03","0.4","2.73","0.27","3.09","0.28","1.42","0.33","1.24","0","0.51","0.24","0.4","62.9","-14.4","-72.3","-126.7","63","-13.4","-72.4","-133.8","-175","117.2","-2.1","0","-67.1","-146","28.9","119.5","63.1"
"1558528032235","05/22/19  12:27:12.235   ","0.43","62.8","0.247","34.2","0.3","0.226","100","3.33","32.09","1.28","10.19","0.64","3","0.2","3.28","0.2","1.11","0.2","1.32","0.4","0.64","0.23","0.63","62.9","-20.2","-71.9","-128.5","62.9","-20.2","-71.9","-128.5","-173.8","99.1","-6.8","119.5","-70.3","143.7","26.2","119.5","54.3"
"1558528033499","05/22/19  12:27:13.499   ","0.44","62.9","0.248","33.9","0.3","0.224","100","3.35","32.36","1.38","10.27","0.85","3.05","0","3.22","0","0.99","0.42","1.06","0","0.38","0.37","0.61","62.5","-15.2","-73.5","-131.7","62.5","-15.2","-73.5","-131.7","-175.9","76.8","-3.2","-149.8","-66.6","0","20.2","119.4","33.8"
"1558528034242","05/22/19  12:27:14.242   ","0.43","62.9","0.249","34.3","0.3","0.226","100","3.32","32.2","1.34","10.53","0.61","3","0","3.41","0.24","1","0.24","1.26","0.34","0.49","0.29","0.42","62.8","-15.8","-72.6","-137.4","62.8","-15.8","-72.6","-137.4","-173.9","117.1","-4.1","0","-68.7","-152.6","35.1","119.5","62"
"1558528035511","05/22/19  12:27:15.511   ","0.43","62.7","0.249","34.3","0.3","0.222","100","2.82","31.71","1.18","9.93","0.65","2.58","0","3.27","0.5","1.59","0.35","0.93","0.29","0.51","0","0.71","62.7","-13.7","-72.7","-128.4","62.7","-9.8","-72.4","-132.1","-173.8","119.8","-0.8","0","-66.8","-173.1","29.9","119.6","31.5"
"1558528036241","05/22/19  12:27:16.241   ","0.43","62.6","0.247","33.9","0.3","0.225","100","2.81","31.73","0.89","10.17","0.43","2.5","0","3.22","0.36","1.45","0.33","1.18","0","0.43","0.3","0.41","62.8","-12.5","-72.8","-126.6","62.8","-12.5","-72.8","-126.6","-173.1","135.1","-6.2","0","-64.9","-172.8","31.1","119.5","45.7"
"1558528037563","05/22/19  12:27:17.563   ","0.43","62.7","0.247","33.7","0.3","0.223","100","2.79","31.91","1.2","10.11","0.44","2.7","0","2.87","0.33","1.46","0","1.02","0.27","0.7","0","0.26","62.8","-12.1","-72.2","-139.8","62.8","-12.1","-72.2","-139.8","-175","0","-9.3","0","-71.7","-149.9","25.2","119.6","54.1"
"1558528038241","05/22/19  12:27:18.241   ","0.43","62.7","0.248","34.1","0.3","0.224","100","2.94","31.85","1.13","9.97","0.64","2.38","0","3.65","0","1.44","0","1.02","0.23","0.6","0.23","0.62","62.6","-16.1","-72.7","-137.1","62.6","-16.1","-72.7","-137.1","-173.9","108.1","-4.5","0","-66.8","0","39.2","119.6","30.2"
"1558528039512","05/22/19  12:27:19.512   ","0.43","62.8","0.247","34","0.3","0.225","100","2.74","31.97","1.25","10.07","0.53","2.37","0.24","3.17","0.65","1.44","0","1.23","0.23","0.5","0.26","0.86","62.7","-16.9","-72.8","-124.6","62.9","-13.5","-72","-116.7","-172.1","121.1","-4.5","54.8","-63.8","161","38","119.6","30"
"1558528040241","05/22/19  12:27:20.241   ","0.43","62.7","0.249","34","0.3","0.225","100","3.11","31.95","1.14","10.17","0.4","2.38","0.31","3.37","0.47","1.29","0","1.13","0.29","0.79","0.34","0.74","62.8","-11.4","-72.2","-123.9","62.8","-11.4","-72.2","-123.9","-174.3","99.5","-4.8","54.7","-66.1","149.9","26.5","119.6","31.4"
"1558528041510","05/22/19  12:27:21.510   ","0.44","62.6","0.249","34.1","0.3","0.227","100","2.88","32.1","1.29","10.21","0.84","2.38","0.26","3.32","0.35","1.38","0.28","0.85","0.31","0.6","0.2","0.52","62.6","-18.2","-72.9","-122.6","62.8","-13.6","-71.9","-123.4","-172.5","107.3","-0.9","0","-67.6","0","35.5","119.6","48.2"
"1558528042230","05/22/19  12:27:22.230   ","0.43","62.9","0.249","34","0.3","0.224","100","3.75","32.08","1.54","10.21","0.82","2.57","0.38","2.78","0.21","1.42","0.27","1.25","0.23","0.49","0.51","0.36","62.8","-13.6","-72.4","-116.5","62.8","-13.6","-72.4","-116.5","-174.7","119.3","-14","25.9","-68.7","-106.3","25.7","119.5","43.7"
"1558528043522","05/22/19  12:27:23.522   ","0.44","62.8","0.248","34.1","0.3","0.226","100","2.53","32.18","1.43","10.1","0.52","2.42","0.28","3.44","0.28","0.92","0.3","0.96","0.26","0.37","0.36","0.36","62.9","-13.8","-72.8","-138.6","63","-6.6","-72","-127.7","-174.4","104.7","-1.1","0","-67.7","-65.7","27.6","119.6","42.4"
"1558528044734","05/22/19  12:27:24.734   ","0.43","62.9","0.247","33.8","0.3","0.225","100","2.26","31.86","1.1","10.22","0.71","2.66","0","3.15","0","1.15","0.21","0.91","0.57","0.76","0","0.61","62.9","-12.1","-72.6","-106.1","62.7","-13.5","-72.2","-140.5","-173.9","121.2","-4.8","0","-70.1","0","21.7","119.5","35"
"1558528045505","05/22/19  12:27:25.505   ","0.44","62.8","0.249","34.2","0.3","0.225","100","3.04","32","1.21","10.17","0.35","2.66","0.22","3.04","0.38","1.46","0","1.18","0.39","0.6","0.32","0.45","62.8","-16.3","-72.5","-124.2","62.8","-16.3","-72.5","-124.2","-174.8","99.6","-8.2","0","-70.1","135.3","32","119.5","43.4"
"1558528046227","05/22/19  12:27:26.227   ","0.43","62.9","0.247","34.1","0.3","0.224","100","3.48","31.88","1.6","10.01","0.71","2.7","0","2.95","0.27","1.19","0.29","1.33","0.34","0.4","0.36","0.31","62.9","-16.9","-71.9","-114.5","62.9","-16.9","-71.9","-114.5","-173.6","123.1","-8.7","0","-69.1","-178.1","30.8","119.5","59.5"
"1558528047533","05/22/19  12:27:27.533   ","0.44","62.7","0.25","34","0.3","0.227","100","2.99","32.26","1.72","9.93","0.6","2.6","0.29","3.23","0.27","1.02","0.3","0.73","0.51","0.77","0","0.48","62.5","-13.7","-72.9","-131.8","62.6","-12.8","-73.1","-132.3","-174.3","115.6","-8.6","-45.2","-65.3","0","24","119.6","56.9"
"1558528048242","05/22/19  12:27:28.242   ","0.43","62.7","0.247","33.9","0.3","0.225","100","3.14","31.96","1.15","10.2","0.7","2.31","0.38","3.43","0.39","1.31","0","1.24","0.36","0.8","0.2","0.71","62.7","-15.5","-72.6","-129","62.7","-15.5","-72.6","-129","-174.2","98.7","-1.6","-2.2","-70.1","154.5","32.5","119.5","26"
"1558528049542","05/22/19  12:27:29.542   ","0.44","62.7","0.25","34.1","0.3","0.226","100","3.22","31.96","1.68","9.97","0.89","2.52","0","3.26","0.31","1","0.53","0.79","0.21","0.8","0","0.56","62.6","-16.7","-73.2","-125.9","63","-18.6","-72.3","-123.9","-174.4","102.7","-12","0","-72.4","-154.8","24.8","119.5","53.5"
"1558528050241","05/22/19  12:27:30.241   ","0.43","62.6","0.248","34.1","0.3","0.226","100","3.38","31.92","1.7","10.25","0.84","2.53","0.51","3.19","0.33","1.24","0","0.92","0","0.81","0","0.6","62.6","-16","-72.5","-134.3","62.6","-16","-72.5","-134.3","-173.9","116","0.8","-2.3","-70.7","-175.6","33","119.4","13.9"
"1558528051510","05/22/19  12:27:31.510   ","0.43","62.7","0.248","34","0.3","0.225","100","4.05","31.72","1.81","9.86","1.04","2.48","0.44","3.07","0","1.36","0.36","1","0","0.59","0.21","0.54","62.9","-16.3","-72.7","-131.9","62.9","-16.6","-72.3","-127.8","-174.1","97.7","-9.8","0","-75.9","-132.5","26","119.5","37"
"1558528052248","05/22/19  12:27:32.248   ","0.43","62.7","0.247","34.3","0.3","0.226","100","3.72","32.01","1.83","10.21","0.8","2.51","0.3","3.08","0.29","1.47","0","1.13","0","0.57","0.21","0.6","62.6","-18.2","-72.5","-132.2","62.6","-18.2","-72.5","-132.2","-174.3","105","-5.9","42.8","-68.3","143.7","24.8","119.5","26.5"
"1558528053523","05/22/19  12:27:33.523   ","0.43","62.9","0.247","34","0.3","0.223","100","3.22","31.88","1.69","9.93","1.21","2.36","0.22","3.05","0.23","1.35","0.53","0.98","0","0.59","0.27","0.55","62.6","-16.3","-72.9","-125.8","62.7","-14.7","-72.9","-126.3","-174.4","114.2","-2.8","0","-66.3","0","31","119.5","40.7"
"1558528054240","05/22/19  12:27:34.240   ","0.43","62.7","0.248","34","0.3","0.226","100","2.78","32.04","1.41","10.25","0.49","2.49","0","3.4","0","1.28","0","0.78","0.41","0.62","0.41","0.65","62.6","-16.5","-72.3","-128.8","62.6","-16.5","-72.3","-128.8","-174.4","100.4","-3.8","0","-68.1","0","46.3","119.5","21.5"
"1558528055505","05/22/19  12:27:35.505   ","0.44","62.9","0.248","33.8","0.3","0.224","100","3.11","32.01","1.53","9.95","0.93","2.67","0","3.27","0.23","1.02","0.43","0.83","0.21","0.67","0.29","0.57","62.8","-15.2","-72.7","-128.2","62.7","-16","-72.8","-136.8","-173.5","126.7","-3","69.6","-65.7","0","47.6","119.6","27.3"
"1558528056243","05/22/19  12:27:36.243   ","0.43","62.8","0.249","34.3","0.3","0.225","100","3.38","31.91","1.71","9.91","0.76","2.75","0","3.17","0","1.14","0.7","0.85","0","0.66","0.27","0.71","62.6","-16.8","-73.2","-134.6","62.6","-16.8","-73.2","-134.6","-174","94.5","-5.5","0","-71","0","26.1","119.4","48"
"1558528057517","05/22/19  12:27:37.517   ","0.44","62.6","0.248","33.9","0.3","0.224","100","2.75","31.69","1.44","9.97","0.38","2.74","0.2","3.4","0.4","1.23","0.37","0.95","0","0.85","0.36","0.74","62.6","-14.6","-72.7","-127","62.6","-17.9","-73.2","-136.8","-174.8","95","-10.7","0","-68.8","127.4","20.8","119.4","46.2"
"1558528058248","05/22/19  12:27:38.248   ","0.43","62.8","0.25","34.4","0.3","0.224","100","2.71","32.08","1.35","9.93","0.33","2.5","0","3.24","0.31","1.16","0.34","1.25","0","0.41","0.42","0.35","62.8","-13.5","-72.1","-128.8","62.8","-13.5","-72.1","-128.8","-174.7","98.5","-4.4","0","-67.2","-164.2","29.2","119.4","33.3"
"1558528059513","05/22/19  12:27:39.513   ","0.43","62.8","0.247","33.8","0.3","0.226","100","1.84","31.68","0.88","9.91","0.4","2.53","0.27","3.05","0.23","1.35","0.34","0.98","0.3","0.58","0","0.29","62.8","-18.3","-71.9","-117.1","62.9","-11.3","-72.2","-132.5","-173.3","145.6","-11.5","0","-68.4","-167.1","41.6","119.5","38.5"
"1558528060242","05/22/19  12:27:40.242   ","0.44","62.8","0.249","33.8","0.3","0.224","100","2.3","31.76","0.86","9.82","0","2.44","0","3.3","0.44","1.24","0","0.79","0.37","0.78","0","0.71","62.7","-15.5","-72.1","-127.7","62.7","-15.5","-72.1","-127.7","-173.3","0","-4.3","0","-66.4","127.6","35.5","119.5","31.9"
"1558528061525","05/22/19  12:27:41.525   ","0.43","62.7","0.251","33.7","0.3","0.226","100","2.24","31.75","0.76","10.01","0.56","2.42","0.2","3.27","0.41","1.41","0.31","1.13","0.24","0.43","0","0.52","62.8","-17.8","-72.3","-117.2","62.7","-17.2","-72.7","-128.8","-174","125.9","-4.9","112.3","-68","111.4","38.9","119.4","34"
"1558528062258","05/22/19  12:27:42.258   ","0.44","62.8","0.251","33.8","0.3","0.224","100","2.45","32.07","1.07","10.02","0.27","2.75","0.35","2.53","0.22","1.39","0","1.07","0","0.43","0","0.23","62.6","-18.1","-72.3","-124.9","62.7","-13.3","-72.5","-137.7","-175.6","77.9","-10.2","0","-66.6","176.5","24.8","119.4","50.1"
"1558528063524","05/22/19  12:27:43.524   ","0.44","62.7","0.249","34.2","0.3","0.228","100","3.47","32.12","1.23","9.88","0.72","2.59","0","3.42","0","1.17","0","0.96","0.34","0.58","0","0.6","62.7","-17.2","-72.4","-129","62.8","-14.7","-72.1","-130.2","-174.3","124.7","-2.8","0","-69.1","0","30.4","119.5","48.8"
"1558528064290","05/22/19  12:27:44.290   ","0.43","62.6","0.248","33.9","0.3","0.225","100","2.65","31.88","1.03","10.18","0.35","2.5","0","3.37","0","1.29","0.3","1.08","0.24","0.59","0.2","0.72","62.7","-17.1","-72.1","-133.2","62.7","-17.1","-72.1","-133.2","-173.9","112.2","-9.5","0","-68.8","149.7","33.2","119.5","28.1"
"1558528065552","05/22/19  12:27:45.552   ","0.44","62.7","0.247","33.9","0.3","0.226","100","2.75","31.92","1","10.29","0.58","2.56","0.31","3.48","0","1.31","0.27","0.94","0.29","0.61","0","0.72","62.8","-18.9","-72.8","-129.7","62.6","-12.8","-73.1","-111.4","-174.6","93.6","-3.5","152","-70.3","0","24.5","119.5","43.6"
"1558528066320","05/22/19  12:27:46.320   ","0.43","62.8","0.251","34.2","0.3","0.225","100","2.77","31.96","1.46","9.84","0.5","2.73","0.3","3.17","0","1.22","0.29","0.87","0.26","0.64","0.27","0.66","62.6","-17.8","-72.6","-140.1","62.6","-17.8","-72.6","-140.1","-175.4","91.4","-3.8","-112.4","-73.7","0","29.6","119.5","12.7"
"1558528067581","05/22/19  12:27:47.581   ","0.44","62.6","0.247","33.7","0.3","0.226","100","3.52","31.87","1.14","10.2","0.82","2.61","0.3","3.58","0","1.48","0.3","1.05","0","0.75","0.26","0.53","62.8","-16","-72.7","-127.3","62.6","-18.1","-72.9","-134.5","-176","93","-4.6","0","-71.9","145.2","34.6","119.4","40.6"
"1558528068275","05/22/19  12:27:48.275   ","0.44","62.5","0.247","33.8","0.3","0.226","100","3.35","31.79","1.38","9.92","0.7","2.49","0","3.51","0.26","1.16","0.27","0.53","0","0.89","0","0.59","62.5","-14.4","-72.9","-126.9","62.5","-14.4","-72.9","-126.9","-175","114.4","-3.7","29.1","-69.7","0","39.3","119.4","25"
"1558528069625","05/22/19  12:27:49.625   ","0.44","62.7","0.249","33.9","0.3","0.226","100","2.48","31.71","0.87","10.06","0.55","2.38","0","3.3","0.55","1.19","0.36","1.24","0.36","0.51","0","0.54","62.7","-15.4","-72.3","-128","62.7","-22.2","-72.8","-135.8","-175.5","43.7","-15.2","0","-70.4","135.2","29.6","119.4","55.6"
"1558528070308","05/22/19  12:27:50.308   ","0.43","62.7","0.248","34","0.3","0.225","100","1.77","31.86","1.07","10.03","0.38","2.67","0.3","3.19","0","1.09","0.31","0.97","0.56","0.65","0.36","0.61","62.7","-12.2","-72.4","-117.5","62.7","-12.2","-72.4","-117.5","-175","91.8","-8.3","-146.4","-67.4","0","33.8","119.4","44.4"
"1558528071654","05/22/19  12:27:51.654   ","0.43","62.9","0.248","33.6","0.3","0.224","100","1.37","31.92","0.68","10.1","0.42","2.47","0.39","3","0.34","1.2","0","1.08","0","0.61","0.23","0.25","62.7","-23.6","-72.9","-140.8","62.7","-23.6","-72.9","-140.8","-175.8","79.5","-12","0","-69.3","0","23.3","119.5","49.4"
"1558528072357","05/22/19  12:27:52.357   ","0.43","62.8","0.249","33.7","0.3","0.225","100","1.34","32.06","0.82","10.23","0.5","2.59","0.26","2.97","0.36","1.26","0","0.93","0.34","0.72","0.3","0.65","62.8","-13.8","-73.2","-141","62.8","-13.8","-73.2","-141","-172.9","75","-4.8","-93.6","-67.5","-13.7","27.1","119.4","32.6"
"1558528073682","05/22/19  12:27:53.682   ","0.43","62.6","0.249","34.1","0.3","0.224","100","1.77","31.89","0.85","10.01","0.54","2.92","0","3.03","0.28","1.24","0.24","0.84","0","0.38","0.38","0.35","62.8","-19.5","-72.6","-142.6","62.7","-18.8","-72.9","-132.5","-175.7","56.6","-14.3","0","-69.1","118.9","25.4","119.4","49.9"
"1558528074236","05/22/19  12:27:54.236   ","0.43","62.7","0.247","33.7","0.3","0.225","100","1.61","32.07","0.62","9.69","0.21","2.31","0","3.32","0","1.4","0","0.89","0","0.57","0","0.52","62.5","-18","-72.6","-155","62.5","-18","-72.6","-155","-174.5","85.6","-2.4","0","-73.7","0","32.4","119.5","17.9"
"1558528075525","05/22/19  12:27:55.525   ","0.43","62.9","0.249","33.9","0.3","0.224","100","1.22","31.66","0.51","10.21","0.46","2.8","0.31","2.86","0","1.41","0.37","1.05","0.28","0.58","0.41","0.63","62.8","-15.2","-72.3","-120.6","63","-14.3","-72.8","-153.5","-173.6","125.4","-8.2","0","-69.4","0","19.9","119.5","34.9"
"1558528076237","05/22/19  12:27:56.237   ","0.43","62.8","0.25","33.7","0.3","0.224","100","1.03","32.18","0.53","10.03","0.55","2.83","0","2.86","0","1.09","0.25","1.04","0.33","0.62","0.42","0.47","62.8","-11.9","-72.3","-140.8","62.8","-11.9","-72.3","-140.8","-175","94.2","-10.7","0","-74.7","0","13","119.5","31.9"
"1558528077501","05/22/19  12:27:57.501   ","0.43","62.7","0.249","33.6","0.3","0.225","100","0.64","31.92","0.44","10.22","0","2.79","0.5","3.22","0.2","1.33","0.45","0.99","0","0.7","0.26","0.37","62.9","-19.2","-72.9","-162.7","62.9","-19.2","-72.9","-162.7","-174.7","73.6","-12.3","0","-69","23.5","17.1","119.3","27.4"
"1558528078245","05/22/19  12:27:58.245   ","0.43","62.7","0.248","33.6","0.3","0.225","100","0.85","31.9","0.31","9.62","0.21","2.36","0.2","3.34","0","1.21","0.22","0.89","0","0.65","0","0.41","62.7","-21.5","-72.6","-142.8","62.7","-21.5","-72.6","-142.8","-172.5","103.8","-4.2","-170.3","-72.6","0","38.4","119.4","25.1"
"1558528079514","05/22/19  12:27:59.514   ","0.43","62.9","0.246","33.9","0.3","0.227","100","1.27","31.65","0.22","9.7","0.54","2.41","0.2","3.39","0","1.52","0","0.98","0","0.58","0","0.68","62.8","-26.3","-72.7","0","62.9","-11.9","-72.2","-115.6","-173","108.7","-11.6","83.2","-66.5","-104.2","34.7","119.5","41.5"
"1558528080235","05/22/19  12:28:00.235   ","0.43","62.8","0.249","33.8","0.3","0.225","100","1.11","31.81","0.63","10.12","0.3","2.56","0.29","3.41","0","1.21","0.35","1.19","0.33","0.57","0.23","0.75","62.9","-17.2","-72.5","-140.7","62.9","-17.2","-72.5","-140.7","-173.2","-161.2","-5.8","21.1","-67.5","0","24.7","119.5","26"
"1558528081511","05/22/19  12:28:01.511   ","0.43","62.6","0.249","33.7","0.3","0.226","100","1.72","32.09","0.7","10.18","0.4","2.91","0","2.99","0.35","1.28","0.2","1.04","0.2","0.74","0","0.21","62.9","-15.8","-72.6","-129.9","62.6","-13.3","-72.8","-88.8","-174","-176.8","-4.3","-134","-74","0","24.3","119.5","33.4"
"1558528082232","05/22/19  12:28:02.232   ","0.44","62.7","0.248","33.9","0.3","0.227","100","2.52","31.88","0.84","9.99","0.51","2.54","0.41","2.87","0.27","1.3","0.23","0.99","0.36","0.72","0.28","0.3","62.8","-17.8","-72.2","-131.8","62.8","-17.8","-72.2","-131.8","-174.7","106.1","-11.6","-86.9","-71.7","92.9","28.1","119.6","19.9"
"1558528083523","05/22/19  12:28:03.523   ","0.43","62.6","0.248","33.7","0.3","0.225","100","1.81","31.85","1.08","10.1","0.43","2.17","0","3.17","0.35","1.32","0","1.22","0.24","0.26","0.21","0.68","62.9","-15.8","-72.4","-134.9","62.9","-15.8","-72.4","-134.9","-174.1","95.6","-11.3","0","-72.2","126.9","27.7","119.6","50.6"
"1558528084238","05/22/19  12:28:04.238   ","0.43","62.9","0.251","34.2","0.3","0.225","100","2.83","32.31","1.36","9.76","0.55","2.51","0.48","3.23","0.2","1.07","0.28","0.75","0.28","0.66","0.38","0.38","62.7","-15.4","-73","-131.6","62.7","-15.4","-73","-131.6","-173.9","135.5","0.3","-25.7","-69.7","-6.9","23.9","119.5","27.5"
"1558528085536","05/22/19  12:28:05.536   ","0.44","62.7","0.249","33.9","0.3","0.226","100","2.35","32.04","0.92","9.98","0.61","2.61","0","3.15","0","1.2","0.26","0.83","0","0.49","0.21","0.64","62.7","-17.9","-72.6","-116.9","62.6","-15.8","-72.9","-139.8","-174.6","65.6","-8.1","-157.3","-75.2","111.5","14.4","119.4","23.6"
"1558528086278","05/22/19  12:28:06.278   ","0.43","62.8","0.247","33.8","0.3","0.225","100","2.51","32.06","1.06","9.8","0.27","2.64","0.21","2.71","0.26","1.27","0.29","0.99","0.29","0.43","0","0.49","62.8","-12.1","-72","-147.3","62.9","-11.4","-72.2","-125.6","-173.8","77.7","-8.9","0","-70.9","139.3","25.7","119.6","52.2"
"1558528087583","05/22/19  12:28:07.583   ","0.43","62.8","0.248","34","0.3","0.225","100","3.08","31.83","0.85","10.05","0.43","2.75","0.24","2.82","0.43","1.43","0","1.21","0.36","0.49","0","0.38","63","-18.3","-72","-121.6","63.1","-14.3","-72.1","-109.3","-173","0","-10.6","0","-70","163.7","35.2","119.5","52"
"1558528088331","05/22/19  12:28:08.331   ","0.43","62.7","0.246","34.2","0.3","0.227","100","3.13","32.21","1.61","9.83","0.66","2.51","0.37","3.04","0.27","1.38","0.27","0.97","0.26","0.73","0","0.67","62.7","-15.6","-72.5","-129.7","62.7","-15.6","-72.5","-129.7","-175.2","121.5","-5","4.7","-70","84.7","41.2","119.5","24.8"
"1558528089607","05/22/19  12:28:09.607   ","0.43","63","0.247","33.8","0.3","0.222","100","3.12","31.95","1.07","9.96","0.38","2.64","0.29","3.12","0.53","1.17","0.29","1.02","0.33","0.65","0","0.75","62.9","-13.2","-73","-123.7","63","-15.1","-72.9","-137","-172.6","59.2","-12.7","0","-68.3","115.4","29.1","119.6","10.5"
"1558528090344","05/22/19  12:28:10.344   ","0.43","63","0.249","34.2","0.3","0.225","100","3.04","31.96","1.38","9.99","0.48","2.62","0.25","2.92","0.26","1.39","0.22","1.09","0.29","0.41","0.26","0.41","63.1","-14.6","-72.4","-129.6","63","-12","-72.1","-134.6","-174.8","102.7","-9.5","0","-70.4","-133.1","26.5","119.6","39.2"
"1558528091625","05/22/19  12:28:11.625   ","0.43","63","0.249","34","0.3","0.224","100","2.89","31.81","1.18","9.89","0.33","2.68","0.26","2.95","0.2","1.46","0","1.03","0.27","0.42","0","0.22","63","-13.9","-72","-131.6","62.8","-16.9","-72.9","-133.5","-174.6","72.5","-12.6","0","-64.9","127.4","27.5","119.5","47.1"
"1558528092380","05/22/19  12:28:12.380   ","0.43","63.1","0.247","33.9","0.3","0.223","100","3.4","31.86","1.7","9.7","0.84","2.26","0.44","3.35","0","1.34","0.27","0.76","0.23","0.61","0.21","0.7","62.8","-13.9","-72.4","-129.6","62.8","-13.9","-72.4","-129.6","-174.2","115.3","-5.3","46","-68.2","-151.4","34.9","119.5","8.6"
"1558528093679","05/22/19  12:28:13.679   ","0.43","63.1","0.247","34","0.3","0.225","100","3.79","31.81","1.75","9.93","0.94","2.9","0","3.13","0","1.23","0.51","0.74","0","0.63","0.32","0.62","62.8","-18.9","-72.8","-124.6","62.8","-18.9","-72.8","-124.6","-173.7","91.4","-5.2","9.6","-67.2","-126.9","31.1","119.5","12.6"
"1558528094403","05/22/19  12:28:14.403   ","0.43","62.8","0.25","33.9","0.3","0.224","100","3.89","31.59","1.72","9.87","1.39","2.37","0","3.4","0","1.41","0","0.74","0","0.47","0","0.57","62.9","-15.9","-73","-123.5","62.9","-15.9","-73","-123.5","-174.2","102.7","-8.9","0","-63.1","0","30.7","119.5","39.6"
"1558528095703","05/22/19  12:28:15.703   ","0.43","63","0.246","34","0.3","0.224","100","3.89","31.8","1.77","9.98","0.84","2.72","0","3.14","0.5","1.16","0","1.2","0.48","0.61","0.51","0.43","63","-14.2","-71.9","-118.3","63","-15","-72.4","-127.2","-174.3","117.8","-11.7","-165.2","-69.3","172","24.1","119.5","62.9"
"1558528096512","05/22/19  12:28:16.512   ","0.43","62.9","0.248","33.6","0.3","0.224","100","3.5","31.43","1.36","9.76","0.83","2.48","0","3.05","0.26","1.49","0","1.1","0","0.5","0.36","0.34","63","-14.9","-72.3","-130.3","63","-12.9","-72","-122.5","-172.5","95.3","-6","57.8","-70.4","146.4","41.5","119.5","37.5"
"1558528097736","05/22/19  12:28:17.736   ","0.43","63","0.248","34.1","0.3","0.224","100","4.16","31.67","1.81","9.99","1.14","2.73","0","3.18","0","1.29","0.57","0.83","0","0.56","0","0.54","62.9","-15.2","-73","-129.7","62.9","-15.2","-73","-129.7","-173.4","102.5","-9.7","-1.4","-68.3","0","21.2","119.6","11.3"
"1558528098580","05/22/19  12:28:18.580   ","0.43","62.9","0.248","33.8","0.3","0.223","100","3.91","32.02","1.79","10.16","0.63","2.56","0.22","2.98","0","1.55","0","1.08","0.2","0.29","0.57","0.4","62.9","-12.2","-72.2","-129.2","62.9","-12.2","-72.2","-129.2","-174.6","119.2","-15.1","33.5","-72","0","32.5","119.6","54"
"1558528099770","05/22/19  12:28:19.770   ","0.43","63","0.249","33.8","0.3","0.224","100","3.92","31.72","1.76","10.17","0.92","2.44","0.21","3","0.44","1.48","0.42","1.24","0","0.54","0.43","0.36","63.1","-15.3","-72.5","-128.9","62.8","-17.1","-72.1","-115.5","-173.2","127.5","-4.6","42.1","-70.4","-158.2","32.5","119.6","23.2"
"1558528100674","05/22/19  12:28:20.674   ","0.43","63.1","0.248","33.8","0.3","0.224","100","3.1","31.73","1.42","9.98","0.94","2.53","0.39","2.97","0.47","1.69","0.25","0.91","0","0.5","0","0.8","62.7","-13.3","-72.6","-130.4","62.9","-5.2","-72.8","-125.7","-175.1","113.2","-6.6","-143.6","-66.3","107.9","35","119.6","35.2"
"1558528101786","05/22/19  12:28:21.786   ","0.43","62.9","0.248","33.7","0.3","0.223","100","2.31","31.79","1.11","10.37","0.41","2.42","0.21","3.32","0.67","1.35","0.22","1.21","0.46","0.61","0","0.5","63.1","-13.6","-72.2","-116.7","63","-19","-72.3","-139.1","-174.6","86.3","-11.5","0","-69.3","0","24.8","119.6","44.4"
"1558528102714","05/22/19  12:28:22.714   ","0.43","63","0.248","33.7","0.3","0.222","100","3.31","31.81","1.41","10.16","0.76","2.19","0.37","3.23","0.29","1.29","0","1.24","0","0.46","0.4","0.54","63","-12.5","-72.3","-133.6","63","-12.5","-72.3","-133.6","-172.3","128.3","-7.4","68.1","-72.2","0","39.2","119.6","18"
"1558528103497","05/22/19  12:28:23.497   ","0.43","63.2","0.25","33.9","0.3","0.222","100","3.44","31.53","1.31","10.05","1.11","2.66","0","3","0","1.66","0","0.97","0.28","0.8","0.29","0.48","63","-17.2","-72.8","-132.4","63","-17.2","-72.8","-132.4","-173.4","79.2","-14","-160.7","-69.1","0","16.7","119.7","14.4"
"1558528104239","05/22/19  12:28:24.239   ","0.43","63.2","0.246","33.8","0.3","0.226","100","2.87","31.74","1.29","10.29","0.55","2.52","0.21","3.21","0.3","1.29","0.39","1.17","0","0.7","0.22","0.7","63.2","-15.8","-72.1","-123.8","63.2","-15.8","-72.1","-123.8","-172.9","87.8","-7.7","9.9","-72.8","-149.6","15.1","119.6","42.3"
"1558528105509","05/22/19  12:28:25.509   ","0.43","62.9","0.249","33.8","0.3","0.223","100","3.69","31.57","1.64","10.18","1.05","2.65","0","3.29","0","1.15","0.41","1.04","0","0.81","0.2","0.81","63","-17","-72.5","-132.8","63","-17","-72.5","-132.8","-175.2","86.5","-13.8","0","-70.8","143.7","21.2","119.6","47"
"1558528106235","05/22/19  12:28:26.235   ","0.43","63.1","0.246","33.8","0.3","0.224","100","3.59","31.85","1.7","9.98","0.61","2.59","0.36","3","0.29","1.22","0.23","1.1","0.22","0.5","0.4","0.46","63.2","-16.3","-71.7","-117.7","63.2","-16.3","-71.7","-117.7","-173.2","110.4","-11.3","43.2","-72.6","-133.5","32.7","119.6","44.8"
"1558528107515","05/22/19  12:28:27.515   ","0.43","62.8","0.248","33.8","0.3","0.224","100","2.63","31.93","0.9","10.11","0.71","2.75","0","3.22","0.61","1.34","0.29","0.82","0.37","0.62","0","0.4","63","-18.9","-72.2","-139.3","63","-18.9","-72.2","-139.3","-175.7","81.1","-10.6","0","-68.4","0","21.9","119.6","40.9"
"1558528108235","05/22/19  12:28:28.235   ","0.43","62.9","0.25","34","0.3","0.225","100","2.51","31.81","1.13","10.04","0.66","2.35","0.34","3.38","0.63","1.4","0.27","1.4","0","0.56","0","0.77","63","-18","-71.7","-118.3","63","-18","-71.7","-118.3","-172.4","121","-5.6","81.4","-63.8","141.2","41","119.6","27.7"
"1558528109502","05/22/19  12:28:29.502   ","0.44","62.8","0.248","33.6","0.3","0.225","100","2.7","31.78","0.99","9.93","0.51","2.3","0.21","3.32","0","1.22","0.31","0.98","0.41","0.83","0","0.66","62.9","-18.5","-72.4","-127.2","62.9","-18.5","-72.4","-127.2","-173.9","114.8","-3.4","0","-67.1","0","39.3","119.6","51.1"
"1558528110239","05/22/19  12:28:30.239   ","0.44","62.9","0.25","33.8","0.3","0.225","100","2.68","31.7","1.35","9.95","0.82","2.47","0","3.14","0","1.36","0.55","1.15","0.3","0.52","0.27","0.37","62.9","-13.1","-72.5","-128","62.9","-13.1","-72.5","-128","-174.5","80.2","-9.1","0","-70.9","0","22.5","119.6","27.8"
"1558528111499","05/22/19  12:28:31.499   ","0.43","63","0.248","33.9","0.3","0.224","100","2.68","31.8","1.04","9.97","0.7","2.33","0","3.39","0","1.18","0","0.67","0.24","0.74","0.26","0.73","63","-12.3","-72.4","-126.1","63","-12.3","-72.4","-126.1","-172.9","113","-7.4","155","-67.8","0","33.4","119.6","32.6"
"1558528112243","05/22/19  12:28:32.243   ","0.43","62.9","0.248","34","0.3","0.225","100","2.44","31.83","1.26","10.21","0.47","2.6","0","3.02","0.2","1.03","0.4","1.17","0.33","0.72","0.41","0.44","63.1","-16.1","-71.8","-130.3","63.1","-16.1","-71.8","-130.3","-172","111.3","-5.5","0","-69.2","-156.6","25.8","119.6","54.1"
"1558528113518","05/22/19  12:28:33.518   ","0.43","63","0.249","33.9","0.3","0.224","100","1.93","31.99","0.96","9.97","0.64","2.51","0","3.01","0.2","1.21","0.2","1.11","0.49","0.64","0.2","0.56","62.8","-5.7","-72.1","-115.7","62.8","-14.9","-72.6","-127.1","-174.7","94.8","-10.8","0","-72.3","55.9","25.4","119.6","27.5"
"1558528114243","05/22/19  12:28:34.243   ","0.43","62.9","0.247","34.1","0.3","0.224","100","1.78","31.75","1.14","10.1","0.38","2.69","0","3.17","0","1.28","0.34","1.14","0.69","0.81","0","0.51","63","-13.3","-72.3","-117.2","63","-13.3","-72.3","-117.2","-173","89.3","-10.5","0","-71.1","0","30.4","119.6","34.3"
"1558528115517","05/22/19  12:28:35.517   ","0.43","62.8","0.249","33.6","0.3","0.226","100","2.26","31.78","0.84","10.17","0.48","2.37","0","3.25","0.59","1.19","0.37","1.21","0","0.54","0","0.47","63","-15.6","-71.9","-115","63","-15.6","-71.9","-115","-173.8","104.1","-8.7","0","-66.2","164.2","41.3","119.6","55.1"
"1558528116248","05/22/19  12:28:36.248   ","0.43","62.8","0.246","34","0.3","0.224","100","3.06","32.03","1.45","10.04","0.38","2.94","0","3.17","0.3","1.13","0.24","0.81","0.27","0.64","0","0.48","62.6","-18.5","-73.1","-130","62.6","-18.5","-73.1","-130","-174.7","74.8","-7.8","0","-70.3","119.2","15.4","119.6","55.1"
"1558528117525","05/22/19  12:28:37.525   ","0.43","63.2","0.246","33.5","0.3","0.223","100","1.85","31.53","0.58","9.86","0.51","2.39","0","3.37","0.43","1.11","0","1.15","0","0.5","0.33","0.41","63.1","-16.1","-72.6","-110.1","63.1","-15.7","-72.1","-111.7","-174.1","176.4","-7.5","56.8","-67.7","-151.3","12.4","119.5","40.8"
"1558528118241","05/22/19  12:28:38.241   ","0.43","63.1","0.249","33.5","0.3","0.223","100","2.11","31.63","1.09","9.97","0.22","2.36","0.34","3.21","0.43","1.25","0.22","1.16","0.21","0.61","0","0.5","63.1","-9.3","-72","-116","63.1","-9.3","-72","-116","-173.1","116.9","-8.4","75.5","-67","133.1","30.2","119.7","44.6"
"1558528119527","05/22/19  12:28:39.527   ","0.43","62.8","0.248","33.7","0.3","0.224","100","2.91","31.91","1.31","9.88","0.29","2.63","0.24","2.94","0.4","1.5","0","1.34","0","0.53","0.23","0.44","63.1","-15.5","-71.9","-134.6","63","-14.1","-72.2","-119.9","-174.1","122.2","-7","0","-71","119","26","119.5","56.6"
"1558528120274","05/22/19  12:28:40.274   ","0.43","62.9","0.248","33.8","0.3","0.225","100","2.82","31.99","1.07","9.91","0.23","2.96","0","2.87","0.28","1.43","0","1","0.22","0.67","0","0.37","63.1","-13.6","-71.9","-130.3","62.9","-15","-72.1","-117.5","-173.1","90.8","-10.9","0","-70","158.1","16.1","119.6","62.7"
"1558528121533","05/22/19  12:28:41.533   ","0.43","62.9","0.249","33.6","0.3","0.223","100","1.99","31.78","0.85","9.91","0.29","2.47","0","3.13","0.29","1.16","0.21","0.86","0","0.49","0","0.57","63","-13.4","-72.4","-135.7","63","-17.3","-72.1","-141.6","-174","0","-3.1","28.5","-70.9","115.1","47.1","119.6","42.7"
"1558528122303","05/22/19  12:28:42.303   ","0.43","62.9","0.248","33.9","0.3","0.224","100","1.74","31.92","0.75","10.18","0.34","2.82","0","3.12","0.21","1.27","0","1.12","0.39","0.55","0","0.3","63","-24.8","-72","-121.9","63","-24.8","-72","-121.9","-173.1","94.4","-13.4","-78.4","-73.5","149.5","30.3","119.6","53"
"1558528123585","05/22/19  12:28:43.585   ","0.43","63","0.246","33.8","0.3","0.223","100","2.11","31.85","0.5","9.96","0.3","2.43","0.44","3.35","0","1.48","0.48","0.93","0","0.79","0","0.54","63.2","-6.2","-71.9","-117.2","63.2","-6.2","-71.9","-117.2","-172.9","0","-4.4","32.3","-63.4","164.5","34.7","119.6","48.2"
"1558528124330","05/22/19  12:28:44.330   ","0.43","63","0.248","33.7","0.3","0.224","100","1.99","31.74","0.59","9.89","0.39","2.63","0.41","3","0","1.49","0.3","1.01","0","0.85","0","0.49","63.1","-12.6","-72.3","-138.3","63.1","-12.6","-72.3","-138.3","-175.3","31.9","-7","92.1","-66.3","0","16.9","119.7","62.3"
"1558528125608","05/22/19  12:28:45.608   ","0.43","63","0.247","33.8","0.3","0.223","100","1.84","32.01","0.9","9.96","0","3.03","0.35","2.74","0","1.18","0.22","0.79","0.25","0.72","0.23","0.29","63.1","-18.1","-72.9","-150","63.1","-18.1","-72.9","-150","-175.4","44.9","-1.7","-24.3","-71","0","31","119.6","39.4"
"1558528126389","05/22/19  12:28:46.389   ","0.43","63.1","0.249","33.8","0.3","0.223","100","2.09","31.76","0.71","9.79","0.5","2.59","0.22","3.56","0","1.14","0.25","1.03","0.37","0.4","0","0.74","63.1","-16.2","-71.8","-107.7","63.1","-16.2","-71.8","-107.7","-172.5","126.8","-3.1","107","-64.4","0","26.2","119.7","33"
"1558528127667","05/22/19  12:28:47.667   ","0.43","63.1","0.246","34","0.3","0.223","100","1.64","31.81","0.91","10.07","0.76","2.63","0","3.15","0","1.11","0.28","1.11","0.57","0.68","0","0.53","63","-17.5","-72","-118.1","63","-17.5","-72","-118.1","-172.2","108.3","-3.9","29.1","-66.9","0","25.6","119.7","24.1"
"1558528128340","05/22/19  12:28:48.340   ","0.43","63.1","0.248","33.7","0.3","0.224","100","2.65","31.91","1.18","10.08","0.6","2.78","0","2.99","0.29","1.36","0.41","1.11","0.42","0.74","0","0.34","63","-20.2","-72.5","-121.5","63","-20.2","-72.5","-121.5","-175.8","95.2","-14.9","0","-73.5","108.3","29.4","119.6","32.2"
"1558528129666","05/22/19  12:28:49.666   ","0.43","63","0.247","33.8","0.3","0.223","100","2.5","31.63","0.98","10.02","0.4","2.98","0.29","2.96","0.2","1.35","0","0.95","0.37","0.75","0","0.32","62.9","-14.8","-72.3","-115.5","62.9","-14.8","-72.3","-115.5","-175.1","75.3","-12.9","0","-73.2","102.4","27.3","119.6","53.3"
"1558528130386","05/22/19  12:28:50.386   ","0.43","62.8","0.248","33.8","0.3","0.225","100","2.53","32.12","1.26","10.03","0.57","2.44","0","2.95","0.23","1.26","0.23","1.16","0","0.63","0","0.66","62.7","-13.2","-72.2","-125.5","62.7","-13.2","-72.2","-125.5","-174.7","130.6","-2.5","0","-66.2","147.5","24.7","119.5","48.3"
"1558528131713","05/22/19  12:28:51.713   ","0.43","63","0.247","34.3","0.3","0.224","100","2.09","31.69","0.77","9.64","0.64","2.62","0.37","3.22","0","1.41","0.31","0.76","0.36","0.83","0","0.43","63.1","-13.7","-72","-105.3","63","-20.6","-72.2","-115.3","-174.8","97.3","-2","117.1","-68.1","0","26.4","119.6","58.5"
"1558528132236","05/22/19  12:28:52.236   ","0.43","62.8","0.247","33.9","0.3","0.223","100","2.52","31.91","0.61","10.07","0.76","2.66","0","3.32","0.31","1.34","0.21","1.2","0.33","0.6","0","0.49","63","-21.8","-72.5","-128","63","-21.8","-72.5","-128","-172.9","99.4","-11.7","0","-68.3","179.8","25.1","119.5","65.7"
"1558528133506","05/22/19  12:28:53.506   ","0.43","62.9","0.247","33.8","0.3","0.227","100","2.15","31.97","1.63","9.88","0.42","2.61","0","2.72","0.33","1.3","0.31","1.01","0","0.29","0","0.33","62.9","-14.7","-72","-135.2","62.9","-14.7","-72","-135.2","-175.2","127.7","-9","0","-68.4","97.4","34.6","119.6","58.4"
"1558528134237","05/22/19  12:28:54.237   ","0.43","62.5","0.249","34.2","0.3","0.225","100","3.74","32.06","1.4","10.02","1.06","2.55","0.23","3.39","0.5","1.22","0.41","0.96","0","0.86","0.26","0.68","62.9","-14.5","-72.3","-121.5","62.9","-14.5","-72.3","-121.5","-171.9","121.1","-1","75.9","-63.7","-93.4","50.2","119.7","7.7"
"1558528135498","05/22/19  12:28:55.498   ","0.44","62.7","0.246","34.2","0.3","0.226","100","3.69","31.94","1.68","9.92","0.66","2.77","0.52","3.07","0.21","1.35","0.42","1.37","0.43","0.48","0.34","0.35","62.9","-15.9","-72.7","-132.4","62.9","-15.9","-72.7","-132.4","-171.9","113.8","-11.3","0","-72.7","139","39.2","119.6","74.4"
"1558528136231","05/22/19  12:28:56.231   ","0.43","62.9","0.247","33.9","0.3","0.225","100","4.19","32.03","1.68","9.91","0.98","2.47","0.29","2.89","0","1.34","0.58","1.04","0","0.65","0","0.66","62.9","-14.9","-72.1","-129.2","62.9","-14.9","-72.1","-129.2","-174.5","108.3","-10.4","60.8","-65.8","0","34.3","119.7","45.9"
"1558528137519","05/22/19  12:28:57.519   ","0.43","62.8","0.25","33.9","0.3","0.227","100","4.01","32.13","1.85","10.14","0.66","2.43","0.36","3.07","0","1.45","0.31","0.95","0.27","0.86","0.29","0.81","62.8","-15.9","-72.5","-134.6","62.9","-16.6","-72.4","-135.6","-174.2","113.8","-4.5","0","-68","0","36.5","119.7","43.8"
"1558528138236","05/22/19  12:28:58.236   ","0.43","62.9","0.247","34","0.3","0.226","100","4.03","31.84","1.77","10.1","0.86","2.7","0","2.9","0","1.45","0.37","0.86","0","0.64","0","0.62","62.8","-18.3","-72.4","-134.3","62.8","-18.3","-72.4","-134.3","-173.9","104.1","-6.3","0","-66.8","0","34.9","119.6","28.9"
"1558528139510","05/22/19  12:28:59.510   ","0.44","62.9","0.247","33.9","0.3","0.227","100","3.01","31.7","1.06","9.98","0.41","2.52","0","3.42","0.46","1.28","0","1.08","0.34","0.8","0.22","0.79","62.9","-14.7","-72.2","-125.1","62.9","-14.7","-72.2","-125.1","-172.4","106.6","-4.8","0","-65.4","-164.6","41.8","119.6","31.8"
"1558528140235","05/22/19  12:29:00.235   ","0.44","62.8","0.247","33.8","0.3","0.226","100","2.11","31.68","0.93","9.99","0.6","2.46","0","2.83","0.34","1.3","0.24","1.2","0","0.72","0.22","0.39","62.9","-20","-72.5","-143.5","62.9","-20","-72.5","-143.5","-173.7","104.7","-10.3","0","-66","150","30","119.6","37.8"
"1558528141512","05/22/19  12:29:01.512   ","0.44","63","0.248","33.8","0.3","0.225","100","1.41","31.87","0.73","9.88","0.27","2.64","0.36","3.23","0.38","1.44","0","0.84","0","0.73","0.41","0.55","62.7","-12.3","-72.3","-125.4","62.9","-6.5","-72.1","-142.2","-173.4","118.4","-7.5","40.8","-71","-135","34.9","119.7","41.4"
"1558528142241","05/22/19  12:29:02.241   ","0.43","62.9","0.251","33.4","0.3","0.225","100","1.26","31.83","0.49","10.1","0.39","2.57","0.23","3.11","0.33","1.2","0","0.92","0.22","0.64","0","0","62.9","-4","-71.8","-119.6","62.9","-4","-71.8","-119.6","-174.6","150.4","-8.9","73.9","-69.3","-122.5","42.8","119.6","37.6"
"1558528143528","05/22/19  12:29:03.528   ","0.43","62.9","0.25","33.5","0.3","0.225","100","0.7","31.94","0.52","9.76","0.21","2.8","0.36","3.25","0.31","1.32","0","0.84","0","0.74","0.22","0.3","62.9","-23.4","-72.5","-141.3","62.7","-16.7","-71.9","-149.3","-171.3","0","-2.4","133.3","-70.7","38.5","45.5","119.6","40.8"
"1558528144279","05/22/19  12:29:04.279   ","0.43","62.9","0.247","33.9","0.3","0.226","100","1.45","32.12","0.7","9.85","0.45","2.83","0.23","2.84","0.33","1.12","0","1.07","0.44","0.31","0.29","0.71","62.7","-13.7","-72.3","-120.1","62.9","-14.1","-72.5","-112.7","-173.4","88.9","-9.4","-14.3","-70.4","0","32.3","119.6","53.4"
"1558528145561","05/22/19  12:29:05.561   ","0.43","63","0.248","33.9","0.3","0.224","100","0.47","31.98","0.52","9.95","0.4","2.83","0.2","3.25","0","1.34","0","1.01","0.2","0.66","0","0.35","63","40.1","-72.1","-127.6","62.8","55.2","-72.1","-130.7","-172.5","0","-1","0","-68.1","47.6","36.8","119.6","39.6"
"1558528146350","05/22/19  12:29:06.350   ","0.43","62.9","0.25","33.6","0.3","0.225","100","0.63","31.84","0.57","9.77","0.25","2.6","0.22","3.49","0.47","1.41","0","0.93","0.39","0.77","0.32","0.55","62.9","-34.7","-72.8","-124.6","62.9","13.5","-71.7","-83.3","-174","0","-9.2","0","-68.7","-106.9","46.1","119.6","25.4"
"1558528147590","05/22/19  12:29:07.590   ","0.43","62.9","0.247","33.3","0.3","0.225","100","0.98","31.97","0.28","9.66","0.57","2.62","0","3.21","0.24","1.33","0.22","0.84","0.3","0.58","0","0.37","63","-19.8","-72.4","-59.7","63","-19.8","-72.4","-59.7","-175.9","0","-5.4","117.1","-68.7","-77.9","35.8","119.6","59.5"
"1558528148351","05/22/19  12:29:08.351   ","0.43","62.9","0.248","33.7","0.3","0.225","100","0","31.84","0.28","9.72","0.29","2.74","0","2.93","0.38","1.42","0.45","0.92","0.29","0.64","0.29","0.57","62.7","0","-72.3","-151.2","63","0","-72.2","-154.1","-176.2","0","-3.4","0","-71.3","0","41.3","119.6","29.1"
"1558528149632","05/22/19  12:29:09.632   ","0.43","62.9","0.249","33.7","0.3","0.226","100","1.05","31.71","0","9.56","0.37","2.49","0","3.07","0","1.44","0","0.77","0","0.43","0","0.39","62.8","156.9","-72.6","0","62.9","163","-72.7","98.7","-173.9","-57.1","-9.6","-62.5","-68.6","64","38.3","119.6","32.6"
"1558528150393","05/22/19  12:29:10.393   ","0.43","62.8","0.249","33.8","0.3","0.224","100","0.39","31.65","0.22","9.94","0.26","2.84","0.39","3.27","0.51","1.51","0.21","1.03","0.3","1.04","0","0.49","63","120.6","-72.2","-52.4","63","120.6","-72.2","-52.4","-174.7","-138.4","-8.2","-81","-73.1","-53.1","30.9","119.6","28.1"
"1558528151664","05/22/19  12:29:11.664   ","0.43","63.1","0.248","33.8","0.3","0.225","100","0.5","31.92","0.33","10.1","0","2.69","0","3.05","0.59","1.54","0","1.03","0.58","0.76","0.27","0.47","62.8","-21.2","-72.3","-85.6","62.8","-21.2","-72.3","-85.6","-175","69.4","-15.2","0","-69.4","35.7","18.7","119.6","56"
"1558528152423","05/22/19  12:29:12.423   ","0.43","62.7","0.248","33.8","0.3","0.226","100","1.04","31.81","0.55","9.72","0.22","2.54","0.21","3.21","0","1.25","0","0.8","0.21","0.8","0.34","0.44","62.6","-11.3","-72.3","-139.2","62.6","-11.3","-72.3","-139.2","-175","-129.2","-5.9","-83.6","-69.7","0","20.5","119.5","18.6"
"1558528153714","05/22/19  12:29:13.714   ","0.43","62.9","0.248","34","0.3","0.224","100","1.44","31.64","0.23","9.82","0.27","2.56","0.31","3.16","0.4","1.16","0.37","1.13","0","0.55","0.24","0.65","62.9","-21","-72.2","-80.1","62.8","-25","-72.5","-159.4","-173.8","0","-4.5","0","-69.5","-172.4","24.1","119.5","30.8"
"1558528154583","05/22/19  12:29:14.583   ","0.43","63","0.247","33.9","0.3","0.225","100","1.93","31.7","0.64","9.83","0.36","2.6","0.34","3.2","0","1.27","0.58","0.93","0.3","0.68","0.23","0.55","62.9","-12.8","-72.3","-121.2","62.6","-22.4","-72.2","-135.4","-175.3","58","-4.1","0","-68.1","83.7","21.5","119.6","41"
"1558528155748","05/22/19  12:29:15.748   ","0.43","62.9","0.248","34","0.3","0.227","100","2.37","31.98","0.62","9.6","0.23","2.77","0.23","3.14","0.23","1.63","0.35","0.48","0.2","0.68","0.32","0.48","62.8","-15.5","-72.2","-121.2","62.8","-15.5","-72.2","-121.2","-172.8","100.7","-3.5","174","-69.4","0","39.2","119.6","35.5"
"1558528156579","05/22/19  12:29:16.579   ","0.43","62.9","0.249","33.6","0.3","0.226","100","1.75","31.92","0.98","9.94","0.33","2.49","0","2.85","0","1.05","0.42","1.06","0","0.48","0.27","0.72","63","-11.1","-71.6","-134.4","62.6","-13.6","-72.8","-120.4","-174.6","77.3","-4.7","-23.3","-70.9","0","42.4","119.6","60.1"
"1558528157766","05/22/19  12:29:17.766   ","0.43","62.8","0.249","34","0.3","0.224","100","2.34","31.72","0.82","10.07","0.6","2.92","0","3.07","0.25","1.17","0","1.38","0","0.6","0","0.42","63","-15.8","-71.7","-143.8","63","-15.8","-71.7","-143.8","-172.9","92.5","-13.5","0","-69.7","0","30.7","119.6","49.3"
"1558528158711","05/22/19  12:29:18.711   ","0.43","63","0.25","33.9","0.3","0.225","100","2.76","31.87","1.01","9.73","0.43","2.36","0","2.99","0.62","1.5","0","1.25","0.35","0.85","0","0.5","63","-16.4","-71.9","-126.5","63","-16.4","-71.9","-126.5","-173.8","131.1","-3.3","0","-66.3","0","39.9","119.6","31.1"
"1558528159770","05/22/19  12:29:19.770   ","0.44","62.9","0.249","34","0.3","0.227","100","2.87","31.98","0.78","9.96","0.37","2.53","0.21","3.43","0.36","1.6","0.23","0.59","0.26","0.86","0.21","0.57","62.5","-13.6","-72.4","-128.3","62.5","-13.6","-72.4","-128.3","-174","107","-4.1","0","-67.2","0","39.2","119.5","33.4"
"1558528160237","05/22/19  12:29:20.237   ","0.43","62.9","0.248","34.2","0.3","0.225","100","2.12","31.75","1.22","10.1","0.54","2.61","0","3.39","0","1.14","0","1.06","0.34","0.65","0","0.58","63","-14.1","-72.3","-122.2","63","-14.1","-72.3","-122.2","-172.9","62.3","-7.6","0","-70.7","0","24","119.5","40.8"
"1558528161509","05/22/19  12:29:21.509   ","0.43","62.8","0.25","33.9","0.3","0.226","100","2.8","31.99","1.09","9.94","0.76","2.57","0","3.4","0","1.42","0.2","1.12","0.33","0.56","0","0.53","62.9","-10","-72.4","-125.7","62.9","-10","-72.4","-125.7","-174.9","0","-6.9","59.2","-67.1","-160.5","27.2","119.5","62.4"
"1558528162238","05/22/19  12:29:22.238   ","0.43","62.7","0.248","33.7","0.3","0.227","100","2.55","31.73","0.9","10.17","0.4","2.19","0.31","3.18","0.42","1.38","0","1.2","0.36","0.68","0.29","0.61","62.9","-20","-72","-121.2","62.9","-20","-72","-121.2","-173","108.4","-6.9","60","-67.5","111.1","40","119.6","24"
"1558528163499","05/22/19  12:29:23.499   ","0.43","62.7","0.248","33.7","0.3","0.225","100","2.84","31.8","0.9","10","0.34","2.35","0","3.07","0.47","1.27","0","1.48","0.21","0.78","0.26","0.64","63","-14.2","-72","-109.2","63","-14.2","-72","-109.2","-173.1","98.9","-6.5","10.7","-66.8","134.4","44","119.6","15.1"
"1558528164240","05/22/19  12:29:24.240   ","0.44","62.7","0.248","34","0.3","0.226","100","2.88","31.88","1.25","10.1","0.74","2.5","0","2.97","0.44","1.53","0","1.01","0.36","0.63","0","0.6","62.9","-18.2","-71.8","-119.6","62.9","-18.2","-71.8","-119.6","-173.9","80.1","-7.2","0","-67","130.7","25.1","119.6","32.5"
"1558528165520","05/22/19  12:29:25.520   ","0.43","63","0.25","34","0.3","0.227","100","3.26","31.92","1.47","9.81","0.93","2.57","0.29","3.09","0.3","1.37","0.34","0.88","0","0.74","0","0.47","62.8","-18.3","-72.6","-128.1","62.8","-18.3","-72.6","-128.1","-173.9","102.4","-6.8","46.7","-68.1","144","38","119.6","31.7"
"1558528166241","05/22/19  12:29:26.241   ","0.43","63","0.247","34","0.3","0.226","100","3.52","31.84","1.3","9.91","0.63","2.62","0.36","2.81","0.37","1.2","0.23","1.26","0","0.47","0.3","0.43","63.1","-15","-71.5","-108.5","63.1","-15","-71.5","-108.5","-174.2","113.6","-7.7","32.9","-64.7","-164","26.8","119.6","36.9"
"1558528167497","05/22/19  12:29:27.497   ","0.43","62.7","0.248","33.9","0.3","0.226","100","3.26","31.72","1.6","9.96","0.69","2.26","0.34","3.22","0.24","1.42","0","1.2","0","0.58","0.28","0.68","62.8","-17.3","-72.6","-128.1","62.8","-17.3","-72.6","-128.1","-174.6","65.5","-12.9","46.8","-68.6","117.3","31.4","119.6","47.7"
"1558528168241","05/22/19  12:29:28.241   ","0.43","63","0.25","34.1","0.3","0.225","100","3.82","32.04","1.57","10.23","0.85","2.73","0","3.23","0.55","1.49","0.43","1.28","0.45","0.66","0.42","0.49","62.8","-15.1","-72.2","-109.9","62.8","-15.1","-72.2","-109.9","-172","115.2","-14.1","0","-72.4","158.6","29","119.6","39.1"
"1558528169494","05/22/19  12:29:29.494   ","0.43","62.9","0.25","34","0.3","0.224","100","3.15","31.88","1.36","10.04","0.47","2.34","0.52","3.18","0","1.45","0","1.05","0","0.73","0","0.91","62.9","-16.3","-71.9","-113.8","62.9","-16.3","-71.9","-113.8","-173.7","115.4","-11.1","18.6","-66","176.9","26.9","119.7","52.8"
"1558528170235","05/22/19  12:29:30.235   ","0.43","62.8","0.251","33.7","0.3","0.224","100","3.2","31.69","1.48","9.89","0.79","2.47","0","3.18","0.23","1.42","0.62","0.85","0.29","0.66","0","0.5","62.9","-13.7","-72.3","-126.4","62.9","-13.7","-72.3","-126.4","-173","135.2","0.7","51.2","-68.2","122.1","34.2","119.6","17.6"
"1558528171507","05/22/19  12:29:31.507   ","0.43","62.9","0.249","34.1","0.3","0.227","100","3.07","31.98","1.41","10.19","0.41","2.59","0","2.83","0.42","1.56","0","1.22","0","0.67","0.29","0.44","63","-12.3","-72","-125.6","63","-12.3","-72","-125.6","-174.2","99.8","-8.3","0","-67.7","-147.4","28.6","119.6","51.9"
"1558528172243","05/22/19  12:29:32.243   ","0.43","63","0.246","33.9","0.3","0.227","100","2.89","31.99","1.08","9.74","0.74","2.7","0.29","3.2","0","1.26","0","0.87","0.28","0.65","0.21","0.54","62.7","-18.4","-73","-141","62.7","-18.4","-73","-141","-172.9","130.1","-0.9","-163.8","-65.6","0","39.5","119.5","38.4"
"1558528173496","05/22/19  12:29:33.496   ","0.43","62.8","0.25","33.7","0.3","0.226","100","3.01","32.01","1.01","10.01","0.41","2.45","0.22","3.2","0.41","1.24","0","1.15","0.21","0.69","0","0.74","62.9","-15.8","-71.9","-134.2","62.9","-15.8","-71.9","-134.2","-172.3","81.2","-7.7","57.8","-67.8","157.8","34","119.7","37.8"
"1558528174233","05/22/19  12:29:34.233   ","0.44","62.6","0.248","33.6","0.3","0.227","100","2.84","31.55","1.84","9.72","0.58","2.57","0.3","3.46","0.2","1.36","0.53","0.89","0.23","0.8","0.23","0.78","62.8","-7.5","-72.5","-129.7","62.8","-7.5","-72.5","-129.7","-175.6","71.6","-7","-131.5","-69.9","43.6","28.7","119.6","50.2"
"1558528175517","05/22/19  12:29:35.517   ","0.44","62.8","0.249","33.8","0.3","0.227","100","3.33","31.69","1.2","10.18","0.76","2.15","0.26","3.51","0.3","1.42","0.2","0.94","0.2","0.96","0","0.89","62.8","-16.3","-72.3","-124.9","62.8","-16.3","-72.3","-124.9","-174.6","82.3","-3.8","-51.6","-71.6","120.4","18","119.7","14"
"1558528176236","05/22/19  12:29:36.236   ","0.43","62.7","0.248","33.7","0.3","0.225","100","2.98","31.68","1.5","9.9","0.45","2.52","0.21","3.47","0.33","1.16","0.47","1.04","0.42","0.63","0.4","0.67","62.7","-13.1","-72.4","-123.2","62.7","-13.1","-72.4","-123.2","-173.1","115.2","-4.3","51.4","-67.7","-134.6","44.4","119.5","29.1"
"1558528177526","05/22/19  12:29:37.526   ","0.44","62.7","0.248","34","0.3","0.223","100","2.87","31.87","1.24","10.23","0.65","2.48","0.28","3.32","0.52","1.35","0.22","1.26","0.36","0.75","0.21","0.61","62.9","-14.9","-72.5","-135.9","62.9","-14.9","-72.5","-135.9","-172.8","100.3","-3.9","48.4","-68.5","171.9","44.8","119.6","47.3"
"1558528178260","05/22/19  12:29:38.260   ","0.44","62.9","0.251","33.9","0.3","0.224","100","3.07","32.07","1.51","9.97","0.87","2.48","0.23","3.27","0.21","1.29","0.45","0.78","0","0.71","0","0.58","62.8","-14.6","-72.4","-122.7","62.8","-14.6","-72.4","-122.7","-174.1","109.9","-1.7","-133","-66.5","-49","36.6","119.6","30.1"
"1558528179526","05/22/19  12:29:39.526   ","0.44","62.8","0.249","33.5","0.3","0.224","100","2.75","31.87","0.97","10.08","0.51","2.28","0.34","3.35","0.4","1.33","0","1.05","0.2","0.75","0.22","0.63","62.9","-20.4","-72.2","-124.3","62.9","-20.4","-72.2","-124.3","-172.7","117.8","-5.8","72.7","-68.9","131.6","43.5","119.7","41.4"
"1558528180300","05/22/19  12:29:40.300   ","0.43","63","0.25","34","0.3","0.226","100","3.06","31.88","1.21","9.9","0.83","2.55","0","3.16","0.31","1.43","0","1.08","0.45","0.59","0.42","0.45","63","-11.1","-71.8","-118.1","62.9","-19","-71.9","-129","-173.5","80","-11.1","-139.1","-73.5","162.3","33.1","119.6","48"
"1558528181571","05/22/19  12:29:41.571   ","0.43","63","0.247","33.8","0.3","0.225","100","2.39","31.69","0.93","10.02","0.48","2.45","0.26","3.38","0.42","1.34","0","1.27","0.2","0.59","0","0.7","63","-17.8","-71.8","-116","63.1","-15.1","-72.1","-122.2","-170.9","116.7","-7.6","0","-69.4","169.3","34.3","119.6","47.4"
"1558528182334","05/22/19  12:29:42.334   ","0.43","63","0.25","33.8","0.3","0.226","100","2.74","31.93","1.1","9.81","0.23","2.58","0.2","2.88","0","1.52","0","0.91","0.45","0.3","0.34","0.2","63","-13.6","-71.6","-128.5","63","-13.6","-71.6","-128.5","-174.8","100.1","-13.4","-148.3","-70.1","0","27.7","119.7","52.8"
"1558528183579","05/22/19  12:29:43.579   ","0.44","63","0.25","34","0.3","0.223","100","3.32","31.96","1.44","9.87","0.47","2.71","0.27","2.92","0","1.27","0.5","1.07","0","0.37","0.37","0","63","-9.2","-71.8","-128","63","-9.2","-71.8","-128","-172.8","117.7","-11","0","-71.9","0","35.1","119.6","35.9"
"1558528184284","05/22/19  12:29:44.284   ","0.44","62.9","0.249","34","0.3","0.225","100","3.01","31.86","1.14","9.76","0.7","2.84","0.47","3.14","0.2","1.27","0","0.74","0.3","0.72","0.2","0.67","62.8","-13.4","-72.7","-126","62.8","-15.6","-71.9","-136.9","-173.3","109.1","3.1","0","-62.3","23.4","22.8","119.7","41.4"
"1558528185637","05/22/19  12:29:45.637   ","0.43","63","0.249","34.1","0.3","0.225","100","3.63","32.04","1.37","10.05","1.08","3.05","0.2","3.29","0","1.2","0.35","1.03","0","0.33","0.39","0.59","62.8","-16.6","-72.5","-132.9","62.7","-12.3","-73","-121.2","-173.1","104.4","-11.2","16.8","-66.1","0","35.3","119.6","28.5"
"1558528186331","05/22/19  12:29:46.331   ","0.44","62.8","0.25","34.1","0.3","0.225","100","3.8","32.21","1.78","10.02","0.49","2.73","0.26","3.03","0.28","1.71","0.42","1","0.4","0.53","0.26","0.53","63.1","-13.9","-71.5","-113.3","63.1","-13.9","-71.5","-113.3","-172.8","137.1","-4.3","31.2","-70.4","-167.6","21.8","119.6","53"
"1558528187698","05/22/19  12:29:47.698   ","0.44","62.8","0.248","34.1","0.3","0.224","100","3.25","31.95","0.9","10.06","0.86","2.47","0.24","3.33","0","1.22","0","1","0.22","0.74","0","0.57","62.7","-15.1","-72.4","-126","62.7","-15.1","-72.4","-126","-172.1","113.9","0.4","51.9","-66.8","118.6","34.9","119.7","48"
"1558528188369","05/22/19  12:29:48.369   ","0.44","62.8","0.248","33.8","0.3","0.224","100","2.6","31.79","0.86","9.87","0.34","2.3","0","3.29","0.35","1.36","0.2","1.14","0.26","0.81","0.24","0.72","63","-15","-71.8","-124.2","62.9","-14.9","-71.9","-128.2","-172.8","93.6","-12.4","89.4","-68.1","138.8","31.5","119.6","49.2"
"1558528189716","05/22/19  12:29:49.716   ","0.44","63","0.249","34.1","0.3","0.225","100","2.92","32.02","1.13","10.32","0.55","3","0.35","3.18","0.34","1.06","0.43","1.24","0.43","0.62","0","0.56","63","-17.6","-72.4","-124.3","62.7","-12.9","-72.8","-127","-173.7","96.1","-10.2","0","-68","65.3","32.6","119.6","41.7"
"1558528190228","05/22/19  12:29:50.228   ","0.44","63","0.248","33.6","0.3","0.228","100","2.57","31.67","1.09","9.92","0.35","2.41","0.43","3.38","0.22","1.33","0","0.92","0","0.73","0.24","0.84","62.7","-15.6","-72.5","-122.7","62.7","-15.6","-72.5","-122.7","-173.4","107.7","-9.9","0","-69","171.6","35.6","119.6","22"
"1558528191503","05/22/19  12:29:51.503   ","0.44","62.9","0.25","34","0.3","0.226","100","2.56","31.76","1.37","10.08","0.46","2.85","0","3.21","0.37","1.35","0","1.14","0.63","0.86","0","0.49","63.1","-10","-71.8","-133.3","63.1","-10","-71.8","-133.3","-172.1","0","-2.7","0","-65.5","0","26.7","119.7","54.8"
"1558528192243","05/22/19  12:29:52.243   ","0.43","63","0.249","34","0.3","0.226","100","2.86","31.99","1.22","10.01","0.37","2.64","0.4","3.21","0.41","1.26","0","1.19","0.34","0.57","0.22","0.56","63.1","-18.6","-72.1","-134.8","63.1","-18.6","-72.1","-134.8","-173.3","135.5","-6.1","0","-71.3","169.2","35.1","119.6","52.9"
"1558528193505","05/22/19  12:29:53.505   ","0.43","62.9","0.247","34","0.3","0.225","100","2.64","32.07","1.55","10.16","0.68","2.44","0.3","3.23","0","1.13","0.65","0.97","0.41","0.62","0","0.47","62.8","-13.4","-72.6","-126.7","62.8","-13.4","-72.6","-126.7","-172.7","96","-6.1","0","-65.6","0","42.8","119.6","33.5"
"1558528194237","05/22/19  12:29:54.237   ","0.43","63.1","0.25","34","0.3","0.226","100","3.59","31.92","1.24","10.1","0.65","2.57","0","2.91","0.24","1.3","0","1.07","0","0.56","0.28","0.59","63.1","-12","-71.5","-121.5","63.1","-12","-71.5","-121.5","-173.5","97.7","-12","29.8","-69.1","-160.9","29.2","119.7","46.3"
"1558528195503","05/22/19  12:29:55.503   ","0.44","62.8","0.248","33.9","0.3","0.226","100","3.35","31.97","1.42","9.99","0.49","2.39","0","2.85","0.35","1.49","0.2","1.36","0","0.49","0.44","0.73","62.9","-18.1","-72.4","-130.1","62.9","-18.1","-72.4","-130.1","-174.6","89","-13.5","0","-65.7","143.1","32.6","119.5","47.3"
"1558528196233","05/22/19  12:29:56.233   ","0.43","62.9","0.251","33.8","0.3","0.225","100","2.43","31.81","0.96","10","0.69","2.61","0.34","3.16","0.31","1.33","0.38","0.91","0.34","0.62","0.36","0.61","63","-11.5","-72.1","-136.7","63","-11.5","-72.1","-136.7","-174.4","120.9","-6.8","88.4","-64.8","0","22.9","119.6","55.8"
"1558528197506","05/22/19  12:29:57.506   ","0.43","63","0.248","33.4","0.3","0.226","100","2.4","31.81","1.19","9.76","0","2.52","0.23","2.9","0.27","1.41","0.3","0.62","0.45","0.91","0","0.56","62.8","-19.5","-72.4","-130.8","62.8","-19.5","-72.4","-130.8","-172.4","139.8","-5.3","0","-64.4","0","44.2","119.7","32.8"
"1558528198237","05/22/19  12:29:58.237   ","0.43","63","0.25","33.6","0.3","0.224","100","2.41","31.65","0.82","9.83","0.38","2.71","0","3.06","0.34","1.26","0.24","1.01","0","0.54","0","0.56","62.9","-13.5","-72","-127.5","62.9","-13.5","-72","-127.5","-173.4","103.9","-7","0","-67.6","158.4","21","119.6","51.6"
"1558528199514","05/22/19  12:29:59.514   ","0.43","63.1","0.25","34.2","0.3","0.226","100","3.05","32.1","1.14","10.12","0.51","2.83","0.21","2.9","0.29","1.39","0.33","1.32","0.24","0.52","0.35","0.21","63","-14.6","-71.9","-125","63","-14.6","-71.9","-125","-174.2","108.8","-10.1","0","-71.4","-163.6","29.4","119.7","38.1"
"1558528200243","05/22/19  12:30:00.243   ","0.43","62.9","0.251","34","0.3","0.225","100","3.18","31.88","1.29","10.15","0.73","2.83","0","3.06","0.23","1.05","0","1.26","0.29","0.49","0.47","0.22","63","-12","-71.6","-125.7","63","-12","-71.6","-125.7","-175.7","129","-9.8","57","-69.7","151","34.4","119.6","39.5"
"1558528201513","05/22/19  12:30:01.513   ","0.44","62.8","0.248","33.9","0.3","0.228","100","3.2","32.03","1.38","10.13","0.58","2.52","0","3.42","0.36","1.15","0.4","0.76","0.2","0.66","0.2","0.59","62.6","-17.5","-72.9","-132.3","62.6","-17.5","-72.9","-132.3","-173.2","122.7","-2.2","-101.4","-61.7","-133.6","38","119.6","37.3"
"1558528202262","05/22/19  12:30:02.262   ","0.44","62.9","0.25","34.4","0.3","0.225","100","3","31.84","1.5","10.02","0","2.53","0","3.06","0.26","1.05","0","1.36","0.29","0.45","0.42","0","63.2","-10","-71.3","-121.3","63.2","-10","-71.3","-121.3","-171.3","0","-4.6","0","-64.1","-126.6","33.4","119.7","41.9"
"1558528203555","05/22/19  12:30:03.555   ","0.43","63","0.249","34.2","0.3","0.228","100","3.09","31.93","1.15","10.13","0.66","2.84","0","2.9","0.3","1.07","0","1.15","0.42","0.69","0.26","0.64","62.7","-15.3","-72.7","-128.7","62.9","-20.5","-73","-122.3","-172.1","83.7","-6.4","0","-66.5","0","33.5","119.6","30.4"
"1558528204298","05/22/19  12:30:04.298   ","0.44","62.7","0.249","34.1","0.3","0.226","100","3.41","32.06","1.62","10.03","0.51","2.48","0","2.84","0.32","1.33","0","1.11","0","0.57","0.21","0.7","62.8","-18.1","-72","-131.8","63","-12.6","-71.7","-123.1","-174.4","134","-10.8","3","-66.4","-148.2","31.3","119.7","37.6"
"1558528205570","05/22/19  12:30:05.570   ","0.44","62.9","0.25","34.1","0.3","0.229","100","3.62","32","1.38","9.86","0.99","2.79","0.4","3.42","0.23","1.38","0","0.95","0.31","0.91","0","0.79","62.9","-16.3","-72.5","-134.6","62.8","-17.3","-72.3","-121.1","-172.2","102.8","-3.5","50.8","-63.2","0","44.3","119.6","29.2"
"1558528206349","05/22/19  12:30:06.349   ","0.44","63","0.25","34.1","0.3","0.226","100","3.31","32.22","1.54","10.06","0.5","2.79","0.28","3.21","0.22","1.44","0.21","1.28","0.24","0.31","0.23","0.72","62.8","-17.3","-72","-125","62.8","-17.3","-72","-125","-173.2","69","-6.1","24.5","-67.9","-175.8","30.9","119.6","63.4"
"1558528207616","05/22/19  12:30:07.616   ","0.43","62.8","0.249","34","0.3","0.226","100","3.16","32.18","1.14","10.12","0.78","2.53","0","2.96","0.22","1.5","0","0.8","0","0.46","0","0.67","62.8","-15.1","-71.9","-132.4","62.8","-15.1","-71.9","-132.4","-173.5","91.6","-4.3","0","-65.6","140","28","119.6","41.9"
"1558528208367","05/22/19  12:30:08.367   ","0.43","62.9","0.249","34","0.3","0.226","100","2.98","32.04","1.46","9.85","0.37","2.56","0.22","2.98","0.42","1.36","0.37","1.26","0.26","0.52","0","0.52","63","-16.1","-72.2","-123.1","63","-16.1","-72.2","-123.1","-172.8","91.4","-7.7","86.4","-67.7","161.8","32","119.6","39.7"
"1558528209668","05/22/19  12:30:09.668   ","0.43","63","0.25","33.6","0.3","0.227","100","2.73","32.08","1.52","9.62","0.34","2.59","0.23","2.83","0.49","1.27","0.36","0.88","0.24","0.52","0.33","0.22","62.9","-15.6","-72.3","-133","63","-13.8","-71.8","-133.8","-174.1","82.6","-8","0","-72.8","137.4","33.5","119.6","64.7"
"1558528210407","05/22/19  12:30:10.407   ","0.43","63.1","0.248","34.1","0.3","0.224","100","2.52","32.02","1.36","10.1","0.64","2.72","0.26","3.19","0","1.31","0.42","1.28","0.51","0.73","0","0","63.1","-13.8","-71.4","-131.2","63.1","-13.8","-71.4","-131.2","-172","117.5","-6.7","117.3","-69.1","0","17.2","119.7","36.7"
"1558528211695","05/22/19  12:30:11.695   ","0.44","62.8","0.249","34.2","0.3","0.228","100","2.53","31.79","1.38","9.75","0.52","2.57","0.36","3.25","0.3","1.48","0.3","0.66","0.4","0.71","0.33","0.59","62.8","-9.2","-72","-134.3","62.8","-9.2","-72","-134.3","-172.6","126.5","-7","19.6","-63.5","176.7","46.9","119.6","56.1"
"1558528212482","05/22/19  12:30:12.482   ","0.43","63","0.249","34.1","0.3","0.227","100","2.2","31.86","1.05","9.91","0.37","2.69","0.33","2.98","0.35","1.03","0","1.1","0.65","0.61","0.21","0.68","63","-21.1","-72.1","-133.1","63","-21.1","-72.1","-133.1","-172.8","113.4","-8.5","-145.4","-68.6","-140.9","22.4","119.7","50.8"
"1558528213745","05/22/19  12:30:13.745   ","0.43","62.9","0.249","33.8","0.3","0.225","100","1.88","31.96","0.82","9.89","0","2.82","0.47","3.01","0.26","1.58","0","1.12","0","0.89","0.2","0.2","63.1","-14.5","-71.7","-130.5","63","-16.4","-71.8","-135.1","-173.8","93.8","-3.8","0","-72.2","-150.1","29.8","119.7","59.2"
"1558528214563","05/22/19  12:30:14.563   ","0.43","63","0.25","33.6","0.3","0.227","100","2.1","31.77","0.86","10","0.3","2.72","0.26","3","0.21","1.44","0.21","0.94","0","0.55","0.35","0.53","62.9","-18.6","-71.8","-124.8","62.9","-18.6","-71.8","-124.8","-174.1","79.4","-9.8","-161.7","-72.3","-153.8","25","119.6","51.8"
"1558528215738","05/22/19  12:30:15.738   ","0.43","63.1","0.249","34.1","0.3","0.226","100","1.41","32.03","0.74","10","0.27","2.9","0","3.2","0.33","1.46","0.4","1.25","0.39","0.55","0.3","0.68","63.2","-20.8","-72.1","-126.7","63","-15.3","-72.1","-118.1","-173.6","106.4","-4.7","-173.6","-69.1","-72.2","26","119.6","54.5"
"1558528216590","05/22/19  12:30:16.590   ","0.43","63.1","0.249","33.7","0.3","0.228","100","1.17","31.76","0.3","9.59","0.44","2.71","0","3.03","0.42","1.35","0","0.65","0","0.82","0.2","0.38","62.9","-14.8","-72.1","-141","62.9","-13","-71.8","-127.5","-173.3","78.6","-9.2","35.1","-64.6","-174.5","32.1","119.7","47.5"
"1558528217815","05/22/19  12:30:17.815   ","0.43","63","0.248","33.5","0.3","0.217","100","1.36","31.64","0.35","9.63","0.39","2.68","0","3.33","0.59","1.18","0.22","1.04","0.25","0.42","0","0.46","63.4","-14.6","-72.3","-123.8","63.6","-21.8","-72.4","-129.3","-172.9","102.1","-10.9","153.5","-64.3","-138.4","47.4","119.5","53"
"1558528218694","05/22/19  12:30:18.694   ","0.43","63.2","0.249","33.6","0.3","0.225","100","2.9","31.6","1.08","9.49","0.52","2.28","0","2.99","0","1.37","0.45","1.11","0","0.38","0","0.9","63.2","-17.6","-71.8","-110.4","63.1","-18.2","-71.6","-132.1","-174.5","93.8","-9.8","0","-71.2","0","42.3","119.7","51"
"1558528219522","05/22/19  12:30:19.522   ","0.43","63","0.25","33.7","0.3","0.228","100","2.25","31.88","1.2","9.69","0.35","2.62","0","3.26","0.38","1.21","0","0.48","0.2","0.72","0","0.85","62.9","-15.6","-72.6","-135.5","62.9","-15.6","-72.6","-135.5","-173","97.1","-6.2","174.3","-64.1","0","47.2","119.7","46.3"
"1558528220241","05/22/19  12:30:20.241   ","0.43","62.8","0.251","33.6","0.3","0.225","100","1.91","31.81","0.98","9.37","0.52","2.76","0.37","3.2","0.44","1.21","0.35","0.62","0","0.31","0","0.45","63","-3.4","-71.6","-120.1","63","-3.4","-71.6","-120.1","-173","109.2","-4.8","158.3","-67.1","0","26.2","119.6","58.4"
"1558528221515","05/22/19  12:30:21.515   ","0.43","63.1","0.25","33.8","0.3","0.226","100","1.68","31.7","0.68","9.83","0.37","2.75","0","2.75","0.26","1.27","0.43","1.1","0","0.76","0","0.28","62.9","-27.6","-72.4","-137.3","62.9","-27.6","-72.4","-137.3","-174.8","78.4","-7.8","178.5","-73.9","0","25.5","119.6","55.1"
"1558528222226","05/22/19  12:30:22.226   ","0.43","62.9","0.251","33.6","0.3","0.227","100","2.01","31.61","0.83","9.71","0.64","2.49","0","3.12","0.28","1.17","0","1.05","0.23","0.51","0","0.6","63.1","-18.2","-71.9","-98.9","63","-10.1","-72.2","-116.9","-172","121.4","-5.9","0","-62.8","-122.6","42.1","119.6","43.4"
"1558528223513","05/22/19  12:30:23.513   ","0.43","63","0.248","33.9","0.3","0.227","100","2.63","31.93","1.09","10.06","0.56","2.78","0.2","3.16","0","0.86","0.3","1.25","0","0.53","0","0.21","63.2","-17","-71.8","-122.2","63.2","-17","-71.8","-122.2","-171.7","98.2","-9.1","135.9","-66.3","160.3","30.7","119.6","60"
"1558528224242","05/22/19  12:30:24.242   ","0.43","62.8","0.251","33.8","0.3","0.227","100","3.23","31.82","1.01","9.76","0.85","2.69","0.22","3.33","0.37","1.44","0.36","0.85","0","0.55","0.49","0.62","62.8","-21","-72.2","-130.3","62.8","-21","-72.2","-130.3","-172.3","98.7","-0.2","0","-68","0","43.1","119.6","35.5"
"1558528225498","05/22/19  12:30:25.498   ","0.43","63","0.249","33.6","0.3","0.226","100","2.82","32.02","1.14","10","0.51","2.72","0","2.9","0.26","1.4","0.33","1.2","0.36","0.73","0.29","0.35","63.1","-18.1","-72.2","-126.3","62.9","-9.4","-72.5","-125.6","-173.5","95.1","-6.5","-18.5","-70.7","173.1","30.3","119.6","49.1"
"1558528226240","05/22/19  12:30:26.240   ","0.43","63","0.249","34.2","0.3","0.226","100","2.82","32.04","1.57","10.23","0.58","2.72","0.33","3.21","0","1.08","0.41","1.29","0.41","0.72","0.2","0.51","62.9","-19.1","-72.7","-134","62.9","-19.1","-72.7","-134","-174.2","87.9","-8","-134.3","-71.1","0","25.1","119.6","68.9"
"1558528227510","05/22/19  12:30:27.510   ","0.43","62.9","0.248","34","0.3","0.225","100","3.25","31.93","1.45","9.88","0.43","2.61","0","2.96","0.3","1.4","0","1.08","0","0.65","0.5","0.72","63.1","-14.9","-72","-124.7","63.1","-14.9","-72","-124.7","-173.9","84.1","-6","-35.3","-66.4","166","39.3","119.6","62.6"
"1558528228237","05/22/19  12:30:28.237   ","0.43","62.8","0.25","33.8","0.3","0.226","100","2.54","31.84","1.43","9.7","0.3","2.51","0.23","3.33","0.42","1.3","0.2","0.83","0.41","0.85","0.35","0.97","63","-12.1","-71.9","-119.9","63","-12.1","-71.9","-119.9","-172.5","127.5","1.7","0","-64.2","-113.8","44.5","119.6","48.1"
"1558528229477","05/22/19  12:30:29.477   ","0.43","63.1","0.248","34.3","0.3","0.226","100","3.33","32.01","1.41","10.11","0.31","2.71","0","2.83","0","1.56","0","1.23","0","0.28","0","0.72","62.9","-13.2","-72.1","-129.2","63","-13.5","-72.2","-127","-173.5","99.5","-9.5","65.6","-70.7","128.9","33.2","119.5","63.1"
"1558528230241","05/22/19  12:30:30.241   ","0.43","63","0.25","34","0.3","0.226","100","3.62","31.9","1.56","10.03","0.58","2.65","0","2.85","0.23","1.5","0.41","1.08","0.28","0.42","0","0.64","62.9","-14.9","-71.8","-132.8","62.9","-14.9","-71.8","-132.8","-173.4","110","-8.7","46.2","-71.9","0","33.9","119.7","48.2"
"1558528231497","05/22/19  12:30:31.497   ","0.43","62.9","0.25","33.7","0.3","0.221","100","3.05","31.48","0.92","9.56","0.71","2.3","0","3.09","0.34","1.65","0","0.91","0.2","0.85","0","0.6","63.1","-14.4","-72.7","-120","63.1","-14.4","-72.7","-120","-171.5","102.5","-8.8","0","-68.8","0","42.7","119.6","41.6"
"1558528232234","05/22/19  12:30:32.234   ","0.43","63","0.248","34","0.3","0.223","100","3.05","31.92","1.55","10.2","0.34","2.56","0.29","3.01","0","1.19","0.61","1.4","0.43","0.62","0","0","62.8","-16.5","-72.7","-133.5","62.8","-16.5","-72.7","-133.5","-173","84.1","-7.8","-11.8","-63.2","0","35.4","119.6","74.5"
"1558528233509","05/22/19  12:30:33.509   ","0.44","62.7","0.252","33.7","0.3","0.225","100","3.73","31.99","1.36","9.96","1.01","2.69","0","3.11","0.36","1.16","0.32","1.18","0","0.57","0.43","0.41","62.8","-21.5","-72.8","-133.4","62.8","-21.5","-72.8","-133.4","-174.3","94.7","-11.7","0","-67.1","149.1","31.4","119.4","49.8"
"1558528234238","05/22/19  12:30:34.238   ","0.44","63.1","0.25","34.3","0.3","0.223","100","2.89","32.22","1.31","10.19","0.39","2.74","0","3.11","0.39","1.11","0","1.25","0.25","0.82","0","0.4","63","-18.6","-72.8","-128.7","63","-18.6","-72.8","-128.7","-173.3","83","-4.4","0","-65.9","142","24.4","119.6","57"
"1558528235519","05/22/19  12:30:35.519   ","0.43","62.8","0.25","33.8","0.3","0.225","100","3.19","31.87","1.44","9.93","0.53","2.79","0","2.98","0.32","1.31","0","1.31","0","0.56","0","0.22","63","-17.9","-72.5","-121.3","63","-17.9","-72.5","-121.3","-172.6","129.3","-10.4","54","-64.8","0","32.1","119.5","51.6"
"1558528236258","05/22/19  12:30:36.258   ","0.43","62.7","0.247","33.9","0.3","0.224","100","3.04","32.09","1.17","9.9","0.32","2.9","0","3.11","0.33","1.54","0","1.12","0.32","0.61","0","0.37","62.9","-14.2","-73","-124.6","62.9","-14.2","-73","-124.6","-175.3","85.9","-12","0","-70.4","128.4","27.6","119.5","61.8"
"1558528237531","05/22/19  12:30:37.531   ","0.43","62.7","0.25","33.9","0.3","0.224","100","3.41","31.81","1.53","9.83","0.49","2.57","0","2.79","0.42","1.77","0","1.08","0.22","0.5","0.21","0.7","63","-14.6","-72.5","-139.7","63","-14.6","-72.5","-139.7","-174.9","112.7","-6.9","0","-70.8","132.8","34.8","119.5","44.3"
"1558528238297","05/22/19  12:30:38.297   ","0.43","62.8","0.249","33.9","0.3","0.222","100","3.15","31.8","1.36","9.85","0.44","2.47","0.49","3.43","0","1.32","0.43","0.63","0.26","0.9","0.33","0.62","62.8","-15.9","-72.5","-122.4","62.8","-16","-72.6","-134.8","-171.8","112.8","-3.9","0","-65.8","-127.8","37","119.6","48"
"1558528239563","05/22/19  12:30:39.563   ","0.43","62.9","0.25","33.8","0.3","0.226","100","3.6","31.9","1.71","10.27","0.53","2.63","0.35","3.2","0.48","1.53","0.54","1.37","0.29","0.61","0","0.42","63.1","-13.5","-72.4","-130.5","63.1","-14.2","-72.1","-123.1","-174.1","133.1","-7.2","-0.5","-69.5","-109.6","37.7","119.5","66"
"1558528240335","05/22/19  12:30:40.335   ","0.43","62.9","0.248","34","0.3","0.221","100","3.77","31.78","1.4","9.93","1.19","2.49","0.36","3.51","0.43","1.67","0","0.77","0","0.98","0.21","0.61","62.9","-15.1","-72.1","-129.2","62.9","-15.1","-72.1","-129.2","-171.9","119.2","-8.8","38","-64.5","-109.7","44.2","119.6","42.1"
"1558528241577","05/22/19  12:30:41.577   ","0.43","62.9","0.249","34.1","0.3","0.224","100","3.12","31.98","1.42","10","0.63","2.75","0","3.34","0.26","1.07","0.57","1","0.25","0.74","0","0.48","62.9","-12.7","-72.8","-124.9","62.9","-12.7","-72.8","-124.9","-172.7","107.4","-0.6","-40","-66.1","-147.4","33.6","119.5","57.7"
"1558528242313","05/22/19  12:30:42.313   ","0.43","62.8","0.248","34","0.3","0.223","100","3.13","31.98","1.5","9.97","0.45","2.43","0.38","3.35","0.41","1.2","0.22","1.4","0.5","0.51","0.36","0.56","62.9","-15","-71.8","-123.2","62.9","-15","-71.8","-123.2","-172.5","134.9","-0.2","57.9","-64.3","-118.4","49","119.6","46.4"
"1558528243636","05/22/19  12:30:43.636   ","0.43","62.8","0.248","34.1","0.3","0.225","100","4.07","32.11","1.53","10.07","0.75","2.6","0.27","3.08","0","1.4","0","1.32","0.32","0.4","0.46","0.56","62.8","-15.8","-72.3","-118.5","63","-13.8","-72.6","-119.6","-172.3","125.2","-11.6","71.7","-68.1","-163.5","31.6","119.5","69.7"
"1558528244335","05/22/19  12:30:44.335   ","0.43","62.8","0.25","33.8","0.3","0.225","100","3.6","31.57","1.63","10.02","0.96","2.67","0.44","3.26","0.23","1.19","0","0.86","0.56","0.77","0.2","0.54","62.9","-16.9","-72.5","-127.3","62.9","-16.9","-72.5","-127.3","-171.4","122.8","0.4","41.9","-66.4","-109.5","48.3","119.6","42.3"
"1558528245687","05/22/19  12:30:45.687   ","0.44","62.9","0.247","34.1","0.3","0.225","100","3.73","31.88","1.71","9.9","0.66","2.88","0.45","2.98","0","1.58","0.34","1.08","0","0.43","0.48","0.45","62.9","-15","-72.3","-125.9","62.9","-15","-72.3","-125.9","-173.3","127.6","-11","21.2","-66.5","-173.9","29.9","119.5","58.8"
"1558528246368","05/22/19  12:30:46.368   ","0.43","62.9","0.249","34","0.3","0.226","100","3.55","32.04","1.54","9.7","1.16","2.85","0","3.45","0","1.28","0.3","0.97","0.22","0.79","0","0.76","62.8","-17.3","-72.5","-128.1","62.9","-14.5","-72","-125.5","-172.6","105.2","-7.6","0","-60.9","0","32","119.7","66"
"1558528247518","05/22/19  12:30:47.518   ","0.43","63.1","0.246","33.9","0.3","0.224","100","3.29","32.06","1.38","9.93","0.61","2.6","0","3.13","0.32","1.19","0.25","1.02","0.36","0.73","0","0.54","63","-15.7","-72.3","-125.5","63","-15.7","-72.3","-125.5","-172.6","115.2","-8.4","-5.7","-70.2","0","41.2","119.6","69.7"
"1558528248236","05/22/19  12:30:48.236   ","0.43","62.8","0.247","33.9","0.3","0.226","100","3.23","31.82","1.09","9.96","0.72","2.66","0","3.51","0","1.5","0","0.87","0","0.85","0.33","0.88","62.9","-19","-72.4","-114.3","62.9","-19","-72.4","-114.3","-172.6","96.6","-6","62","-65.8","99.4","37.8","119.6","53.2"
"1558528249538","05/22/19  12:30:49.538   ","0.44","62.8","0.25","34.1","0.3","0.227","100","3.67","32.19","1.47","9.82","1.06","2.76","0.21","3.44","0.27","1.1","0.21","0.71","0","0.72","0.28","0.69","62.9","-18.4","-72.6","-121.2","62.8","-14.6","-72.1","-132.6","-172.7","121.2","-0.6","46.3","-65.5","-139.2","47.5","119.6","51"
"1558528250245","05/22/19  12:30:50.245   ","0.44","62.9","0.248","34.2","0.3","0.227","100","3.22","32.16","1.63","10.02","0.58","2.77","0.28","3.05","0","1.2","0.21","1.23","0.33","0.4","0.42","0.24","63.1","-15.3","-71.9","-125.6","63.1","-15.3","-71.9","-125.6","-173.1","96.5","0.6","66.4","-63.4","-146.2","30.8","119.7","73.4"
"1558528251523","05/22/19  12:30:51.523   ","0.44","63","0.249","34.2","0.3","0.228","100","3.13","32.28","1.16","10.25","0.39","2.61","0.24","3.25","0.28","1.28","0.32","1.22","0.23","0.48","0.42","0","63","-15.9","-71.9","-128.8","63","-15.9","-71.9","-128.8","-172.3","131.3","-10.2","61.2","-60.4","-178.7","33.4","119.7","41.8"
"1558528252243","05/22/19  12:30:52.243   ","0.44","62.8","0.251","34.3","0.3","0.229","100","3.2","32.24","1.31","10.08","0.41","2.82","0","3.01","0","1.52","0","1.05","0.24","0.4","0","0.5","63.1","-10.2","-71.4","-121.1","63.1","-10.2","-71.4","-121.1","-171.9","130.3","-6.3","0","-64.3","0","31.4","119.7","79.6"
"1558528253516","05/22/19  12:30:53.516   ","0.43","62.9","0.25","34.1","0.3","0.23","100","3.2","31.78","1.14","9.81","0.67","2.63","0.39","3.6","0.41","1.25","0","0.95","0","0.96","0","0.82","63","-14","-71.4","-124.4","63","-14","-71.4","-124.4","-172.2","120.8","-0.8","23.9","-64.5","178.7","37.3","119.6","37.2"
"1558528254240","05/22/19  12:30:54.240   ","0.44","63","0.249","34.1","0.3","0.227","100","2.86","32.04","1.38","10.3","0.27","2.63","0.27","3.16","0","1.36","0.26","1.07","0","0.42","0.33","0.31","62.9","-14.1","-72","-124.6","62.9","-14.1","-72","-124.6","-174.5","118.2","-8.5","0","-65.9","137.3","35.6","119.6","64.1"
"1558528255509","05/22/19  12:30:55.509   ","0.43","63","0.248","34.1","0.3","0.227","100","2.81","31.95","1.4","10","0.45","2.76","0.21","3.41","0","1.26","0.36","1.23","0.47","0.51","0.37","0.5","63","-11.2","-71.9","-133.3","63","-11.2","-71.9","-133.3","-173.2","86","-7.7","0","-65","172.8","41.8","119.6","60"
"1558528256239","05/22/19  12:30:56.239   ","0.44","62.7","0.248","33.9","0.3","0.228","100","2.82","31.8","1.33","10.15","0.62","2.8","0.31","3.18","0","1.2","0.24","1.08","0.36","0.43","0.57","0","62.9","-12","-72.1","-136.3","62.9","-12","-72.1","-136.3","-173.7","138.9","-4.3","-25.4","-61.4","-63.4","31.4","119.6","61.6"
"1558528257519","05/22/19  12:30:57.519   ","0.44","62.6","0.25","34.2","0.3","0.227","100","2.97","32.18","1.26","10.12","0.9","2.55","0.3","3.61","0","1.37","0.21","0.8","0.28","0.51","0.39","0.45","62.5","-19.9","-72.6","-141.9","62.5","-19.9","-72.6","-141.9","-174.4","75.1","-1.2","0","-64.7","-129","40.2","119.5","51.5"
"1558528258239","05/22/19  12:30:58.239   ","0.44","62.7","0.249","34.1","0.3","0.228","100","3.22","32.04","1.37","10.05","0.61","2.5","0.25","3.67","0","0.88","0.32","0.7","0.25","0.97","0","0.64","62.7","-14.2","-72.5","-131.5","62.7","-14.2","-72.5","-131.5","-173.3","122.8","0.1","66.9","-63.8","-117.1","45.7","119.5","52.3"
"1558528259508","05/22/19  12:30:59.508   ","0.43","63.1","0.252","33.9","0.3","0.227","100","2.46","32.06","1.18","9.88","0.58","2.89","0","3.22","0.31","1.28","0","0.67","0.28","0.64","0.23","0.48","62.9","-13.2","-72.5","-134.5","62.7","-9.4","-72.5","-142.4","-173.2","111","-6.1","166.6","-70.1","137","35.8","119.6","43.8"
"1558528260238","05/22/19  12:31:00.238   ","0.44","62.8","0.248","34.2","0.3","0.227","100","3.05","31.89","1.16","9.88","0.74","2.49","0.26","3.54","0.42","1.25","0","1.03","0","0.73","0","0.65","62.9","-19.5","-71.7","-121.3","62.9","-19.5","-71.7","-121.3","-172.8","98.5","-4.6","48.9","-62.9","128.9","38.4","119.7","46.8"
"1558528261510","05/22/19  12:31:01.510   ","0.43","62.9","0.25","34","0.3","0.228","100","3.08","32.07","1.37","10.24","0.71","3.2","0","3.26","0.33","1.14","0.35","1.14","0.45","0.49","0.2","0.36","63","-11.2","-71.9","-121.3","63","-13.6","-71.5","-129.1","-174.4","103.2","-5.3","0","-72.8","0","27","119.6","59"
"1558528262230","05/22/19  12:31:02.230   ","0.43","63.2","0.248","34.1","0.3","0.228","100","2.23","32.14","0.99","10.16","0.63","2.62","0","2.94","0","1","0.34","0.75","0.32","0.49","0.33","0.63","63","-8.2","-71.8","-130","62.9","-12","-72.5","-128.1","-174.9","104","-6.9","-170.5","-67.6","0","30.8","119.6","43.6"
"1558528263507","05/22/19  12:31:03.507   ","0.44","62.9","0.249","34","0.3","0.227","100","2.94","31.91","1.48","10.04","0.74","2.8","0.42","3.23","0.36","1.27","0.52","0.73","0","0.57","0.26","0.56","62.8","-12.4","-72.6","-134.2","62.7","-15","-72.3","-137","-173.2","107.7","3.5","-5.1","-67.9","0","40.7","119.6","42.6"
"1558528264236","05/22/19  12:31:04.236   ","0.44","62.9","0.251","34.3","0.3","0.228","100","2.91","32.1","1.68","10","0.4","2.88","0","3.03","0","1.1","0.3","1.33","0.29","0.48","0.34","0.34","63","-15.6","-71.6","-108.3","63","-15.6","-71.6","-108.3","-171.7","115.2","-3.8","0","-65.9","149.9","28.7","119.7","68.3"
"1558528265515","05/22/19  12:31:05.515   ","0.44","62.8","0.25","33.9","0.3","0.227","100","2.68","32.15","1.2","10.05","0.48","2.5","0.31","3.11","0.39","1.37","0","1.3","0.31","0.59","0","0.64","62.8","-14.1","-72.6","-125","62.8","-14.1","-72.6","-125","-173.5","75","-6.1","0","-70.6","156.4","24.3","119.7","75.8"
"1558528266243","05/22/19  12:31:06.243   ","0.43","62.9","0.251","34.1","0.3","0.228","100","1.88","32.13","1.17","10.08","0.31","2.83","0","2.95","0.2","1.41","0.21","0.9","0","0.48","0.22","0.35","62.9","-18.7","-72.3","-127.9","62.9","-18.7","-72.3","-127.9","-174.8","105.9","-16.8","0","-69.2","160.2","25.8","119.6","56.1"
"1558528267510","05/22/19  12:31:07.510   ","0.43","62.8","0.25","34.1","0.3","0.227","100","2.2","31.69","1.02","10.16","0.57","2.76","0.28","3.14","0.21","1.37","0.26","1.1","0.49","0.9","0","0.62","63","-17.8","-72","-125.3","63","-11","-72.2","-123.7","-172.6","95","-4.7","0","-62.9","0","27.5","119.6","33.5"
"1558528268238","05/22/19  12:31:08.238   ","0.44","62.8","0.247","34","0.3","0.224","100","2.52","31.86","0.98","10.27","0.65","2.88","0","3.34","0","1.22","0.23","1.06","0.5","0.62","0.34","0.34","63","-9.4","-72.1","-125.3","63","-12.5","-72","-133.7","-174.5","99.9","-0.1","3.7","-68.9","0","24","119.6","64.5"
"1558528269517","05/22/19  12:31:09.517   ","0.44","62.8","0.249","33.9","0.3","0.223","100","2.56","31.79","1.29","9.98","0.6","2.64","0.4","3.13","0.39","1.16","0.2","1.2","0.2","0.73","0","0.44","63","-16.7","-72.7","-137","63","-19.2","-72.5","-132.9","-174.4","74.6","-11.3","54.4","-69.5","178.6","17.8","119.6","59.9"
"1558528270230","05/22/19  12:31:10.230   ","0.43","63","0.251","33.7","0.3","0.224","100","2.36","31.83","1.03","10.03","0.2","2.22","0.27","3.31","0.23","1.21","0","1.43","0.43","0.49","0.53","0.71","63","-17.1","-71.9","-116.6","63.1","-14.2","-71.3","-117.8","-173.9","0","-4.4","88.4","-67.7","151.8","30.5","119.6","57.7"
"1558528271507","05/22/19  12:31:11.507   ","0.43","62.8","0.249","34.1","0.3","0.225","100","2.83","31.98","1.34","10.15","0.45","2.64","0","2.83","0.4","1.11","0.31","1.11","0.23","0.49","0","0.29","62.9","-19.2","-71.7","-130","62.9","-8.5","-72.4","-118","-173.2","120.9","-4.2","120.2","-63.6","0","34.1","119.5","67.8"
"1558528272249","05/22/19  12:31:12.249   ","0.43","62.8","0.252","34","0.3","0.224","100","3.86","32.08","1.41","9.93","0.77","2.95","0","3.09","0.23","1.34","0.43","1.08","0.24","0.47","0.35","0.44","62.8","-18.6","-72.6","-132.9","62.8","-18.6","-72.6","-132.9","-172.5","101.2","-9.5","0","-75.9","175.8","30","119.6","53.3"
"1558528273521","05/22/19  12:31:13.521   ","0.43","62.9","0.249","34","0.3","0.226","100","4.02","31.93","2.01","9.87","0.81","2.52","0.4","3.29","0","1.4","0.63","1.01","0","0.52","0.43","0.31","62.8","-12.8","-72.6","-129.8","62.9","-15.8","-72.5","-136.4","-173.6","91.4","-9.5","-79.3","-67.8","130.6","21.6","119.6","53.4"
"1558528274249","05/22/19  12:31:14.249   ","0.43","63.1","0.25","34.2","0.3","0.224","100","3.53","31.63","1.42","9.98","1.04","2.45","0","3.32","0.42","1.27","0.32","0.93","0","0.74","0.33","0.9","63.1","-13.6","-72.1","-122","63","-13.5","-71.9","-124","-172","125.9","-10","70.4","-68.3","-97.2","15.9","119.5","56.6"
"1558528275521","05/22/19  12:31:15.521   ","0.43","63.2","0.249","34","0.3","0.226","100","3.53","31.82","1.43","10.15","0.81","2.48","0","3.11","0.34","1.41","0","1.27","0","0.5","0.27","0.36","62.8","-16.3","-72.3","-136.5","62.9","-17.2","-72.6","-124.6","-172.8","72","-12.6","148.9","-69.1","97.4","31.9","119.5","53.6"
"1558528276240","05/22/19  12:31:16.240   ","0.44","62.5","0.247","33.9","0.3","0.224","100","2.89","31.85","1.31","10.2","0.54","2.71","0.28","3.22","0","1.25","0.31","0.94","0.48","0.51","0.23","0.48","62.9","-13.8","-72.5","-121.4","62.9","-15.8","-72.3","-127.4","-174.5","119.2","-7.7","0","-71.4","0","27","119.5","72.6"
"1558528277526","05/22/19  12:31:17.526   ","0.43","62.9","0.248","34","0.3","0.225","100","2.46","32.02","1.57","9.81","0.32","2.81","0","2.97","0.61","1.31","0.34","0.83","0.41","0.81","0.28","0.6","62.9","-19","-72.7","-132.7","62.9","-19","-72.7","-132.7","-172.8","91.4","-4.9","0","-67.4","116.3","44.4","119.6","42.6"
"1558528278245","05/22/19  12:31:18.245   ","0.43","63.2","0.249","33.8","0.3","0.226","100","3.49","31.79","1.35","9.93","0.86","2.38","0.28","3.44","0.3","1.17","0.31","0.91","0.33","0.65","0.23","1.01","62.7","-15.9","-72.6","-132.2","62.9","-19.8","-72.2","-123.8","-172.2","97.3","-2.5","26.7","-66.8","0","39.2","119.7","28.6"
"1558528279538","05/22/19  12:31:19.538   ","0.43","63","0.246","33.9","0.3","0.224","100","3.23","31.78","1.37","10.15","0.78","2.61","0","3.47","0.33","1.14","0","0.85","0","0.77","0","0.74","62.8","-19.2","-72.9","-118.1","62.8","-19.2","-72.9","-118.1","-172.6","112.8","-5.1","84.2","-65.8","-116.4","44.5","119.5","24.7"
"1558528280247","05/22/19  12:31:20.247   ","0.43","63","0.25","33.9","0.3","0.226","100","3.42","31.57","1.32","9.93","0.74","2.67","0.22","3.29","0.22","1.27","0.27","1.17","0","0.47","0","0.53","62.9","-15.3","-72.1","-129.9","62.9","-19.5","-72.7","-135.5","-173.5","72.4","-11.9","0","-70.2","162.6","29.2","119.6","52.6"
"1558528281522","05/22/19  12:31:21.522   ","0.43","62.8","0.249","34.3","0.3","0.224","100","3.91","31.93","1.73","10.21","0.55","2.8","0","3.08","0.26","1.28","0.28","1.38","0.35","0.6","0.4","0","63","-14.5","-72.4","-127.9","62.9","-13.2","-72.5","-131.3","-174.5","106.5","-7.4","-75.7","-68.3","0","28.5","119.6","62.9"
"1558528282246","05/22/19  12:31:22.246   ","0.43","62.9","0.25","34.2","0.3","0.225","100","3.78","31.99","1.54","9.88","0.66","2.67","0.33","3.19","0.4","1.24","0","1.36","0.4","0.42","0.54","0.27","63","-12.1","-71.6","-119.7","62.9","-16.5","-71.8","-120.9","-173.8","128.4","-8.1","0","-68.1","-130.9","21.2","119.6","59"
"1558528283523","05/22/19  12:31:23.523   ","0.44","62.8","0.249","34","0.3","0.227","100","2.58","31.76","1.16","9.85","0.29","2.62","0.2","3.04","0.36","1.38","0.26","1.21","0.54","0.47","0.43","0","62.7","-11.1","-72.7","-132.5","62.7","-14.3","-72.5","-122.1","-173.5","93.1","-2.7","0","-65.2","-162.5","25.5","119.4","57.2"
"1558528284241","05/22/19  12:31:24.241   ","0.43","62.8","0.248","34.1","0.3","0.225","100","2.32","31.71","1.35","9.83","0.44","2.53","0","3.51","0.21","1.26","0.35","1.12","0.4","0.73","0","0.36","62.9","-14.2","-72.6","-124.1","62.9","-14.2","-72.6","-124.1","-174.7","82","-3.2","0","-66.9","107.8","30.7","119.6","41.3"
"1558528285513","05/22/19  12:31:25.513   ","0.43","62.8","0.249","34.2","0.3","0.225","100","1.82","31.93","1.05","10","0.6","2.57","0","3.12","0","1.27","0.36","1","0.46","0.61","0.21","0.57","62.9","-2.7","-72.5","-119.3","62.9","-6.6","-72.6","-112.9","-173.2","105.2","-6.4","-158","-60.8","0","31.7","119.6","47.2"
"1558528286246","05/22/19  12:31:26.246   ","0.43","62.8","0.248","33.7","0.3","0.225","100","1.89","31.93","0.7","9.82","0.69","2.54","0.22","3.12","0.27","1.48","0","0.85","0","0.68","0","0.41","62.9","-14.5","-72.2","-143.7","62.9","-18.5","-72.6","-161.9","-173.6","83.5","-5.7","0","-67.7","-167.2","33.8","119.5","49.5"
"1558528287514","05/22/19  12:31:27.514   ","0.43","62.7","0.25","34","0.3","0.227","100","1.59","31.95","1.01","10.17","0.58","2.4","0","3.26","0.27","1.43","0.35","0.85","0.28","0.64","0.33","0.5","62.8","-6.6","-72.6","-119.6","62.7","-16","-72.7","-145.4","-173.4","110.9","-4.7","-157.1","-70.3","0","31.3","119.5","21.9"
"1558528288241","05/22/19  12:31:28.241   ","0.43","62.8","0.246","34.1","0.3","0.223","100","1.33","31.94","1.29","10.21","0.48","2.51","0","3.09","0","1.14","0.28","1.13","0.28","0.73","0.21","0.62","62.9","-1.8","-72.6","-123","62.8","-4.7","-72","-129.4","-172.7","151.7","-3.6","0","-71","0","24.2","119.5","37.9"
"1558528289514","05/22/19  12:31:29.514   ","0.43","62.6","0.25","33.6","0.3","0.226","100","1.38","31.63","0.78","10.03","0.29","2.67","0.41","3.14","0.33","1.09","0.34","1.39","0","0.6","0","0.33","63.1","-7.4","-72","-116.8","63","-10.4","-71.8","-117.6","-174.9","133.3","-2.5","62.8","-70.5","0","34.7","119.5","52"
"1558528290235","05/22/19  12:31:30.235   ","0.43","62.9","0.248","33.9","0.3","0.224","100","1.58","31.92","0.89","10.22","0.26","2.67","0.27","3.37","0.37","1.2","0.28","1.11","0.22","0.57","0","0.54","62.9","-11.5","-72.2","-126","63","-15.5","-72.1","-123.7","-172.1","113","-3.5","0","-65.2","131.3","29.2","119.6","38.2"
"1558528291503","05/22/19  12:31:31.503   ","0.43","62.8","0.248","33.7","0.3","0.226","100","1.82","31.78","0.21","9.82","0.64","2.34","0.22","3.38","0.2","1.51","0.41","0.76","0","0.84","0.2","0.37","62.7","-20.8","-72.8","-115.2","62.6","-18.6","-73","-138.5","-175.3","106.8","-7","152.5","-67.7","0","33.7","119.5","41.4"
"1558528292242","05/22/19  12:31:32.242   ","0.43","62.7","0.247","33.4","0.3","0.225","100","1.32","31.92","0.66","9.56","0.35","2.44","0.28","3.32","0","1.29","0","0.86","0.34","0.57","0.36","0.56","62.7","-10.8","-72.5","-131.8","62.9","-12","-72.2","-141.7","-173.9","0","-4","-118.3","-70.7","-22.8","31","119.6","29.9"
"1558528293507","05/22/19  12:31:33.507   ","0.43","63.1","0.249","33.9","0.3","0.225","100","0.89","31.83","0.84","10.2","0.23","2.63","0","2.96","0.25","1.25","0","1.23","0.32","0.72","0.49","0.35","62.9","-8.2","-72.1","-142.7","62.9","-9","-72.3","-136","-175.7","0","-2.4","0","-69.3","19.3","24.5","119.6","54.9"
"1558528294235","05/22/19  12:31:34.235   ","0.43","63","0.25","33.8","0.3","0.225","100","1.31","31.83","0.36","9.65","0.23","2.46","0","3.3","0.22","1.15","0.31","1.08","0","0.64","0.29","0.69","63","-20","-72.3","-116.8","63","-20","-72.3","-116.8","-173.9","99.4","-8.9","0","-63.7","-135.4","22.4","119.6","50.6"
"1558528295522","05/22/19  12:31:35.522   ","0.43","62.9","0.247","33.8","0.3","0.226","100","1.09","31.73","0.57","10.07","0","2.94","0","3.13","0","1.25","0","0.98","0.3","0.56","0","0.28","62.9","-11.6","-72.1","-149.3","62.8","-12.3","-72.2","-130.3","-174.7","88.9","-13.2","0","-68.5","126.4","31.8","119.6","46.5"
"1558528296233","05/22/19  12:31:36.233   ","0.43","63","0.25","33.7","0.3","0.225","100","1.58","31.95","0.62","10.04","0.37","2.75","0","2.91","0","1.32","0","1.19","0.23","0.83","0","0","62.9","-18","-72.1","-143.9","63","-17.4","-72","-138.7","-174.1","104.7","-11","-64.3","-73","0","24.3","119.5","66.5"
"1558528297513","05/22/19  12:31:37.513   ","0.43","62.8","0.246","33.7","0.3","0.224","100","2.6","31.92","1","10.3","0.56","2.69","0.24","2.97","0.21","1.22","0.23","1.2","0.24","0.58","0","0.45","62.6","-17.7","-72.3","-124","62.9","-13.4","-72.6","-122.8","-173.6","140.9","-8.8","0","-72.6","0","27.6","119.5","63.5"
"1558528298239","05/22/19  12:31:38.239   ","0.43","62.9","0.247","34","0.3","0.225","100","2.23","32.04","0.96","10.12","0.29","2.33","0","3.57","0.2","1.12","0.22","1.26","0","0.5","0","0.85","62.8","-15.8","-72.3","-113","62.7","-18.6","-72.6","-118.7","-175.1","107.4","-9.2","-129.2","-71.5","104.6","28.2","119.5","54.3"
"1558528299509","05/22/19  12:31:39.509   ","0.43","62.8","0.248","33.9","0.3","0.223","100","3.2","32.05","1.47","9.93","0.33","2.74","0.21","3.1","0.48","1.43","0","1.29","0","0.54","0.21","0.52","62.8","-21.4","-72.2","-129.1","62.9","-16.4","-72","-136.9","-174.7","98.8","-8","-22.3","-69.3","0","28.1","119.5","47.9"
"1558528300239","05/22/19  12:31:40.239   ","0.43","62.8","0.249","34.2","0.3","0.224","100","4.64","32.09","1.45","9.86","0.72","2.49","0","3.13","0.48","1.37","0.28","1.16","0","0.68","0.38","0.38","62.9","-17.9","-71.8","-114.9","62.7","-20","-72","-115.6","-173.5","133.9","-11.4","119.7","-70","-168.6","35.6","119.5","45.5"
"1558528301523","05/22/19  12:31:41.523   ","0.43","62.7","0.25","34.2","0.3","0.223","100","4.53","31.76","1.71","9.93","1.02","2.48","0.35","3.45","0.37","1.03","0.3","0.99","0","0.75","0.41","0.34","62.6","-18.4","-73","-122.3","62.8","-17.8","-72.8","-117.9","-173.1","123.2","-8.6","0","-70.1","-174.3","38.5","119.4","38.2"
"1558528302236","05/22/19  12:31:42.236   ","0.43","62.7","0.248","34.2","0.3","0.226","100","4.64","31.92","1.71","10.07","1.04","2.58","0","3.34","0.21","1.59","0.43","1.05","0.2","0.45","0","0.42","62.6","-16.4","-72.4","-125.5","62.7","-18.8","-72.5","-124.3","-175.2","102.5","-16.5","148","-73.3","0","22.2","119.5","52.6"
"1558528303515","05/22/19  12:31:43.515   ","0.43","62.8","0.249","34.4","0.3","0.225","100","4.01","32.03","1.87","10.03","1.02","2.71","0.23","3.3","0.55","1.12","0.55","1.33","0.23","0.61","0.26","0.3","62.9","-16.3","-72.7","-127.9","62.8","-13.2","-72.2","-122.5","-173.5","114.9","-12.6","57.8","-75","-156","23.9","119.4","45.1"
"1558528304244","05/22/19  12:31:44.244   ","0.43","62.8","0.249","34.3","0.3","0.226","100","3.88","32.01","2.17","10.32","0.86","2.66","0.35","3.24","0.28","1.21","0.48","1.27","0.25","0.63","0.53","0.58","62.7","-11.5","-72.4","-115.5","62.7","-14","-72.4","-121.3","-173.3","132.2","-11.3","0","-77.3","-139.5","25.2","119.4","49"
"1558528305522","05/22/19  12:31:45.522   ","0.43","62.7","0.248","34.4","0.3","0.225","100","4.18","31.99","1.76","10.06","0.74","2.99","0.34","3.27","0.37","1.46","0.48","1.14","0.33","0.72","0.21","0.75","62.8","-16.3","-72.6","-124.9","62.9","-16.5","-71.9","-131","-174.2","111.1","-13.4","0","-74.5","-142.3","31.2","119.5","53.8"
"1558528306242","05/22/19  12:31:46.242   ","0.43","62.7","0.248","34","0.3","0.226","100","4.38","31.77","1.76","9.83","0.97","2.62","0.49","3.36","0.27","1.29","0.3","1.05","0.21","0.77","0.2","0.73","62.7","-14.6","-72.6","-128.7","62.8","-16.5","-72.7","-129.3","-174.2","127.5","-6.2","55.7","-65.3","-91.1","39.8","119.4","27"
"1558528307501","05/22/19  12:31:47.501   ","0.43","62.7","0.247","33.8","0.3","0.226","100","3.23","31.54","1.74","10.2","0.41","2.51","0.2","3.04","0.26","1.33","0.58","0.93","0","0.63","0.2","0.52","62.8","-13.7","-73.3","-131.7","62.7","-11.3","-72.9","-127.9","-173.9","79","-7.7","146.5","-64.9","81.2","30.5","119.4","63.1"
"1558528308246","05/22/19  12:31:48.246   ","0.43","62.7","0.25","34","0.3","0.225","100","3.5","31.94","1.36","9.93","0.58","2.28","0","3.18","0.44","1.23","0","1.43","0","0.44","0.59","0.43","62.8","-17.6","-73.1","-128.5","62.7","-16.9","-72.6","-127.7","-175","101.3","-13.7","0","-71.5","124.4","33.2","119.4","59.2"
"1558528309521","05/22/19  12:31:49.521   ","0.43","62.7","0.249","34.1","0.3","0.227","100","3.59","32.1","1.56","10.19","0.26","2.59","0","3.07","0.31","1.53","0.3","1.28","0.23","0.45","0.34","0.49","62.8","-19","-73","-130.3","62.7","-19.5","-72.7","-134.5","-174.4","90","-11.2","0","-70.6","174.8","27.3","119.4","56.2"
"1558528310252","05/22/19  12:31:50.252   ","0.43","62.7","0.25","34.1","0.3","0.225","100","3.02","31.79","1.46","10.09","0.51","2.52","0.32","3.44","0","1.25","0","1.31","0","0.37","0.35","0.37","62.7","-13.5","-72.3","-133.1","62.8","-10","-72.5","-132.2","-174","149","-3","15.5","-70.1","-144.1","31.7","119.4","32.2"
"1558528311522","05/22/19  12:31:51.522   ","0.43","62.8","0.248","33.9","0.3","0.226","100","3.34","31.84","1.26","10.2","0.7","2.6","0.28","3.56","0.21","1.2","0","1.16","0.26","0.53","0","0.53","62.7","-15.4","-73.2","-123.9","62.7","-16.1","-73.1","-126","-174.4","86.3","-10.8","40.2","-71.9","155.6","32.4","119.3","43.3"
"1558528312234","05/22/19  12:31:52.234   ","0.43","62.7","0.248","34.2","0.3","0.227","100","3.45","31.96","1.63","9.98","0.85","2.68","0","3.38","0.33","1.34","0.39","0.78","0.26","0.84","0","0.79","62.6","-16.8","-73.3","-125.2","62.6","-16.8","-73.3","-125.2","-175.2","109.3","-6","0","-70.9","90.8","36.9","119.4","34.4"
"1558528313537","05/22/19  12:31:53.537   ","0.43","62.6","0.246","33.9","0.3","0.227","100","3.69","31.95","1.26","10.02","0.69","2.73","0.4","3.49","0.28","1.4","0.28","1","0","0.99","0","0.81","62.7","-17.8","-73","-120.5","62.7","-17.8","-73","-120.5","-173.1","117.2","-5.3","43.1","-67.2","0","22.4","119.4","24"
"1558528314242","05/22/19  12:31:54.242   ","0.43","62.5","0.249","34.1","0.3","0.225","100","3.82","31.84","1.94","9.81","0.83","2.51","0","3.55","0.35","1.4","0.53","1.05","0.36","0.95","0.28","0.48","62.7","-13.1","-72.8","-127.6","62.7","-13.1","-72.8","-127.6","-174.3","94","-4.9","0","-70.7","-141.1","34.9","119.4","57.1"
"1558528315518","05/22/19  12:31:55.518   ","0.43","62.6","0.247","34.2","0.3","0.225","100","4.28","31.57","1.95","9.96","1.13","2.64","0.36","3.41","0","1.27","0.47","0.95","0","0.74","0.34","0.61","62.6","-14.3","-73.1","-127.1","62.7","-13.3","-72.5","-130.3","-175.6","89.4","-8.4","0","-71.8","0","22","119.3","46.5"
"1558528316241","05/22/19  12:31:56.241   ","0.43","62.5","0.249","34.1","0.3","0.225","100","3.86","31.89","1.82","10.13","0.91","2.29","0.64","3.48","0","1.36","0","0.98","0.23","0.78","0.36","0.58","62.5","-16.6","-73.1","-124.1","62.5","-16.8","-73.1","-122.7","-174.4","139.6","-2.6","43.3","-70.3","0","22.8","119.3","20.3"
