"DoubleTime","StringTime","I2 Mag","I2 Ang","kW","I2 THD","I2 TDD","kvar","I2 %HD01","I2 %HD02","I2 %HD03","I2 %HD04","I2 %HD05","I2 %HD06","I2 %HD07","I2 %HD08","I2 %HD09","I2 %HD10","I2 %HD11","I2 %HD12","I2 %HD13","I2 %HD14","I2 %HD15","I2 %HD16","I2 %HD17","I2 H01 ANG","I2 H02 ANG","I2 H03 ANG","I2 H04 ANG","I2 H05 ANG","I2 H06 ANG","I2 H07 ANG","I2 H08 ANG","I2 H09 ANG","I2 H10 ANG","I2 H11 ANG","I2 H12 ANG","I2 H13 ANG","I2 H14 ANG","I2 H15 ANG","V2 Ang","I2 H17 ANG"
"0","                         ","34064","36112","15","5644","7180","271","29","285","541","797","1053","1309","1565","1821","2077","2333","2589","2845","3101","3357","3613","3869","4125","105","361","617","873","1129","1385","1641","1897","2153","2409","2665","2921","3177","3433","3689","35088","4201"
"1558522507501","05/22/19  10:55:07.501   ","11.69","-130.5","2.703","6","1.4","0.577","100","0","3.76","0","2.54","0","0.96","0","3.49","0","0.96","0","0","0","0","0","0.58","-130.5","0","-49.3","0","-2.9","0","20.1","0","-95.1","0","-152.9","0","0","0","0","-120.4","-178.3"
"1558522508395","05/22/19  10:55:08.395   ","11.69","-130.4","2.705","6","1.4","0.58","100","0.2","3.77","0","2.6","0","0.99","0","3.43","0","0.96","0","0","0","0","0","0.73","-130.4","-165.7","-49.6","0","-3.4","0","18.8","0","-94.2","0","-151.7","0","0","0","0","-120.5","-176.3"
"1558522509466","05/22/19  10:55:09.466   ","11.69","-130.4","2.708","6","1.4","0.579","100","0.21","3.72","0","2.53","0","0.99","0","3.55","0","0.93","0","0.22","0","0","0","0.64","-130.4","-39.9","-49.3","0","-3.9","0","24.6","0","-95.3","0","-150.3","0","131.4","0","0","-120.6","-178.5"
"1558522510408","05/22/19  10:55:10.408   ","11.69","-130.3","2.704","6.1","1.4","0.578","100","0","3.74","0","2.51","0","1.01","0","3.52","0","0.92","0","0.22","0","0","0","0.63","-130.5","0","-49.4","0","-4.2","0","24","0","-97","0","-152.2","0","0","0","0","-120.5","175.7"
"1558522511430","05/22/19  10:55:11.430   ","11.69","-130.5","2.704","6","1.4","0.581","100","0.2","3.78","0","2.52","0","0.99","0","3.51","0","0.95","0","0","0","0","0","0.69","-130.5","0","-49.5","0","-5.2","0","20.8","0","-95.2","0","-152.8","0","0","0","0","-120.5","-177.4"
"1558522512422","05/22/19  10:55:12.422   ","11.69","-130.5","2.704","5.9","1.4","0.578","100","0","3.83","0","2.57","0","0.95","0","3.38","0","0.86","0","0.27","0","0","0","0.68","-130.4","0","-49.4","0","-4.7","0","20.1","0","-94.9","0","-151.6","0","117.9","0","0","-120.6","-175.4"
"1558522513450","05/22/19  10:55:13.450   ","11.68","-130.4","2.704","6","1.4","0.58","100","0","3.76","0","2.62","0","0.96","0","3.45","0","0.95","0","0.23","0","0","0","0.64","-130.4","0","-49.9","0","-3.6","0","23.3","0","-95.3","0","-151.4","0","0","0","0","-120.5","-169"
"1558522514429","05/22/19  10:55:14.429   ","11.7","-130.5","2.706","6","1.4","0.579","100","0","3.82","0","2.51","0","0.98","0","3.48","0","0.95","0","0.26","0","0","0","0.68","-130.4","0","-49.9","0","-4.2","0","23.1","0","-96.1","0","-146.6","0","129.4","0","0","-120.7","179.9"
"1558522515444","05/22/19  10:55:15.444   ","11.69","-130.4","2.705","6","1.4","0.579","100","0","3.75","0","2.57","0","0.97","0","3.42","0","0.96","0","0","0","0","0","0.68","-130.5","0","-49.8","0","-4.6","0","18.6","0","-95.1","0","-147.4","0","75.2","0","0","-120.5","173"
"1558522516433","05/22/19  10:55:16.433   ","11.56","-130.4","2.689","6.1","1.4","0.569","100","0.31","3.78","0","2.74","0","1.05","0","3.17","0","1.33","0","0","0","0","0","0.66","-130.4","-148.3","-49.2","0","-2.2","0","25.9","0","-99.5","0","-155.4","0","0","0","0","-120.6","-174.9"
"1558522517452","05/22/19  10:55:17.452   ","11.69","-130.4","2.701","6","1.4","0.578","100","0","3.81","0","2.48","0","1.02","0","3.5","0","0.94","0","0.3","0","0","0","0.75","-130.5","0","-50.6","0","-3.5","0","22.9","0","-96.7","0","-151.2","0","125.6","0","0","-120.6","-174.9"
"1558522518435","05/22/19  10:55:18.435   ","11.69","-130.5","2.703","6","1.4","0.576","100","0","3.76","0.21","2.53","0","1.05","0","3.51","0","0.97","0","0.33","0","0","0","0.62","-130.4","0","-49.2","-40.4","-3.3","0","29.2","0","-96.8","0","-147.7","0","105","0","0","-120.5","170.4"
"1558522519447","05/22/19  10:55:19.447   ","11.68","-130.4","2.705","6","1.4","0.58","100","0.24","3.75","0","2.58","0","1.02","0","3.51","0","0.95","0","0.24","0","0","0","0.58","-130.4","-160.3","-50.7","0","-2.8","0","22.9","0","-96.2","0","-148.6","0","107.4","0","0","-120.5","-177.6"
"1558522520417","05/22/19  10:55:20.417   ","11.68","-130.4","2.705","6","1.4","0.58","100","0.21","3.74","0","2.53","0","0.97","0","3.52","0","0.95","0","0.28","0","0","0","0.65","-130.5","-125.5","-49.7","0","-3.4","0","26.1","0","-97.7","0","-150.5","0","126.4","0","0","-120.7","-173.7"
"1558522521453","05/22/19  10:55:21.453   ","11.68","-130.5","2.702","6","1.4","0.578","100","0","3.8","0","2.5","0","0.98","0","3.47","0","0.96","0","0.31","0","0","0","0.61","-130.5","0","-50.2","0","-3.1","0","23.5","0","-96.5","0","-149.4","0","93.9","0","0","-120.5","173.3"
"1558522522427","05/22/19  10:55:22.427   ","11.69","-130.5","2.702","6","1.4","0.581","100","0","3.75","0","2.45","0","1.02","0","3.57","0","0.97","0","0.3","0","0","0","0.65","-130.5","0","-49.7","0","-4.5","0","25.7","0","-97.2","0","-150.3","0","118","0","0","-120.6","175.7"
"1558522523475","05/22/19  10:55:23.475   ","11.68","-130.5","2.706","6","1.4","0.578","100","0.26","3.78","0","2.43","0","1.02","0","3.5","0","0.98","0","0.29","0","0","0","0.69","-130.5","-165.4","-49.9","0","-5","0","24.7","0","-97.2","0","-152.2","0","123.4","0","0","-120.6","176.6"
"1558522524443","05/22/19  10:55:24.443   ","11.69","-130.4","2.705","6","1.4","0.579","100","0","3.76","0","2.49","0","1.01","0","3.48","0","0.92","0","0.29","0","0","0","0.67","-130.6","0","-48.4","0","-3.6","0","24.6","0","-98.5","0","-157","0","127.4","0","0","-120.7","-179.5"
"1558522525513","05/22/19  10:55:25.513   ","11.68","-130.6","2.699","6","1.4","0.576","100","0","3.8","0","2.41","0","1.01","0","3.56","0","0.95","0","0.33","0","0","0","0.68","-130.6","0","-50.5","0","-3.4","0","24","0","-98.5","0","-151.6","0","116.3","0","0","-120.6","171"
"1558522526435","05/22/19  10:55:26.435   ","11.67","-130.5","2.701","6","1.4","0.574","100","0.26","3.76","0","2.43","0","1.04","0","3.53","0","0.95","0","0.42","0","0","0","0.63","-130.6","-176.3","-49.8","0","-2","0","21.5","0","-97.2","0","-156.4","0","127.8","0","0","-120.6","-175.6"
"1558522527456","05/22/19  10:55:27.456   ","11.68","-130.5","2.703","5.9","1.4","0.575","100","0","3.85","0","2.43","0","0.94","0","3.46","0","0.89","0","0.36","0","0","0","0.69","-130.6","0","-50","0","-4.6","0","21.2","0","-98","0","-152.1","0","122.1","0","0","-120.7","178.4"
"1558522528428","05/22/19  10:55:28.428   ","11.68","-130.5","2.7","6","1.4","0.58","100","0","3.73","0","2.55","0","1.05","0","3.49","0","0.96","0","0.32","0","0","0","0.63","-130.5","0","-50.5","0","-1.7","0","21.9","0","-97.1","0","-151","0","94.3","0","0","-120.6","175.2"
"1558522529441","05/22/19  10:55:29.441   ","11.68","-130.6","2.699","6","1.4","0.581","100","0.2","3.79","0","2.5","0","0.96","0","3.41","0","1.07","0","0.31","0","0","0","0.57","-130.6","0","-49.7","0","-4.2","0","22.6","0","-98.6","0","-149.1","0","100.9","0","0","-120.7","174.3"
"1558522530395","05/22/19  10:55:30.395   ","11.68","-130.6","2.697","6","1.4","0.578","100","0","3.77","0","2.45","0","1","0","3.51","0","0.98","0","0.34","0","0","0","0.68","-130.5","0","-50.4","0","-2.7","0","22.2","0","-99.1","0","-147.6","0","117.9","0","0","-120.7","177.9"
"1558522531435","05/22/19  10:55:31.435   ","11.68","-130.5","2.701","6","1.4","0.58","100","0.21","3.82","0","2.44","0","0.91","0","3.36","0","0.85","0","0.38","0","0","0","0.69","-130.4","-114.8","-48.4","0","-4.1","0","27.4","0","-99","0","-151.6","0","139.6","0","0","-120.6","-172.9"
"1558522532432","05/22/19  10:55:32.432   ","11.64","-130.4","2.689","6","1.4","0.568","100","0","3.76","0","2.38","0","1","0","3.42","0","1.04","0","0.51","0","0","0","0.66","-130.6","0","-49.8","0","-0.8","0","23.4","0","-100.5","0","-153.9","0","113.5","0","0","-120.6","168.5"
"1558522533448","05/22/19  10:55:33.448   ","11.67","-130.5","2.697","6","1.4","0.578","100","0","3.72","0","2.47","0","1","0","3.52","0","1.03","0","0.27","0","0","0","0.66","-130.6","0","-49.7","0","-4.4","0","23.3","0","-98.5","0","-151.1","0","107.2","0","0","-120.7","174.5"
"1558522534430","05/22/19  10:55:34.430   ","11.68","-130.5","2.69","6","1.4","0.576","100","0.25","3.77","0","2.41","0","1.02","0","3.58","0","1","0","0.29","0","0","0","0.75","-130.6","-162.5","-50","0","-3.1","0","21.9","0","-98.7","0","-155.7","0","131.3","0","0","-120.6","-178.1"
"1558522535458","05/22/19  10:55:35.458   ","11.67","-130.5","2.697","5.9","1.4","0.575","100","0","3.78","0","2.42","0","0.99","0","3.43","0","0.98","0","0.33","0","0","0","0.59","-130.6","0","-49.7","0","-2.7","0","25","0","-98.4","0","-151.3","0","135.6","0","-138.1","-120.6","-177.7"
"1558522536429","05/22/19  10:55:36.429   ","11.67","-130.6","2.695","6","1.4","0.575","100","0","3.77","0","2.4","0","1.03","0","3.54","0","1.01","0","0.3","0","0","0","0.61","-130.6","0","-49.6","0","-3.1","0","24.2","0","-98.9","0","-154.2","0","117.3","0","0","-120.7","174.4"
"1558522537453","05/22/19  10:55:37.453   ","11.66","-130.4","2.694","6","1.4","0.576","100","0","3.75","0","2.4","0","1.05","0","3.59","0","0.93","0","0.42","0","0","0","0.59","-130.6","0","-49.6","0","-3.9","0","24.1","0","-99.2","0","-156","0","132.1","0","0","-120.7","176"
"1558522538421","05/22/19  10:55:38.421   ","11.66","-130.6","2.694","5.9","1.4","0.574","100","0.22","3.7","0","2.44","0","1.03","0","3.56","0","1","0","0.41","0","0","0","0.59","-130.5","-145.3","-49.3","0","-3.6","0","27.4","0","-99.2","0","-156","0","140.8","0","0","-120.6","-175.2"
"1558522539439","05/22/19  10:55:39.439   ","11.66","-130.5","2.692","6","1.4","0.574","100","0","3.76","0","2.39","0","1.05","0","3.48","0","0.95","0","0.36","0","0","0","0.71","-130.6","0","-50.2","0","-4.5","0","23.7","0","-98.5","0","-154.6","0","117.7","0","0","-120.6","178.9"
"1558522540399","05/22/19  10:55:40.399   ","11.65","-130.5","2.689","6","1.4","0.576","100","0.26","3.71","0","2.49","0.2","1.05","0","3.52","0","1.05","0","0.42","0","0.22","0","0.65","-130.5","176.5","-50.2","0","-2.4","70.8","25.3","0","-98.9","0","-151.4","0","125.9","0","-136","-120.8","179.2"
"1558522541445","05/22/19  10:55:41.445   ","11.66","-130.5","2.693","6","1.4","0.576","100","0.22","3.79","0","2.47","0","1","0","3.49","0","0.98","0","0.31","0","0","0","0.75","-130.5","172","-50","0","-3.3","0","22.4","0","-98.3","0","-148.5","0","124.4","0","0","-120.7","178.5"
"1558522542399","05/22/19  10:55:42.399   ","11.67","-130.5","2.696","6","1.4","0.578","100","0","3.73","0","2.5","0","1.02","0","3.47","0","1.04","0","0.31","0","0.2","0","0.7","-130.6","0","-50","0","-4.1","0","23.8","0","-98.9","0","-151.8","0","108.4","0","-160.5","-120.7","177"
"1558522543454","05/22/19  10:55:43.454   ","11.67","-130.5","2.699","6","1.4","0.58","100","0","3.75","0","2.46","0","1.06","0","3.43","0","1.03","0","0.38","0","0","0","0.65","-130.6","0","-51.1","0","-3.6","0","24.4","0","-100.4","0","-151","0","132.4","0","0","-120.7","178.2"
"1558522544393","05/22/19  10:55:44.393   ","11.68","-130.5","2.702","5.9","1.4","0.58","100","0","3.72","0","2.48","0","1.05","0","3.51","0","1.01","0","0.3","0","0","0","0.77","-130.5","0","-49.8","0","-3.1","0","21.8","0","-98.9","0","-152.1","0","138.8","0","0","-120.6","178.9"
"1558522545440","05/22/19  10:55:45.440   ","11.68","-130.5","2.7","6","1.4","0.577","100","0.22","3.78","0","2.44","0","1.02","0","3.5","0","0.93","0","0.42","0","0","0","0.74","-130.5","-157","-50.5","0","-3.1","0","23.4","0","-98.9","0","-150.8","0","130.6","0","0","-120.6","179.1"
"1558522546430","05/22/19  10:55:46.430   ","11.67","-130.5","2.7","6","1.4","0.581","100","0","3.71","0","2.45","0","1.08","0","3.52","0","1.02","0","0.42","0","0.2","0","0.61","-130.5","-106.3","-49.7","0","-3.5","0","26.9","0","-99.5","0","-153.4","0","143.6","0","0","-120.5","-177.2"
"1558522547445","05/22/19  10:55:47.445   ","11.68","-130.5","2.701","6","1.4","0.58","100","0","3.78","0","2.42","0","1.05","0","3.53","0","0.97","0","0.41","0","0","0","0.67","-130.6","0","-50.7","0","-4.6","0","23.4","0","-98.5","0","-150.9","0","125","0","0","-120.6","-175.7"
"1558522548434","05/22/19  10:55:48.434   ","11.68","-130.5","2.7","6","1.4","0.583","100","0","3.76","0","2.45","0","1.05","0","3.44","0","0.92","0","0.4","0","0","0","0.7","-130.6","0","-50.5","0","-4.8","0","22.8","0","-98.1","0","-147.3","0","123.5","0","0","-120.6","179.5"
"1558522549448","05/22/19  10:55:49.448   ","11.7","-130.5","2.708","6","1.4","0.583","100","0.2","3.77","0","2.54","0","1.01","0","3.5","0","1.06","0","0.35","0","0","0","0.74","-130.6","-126.8","-50.8","0","-3.9","0","22.7","0","-97.3","0","-152.1","0","122.6","0","0","-120.5","179.1"
"1558522550427","05/22/19  10:55:50.427   ","11.7","-130.6","2.711","6","1.4","0.583","100","0","3.8","0","2.46","0","0.96","0","3.45","0","0.95","0","0.32","0","0","0","0.7","-130.7","0","-50.7","0","-5.5","0","22.2","0","-98.3","0","-150.7","0","129.7","0","0","-120.7","175.6"
"1558522551469","05/22/19  10:55:51.469   ","11.7","-130.4","2.708","5.9","1.4","0.583","100","0","3.82","0","2.42","0","1.04","0","3.53","0","0.93","0","0.42","0","0","0","0.59","-130.5","0","-50.1","0","-3.1","0","26.4","0","-98.3","0","-155.4","0","142.9","0","0","-120.5","178.2"
"1558522552430","05/22/19  10:55:52.430   ","11.7","-130.4","2.709","6","1.4","0.585","100","0","3.75","0","2.53","0","1.04","0","3.52","0","0.99","0","0.31","0","0","0","0.71","-130.5","-176.9","-50.3","0","-4.5","0","28.4","0","-97.4","0","-149.5","0","126.3","0","0","-120.5","-176.9"
"1558522553499","05/22/19  10:55:53.499   ","11.71","-130.5","2.708","6","1.4","0.583","100","0","3.8","0","2.48","0","0.95","0","3.5","0","1.02","0","0.38","0","0","0","0.67","-130.6","0","-49.9","0","-5.6","0","25.4","0","-98.4","0","-147.4","0","134.1","0","0","-120.5","-178.7"
"1558522554382","05/22/19  10:55:54.382   ","11.7","-130.5","2.71","6","1.4","0.585","100","0.22","3.76","0","2.5","0","1.01","0","3.53","0","1.04","0","0.31","0","0","0","0.7","-130.5","0","-50.4","0","-4.7","0","26.1","0","-98.2","0","-148.9","0","134.5","0","0","-120.5","-178.2"
"1558522555526","05/22/19  10:55:55.526   ","11.71","-130.5","2.71","6","1.4","0.584","100","0","3.78","0","2.46","0","0.99","0","3.5","0","1","0","0.26","0","0.2","0","0.67","-130.5","0","-50.1","0","-4.2","0","25.8","0","-95.8","0","-144.8","0","114.6","0","-156","-120.5","-170.8"
"1558522556420","05/22/19  10:55:56.420   ","11.69","-130.6","2.706","6","1.4","0.585","100","0","3.78","0","2.48","0","0.97","0","3.56","0","1.06","0","0.24","0","0","0","0.71","-130.5","0","-50.4","0","-4.1","0","23.8","0","-96.6","0","-149.5","0","126.7","0","0","-120.5","176.2"
"1558522557571","05/22/19  10:55:57.571   ","11.7","-130.5","2.707","6","1.4","0.583","100","0.21","3.78","0","2.49","0","0.98","0","3.46","0","0.99","0","0.33","0","0.23","0","0.59","-130.5","0","-50","0","-2.4","0","28","0","-96.1","0","-149.8","0","130.5","0","0","-120.5","174.5"
"1558522558515","05/22/19  10:55:58.515   ","11.7","-130.5","2.709","6","1.4","0.585","100","0","3.78","0","2.48","0","0.97","0","3.51","0","0.97","0","0.37","0","0","0","0.59","-130.5","0","-50.7","0","-2.4","0","27.4","0","-97.1","0","-151.9","0","136.6","0","0","-120.5","-174.8"
"1558522559586","05/22/19  10:55:59.586   ","11.7","-130.4","2.712","6","1.4","0.587","100","0","3.75","0","2.45","0","1","0","3.53","0","1.02","0","0.45","0","0","0","0.75","-130.6","0","-49.8","0","-3.8","0","28.2","0","-97.1","0","-156.2","0","149.1","0","-139.1","-120.5","-175.4"
"1558522560545","05/22/19  10:56:00.545   ","11.71","-130.6","2.709","6","1.4","0.585","100","0","3.78","0","2.45","0","1.02","0","3.5","0","0.93","0","0.5","0","0","0","0.75","-130.4","0","-49.9","0","-3.6","0","24.8","0","-96.1","0","-151.5","0","122.1","0","0","-120.4","177.3"
"1558522561616","05/22/19  10:56:01.616   ","11.7","-130.5","2.704","6","1.4","0.585","100","0","3.76","0","2.43","0","0.98","0","3.48","0","1.04","0","0.35","0","0","0","0.69","-130.5","0","-50","0","-2.5","0","21.5","0","-97.2","0","-148.6","0","121","0","0","-120.4","-177"
"1558522562224","05/22/19  10:56:02.224   ","11.71","-130.5","2.711","6","1.4","0.586","100","0","3.74","0","2.45","0","0.98","0","3.46","0","1.01","0","0.4","0","0","0","0.66","-130.5","0","-49.9","0","-4.8","0","24.7","0","-96.8","0","-150.6","0","141.7","0","0","-120.4","-174.6"
"1558522563444","05/22/19  10:56:03.444   ","11.71","-130.5","2.71","6","1.4","0.586","100","0","3.77","0","2.51","0","1.01","0","3.43","0","0.97","0","0.49","0","0","0","0.73","-130.6","0","-50.1","0","-4.4","0","23.5","0","-96.1","0","-152.5","0","123.5","0","0","-120.5","176.1"
"1558522564395","05/22/19  10:56:04.395   ","11.7","-130.5","2.712","6","1.4","0.585","100","0.21","3.76","0","2.52","0","0.93","0","3.53","0","1.02","0","0.29","0","0","0","0.74","-130.5","-114.6","-50.1","0","-4.1","0","25.1","0","-97.5","0","-147.8","0","132.4","0","0","-120.5","178.3"
"1558522565435","05/22/19  10:56:05.435   ","11.71","-130.6","2.705","6","1.4","0.588","100","0","3.75","0","2.53","0","1","0","3.5","0","0.97","0","0.41","0","0.24","0","0.7","-130.5","0","-51","0","-4.3","0","27.9","0","-95.8","0","-151","0","116.9","0","0","-120.4","179.8"
"1558522566426","05/22/19  10:56:06.426   ","11.71","-130.4","2.71","6","1.4","0.589","100","0.21","3.75","0","2.49","0","1.04","0","3.53","0","0.96","0","0.54","0","0.26","0","0.58","-130.5","0","-49.7","0","-3.6","0","28.3","0","-97.3","0","-146.9","0","136","0","-135.3","-120.4","-177.8"
"1558522567441","05/22/19  10:56:07.441   ","11.7","-130.5","2.708","6","1.4","0.585","100","0","3.77","0","2.45","0","1.04","0","3.52","0","0.93","0","0.57","0","0.2","0","0.71","-130.5","0","-50.2","0","-3.4","0","26","0","-98.6","0","-147.9","0","140.2","0","-130.5","-120.5","-170.5"
"1558522568427","05/22/19  10:56:08.427   ","11.7","-130.5","2.709","6","1.4","0.588","100","0","3.74","0","2.48","0","1.02","0","3.51","0","1","0","0.43","0","0","0","0.73","-130.6","0","-50.3","0","-5","0","24.3","0","-97.8","0","-148.3","0","124","0","-148.7","-120.5","-177.4"
"1558522569450","05/22/19  10:56:09.450   ","11.71","-130.6","2.714","6","1.4","0.587","100","0","3.79","0","2.47","0","0.97","0","3.53","0","0.99","0","0.36","0","0","0","0.67","-130.5","0","-50.2","0","-3.7","0","19.8","0","-96","0","-144.9","0","105.6","0","0","-120.4","174.8"
"1558522570389","05/22/19  10:56:10.389   ","11.71","-130.5","2.713","6","1.4","0.589","100","0.28","3.74","0","2.49","0","1.02","0","3.55","0","0.99","0","0.38","0","0","0","0.7","-130.6","-164.6","-50.8","0","-3.8","0","23.6","-32.3","-98.2","0","-149.4","0","132","0","0","-120.4","-175.6"
"1558522571455","05/22/19  10:56:11.455   ","11.71","-130.4","2.718","6","1.4","0.591","100","0.28","3.84","0","2.47","0","0.99","0","3.41","0","0.96","0","0.52","0","0","0","0.64","-130.5","-132.7","-50.1","0","-3.8","0","25.4","0","-97.3","0","-148","0","118.3","0","0","-120.4","-179.5"
"1558522572398","05/22/19  10:56:12.398   ","11.71","-130.5","2.712","6","1.4","0.59","100","0","3.79","0","2.42","0","1.02","0","3.46","0","0.98","0","0.37","0","0","0","0.73","-130.5","0","-49.9","0","-4.5","0","24.2","0","-96.2","0","-149.2","0","117.3","0","0","-120.5","168.9"
"1558522573467","05/22/19  10:56:13.467   ","11.71","-130.6","2.713","5.9","1.4","0.591","100","0","3.73","0","2.44","0","1","0","3.49","0","0.97","0","0.54","0","0","0","0.66","-130.5","0","-50.2","0","-4.3","0","28.8","0","-98.3","0","-149.3","0","125.5","0","0","-120.5","177.8"
"1558522574447","05/22/19  10:56:14.447   ","11.71","-130.5","2.712","6","1.4","0.587","100","0","3.8","0","2.43","0","1.02","0","3.53","0","0.91","0","0.49","0","0","0","0.73","-130.5","0","-50","0","-2.7","0","28.9","0","-97.9","0","-149.4","0","132","0","-157.5","-120.4","178.1"
"1558522575484","05/22/19  10:56:15.484   ","11.71","-130.5","2.714","6","1.4","0.589","100","0","3.77","0","2.43","0","1","0","3.52","0","0.97","0","0.38","0","0","0","0.72","-130.6","0","-48.7","0","-3.3","0","26.6","0","-98.3","0","-150.3","0","132.5","0","-134.7","-120.5","-178.1"
"1558522576510","05/22/19  10:56:16.510   ","11.71","-130.5","2.715","6","1.4","0.586","100","0","3.78","0","2.4","0","1.08","0","3.55","0","0.87","0","0.47","0","0","0","0.67","-130.5","0","-50.6","0","-2.4","0","23.8","0","-97.8","0","-149.5","0","128.2","0","0","-120.4","-172.2"
"1558522577537","05/22/19  10:56:17.537   ","11.71","-130.4","2.711","6","1.4","0.589","100","0","3.74","0","2.48","0","1.06","0","3.48","0","0.98","0","0.35","0","0","0","0.82","-130.5","0","-49.8","0","-3.3","0","23.5","0","-97.5","0","-148.8","0","138.8","0","0","-120.4","-172.8"
"1558522578550","05/22/19  10:56:18.550   ","11.71","-130.5","2.713","6","1.4","0.589","100","0","3.78","0","2.47","0","1.02","0","3.46","0","0.92","0","0.44","0","0","0","0.7","-130.4","-140.8","-49.9","0","-2.1","0","24.5","0","-97.1","0","-149.5","0","124.2","0","0","-120.3","175.9"
"1558522579565","05/22/19  10:56:19.565   ","11.71","-130.4","2.711","6","1.4","0.589","100","0","3.75","0","2.5","0","1.04","0","3.45","0","0.97","0","0.48","0","0.23","0","0.67","-130.4","0","-49.7","0","-2.2","0","24.7","0","-97.4","0","-147.8","0","127.6","0","0","-120.3","177.7"
"1558522580543","05/22/19  10:56:20.543   ","11.71","-130.5","2.71","5.9","1.4","0.587","100","0","3.75","0","2.49","0","1.01","0","3.5","0","1.02","0","0.31","0","0","0","0.72","-130.4","0","-50","0","-1.6","0","25.8","0","-97.3","0","-149.3","0","135.3","0","-140.6","-120.3","179.9"
"1558522581613","05/22/19  10:56:21.613   ","11.71","-130.5","2.713","6","1.4","0.59","100","0","3.73","0","2.46","0","1.03","0","3.56","0","0.97","0","0.47","0","0","0","0.67","-130.5","0","-50.3","0","-2.2","0","29.5","0","-99.8","0","-150.5","0","143","0","-126.1","-120.4","-171.6"
"1558522582616","05/22/19  10:56:22.616   ","11.71","-130.5","2.714","6","1.4","0.588","100","0.23","3.77","0","2.47","0","1.1","0","3.48","0","0.95","0","0.51","0","0","0","0.75","-130.4","-152.1","-49.8","0","-1.7","0","25.5","0","-95.9","0","-151.5","0","129.1","0","-143.9","-120.4","179.2"
"1558522583626","05/22/19  10:56:23.626   ","11.71","-130.4","2.712","6","1.4","0.589","100","0","3.75","0","2.49","0","1.07","0","3.47","0","0.92","0","0.53","0","0.21","0","0.65","-130.4","0","-50.1","0","-2.3","0","22.4","0","-96.3","0","-149.8","0","119.6","0","-152.7","-120.3","-170.2"
"1558522584624","05/22/19  10:56:24.624   ","11.71","-130.5","2.713","6","1.4","0.59","100","0","3.73","0","2.45","0","1.06","0","3.48","0","0.96","0","0.49","0","0","0","0.74","-130.4","0","-48.9","0","-1.8","0","24.6","0","-97.5","0","-149.7","0","123.2","0","-148.2","-120.3","-177"
"1558522585672","05/22/19  10:56:25.672   ","11.6","-130.3","2.684","6","1.4","0.577","100","0","3.73","0","2.78","0","1.22","0.21","3.09","0","1.02","0","0.78","0","0.3","0","0.72","-130.4","0","-50.5","0","-1.4","0","21.7","149.9","-99.5","0","-162","0","137.5","0","-145.3","-120.4","-179"
"1558522586657","05/22/19  10:56:26.657   ","11.69","-130.5","2.699","6.1","1.4","0.582","100","0.36","3.7","0","2.56","0","1.18","0","3.59","0","0.93","0","0.36","0","0","0","0.7","-130.4","-114","-49.4","0","2.1","0","33.2","0","-101.4","0","-156","0","132.2","0","0","-120.4","-172"
"1558522587698","05/22/19  10:56:27.698   ","11.67","-130.4","2.698","6","1.4","0.58","100","0","3.79","0","2.39","0","1.02","0","3.5","0","0.93","0","0.71","0","0","0","0.88","-130.3","0","-49.6","0","0","0","27.7","0","-98.2","0","-161.7","0","146.3","0","0","-120.3","-176.5"
"1558522588754","05/22/19  10:56:28.754   ","11.68","-130.4","2.697","6","1.4","0.581","100","0","3.73","0","2.38","0","1.04","0","3.57","0","0.93","0","0.47","0","0","0","0.67","-130.4","0","-48.6","0","-2","0","26.6","0","-98.6","0","-152.2","0","137.5","0","0","-120.4","179.5"
"1558522589723","05/22/19  10:56:29.723   ","11.68","-130.4","2.693","6.1","1.4","0.58","100","0.31","3.72","0","2.4","0","1.07","0","3.57","0","0.98","0","0.48","0","0.2","0","0.54","-130.3","-158.1","-49.2","0","-0.4","0","23.2","0","-98.2","0","-150.4","0","127.5","0","0","-120.3","177.9"
"1558522590727","05/22/19  10:56:30.727   ","11.68","-130.4","2.699","6","1.4","0.579","100","0","3.73","0","2.42","0","1.02","0","3.56","0","1","0","0.42","0","0","0","0.74","-130.4","0","-49.1","0","0.1","0","22.4","0","-98.4","0","-148.9","0","123.6","0","0","-120.4","-176.9"
"1558522591464","05/22/19  10:56:31.464   ","11.68","-130.3","2.696","6","1.4","0.581","100","0","3.73","0","2.42","0","1.02","0","3.55","0","0.92","0","0.45","0","0","0","0.72","-130.4","0","-50","0","-0.9","0","22.4","0","-98.6","0","-147.6","0","122.6","0","0","-120.4","174.4"
"1558522592407","05/22/19  10:56:32.407   ","11.68","-130.4","2.694","6","1.4","0.576","100","0","3.81","0","2.4","0","0.91","0","3.48","0","0.94","0","0.46","0","0","0","0.78","-130.5","0","-49.5","0","-0.4","0","19.9","0","-100.1","0","-150.2","0","116.6","0","0","-120.4","171.9"
"1558522593437","05/22/19  10:56:33.437   ","11.66","-130.3","2.692","5.9","1.4","0.581","100","0","3.69","0","2.45","0","0.98","0","3.51","0","1.02","0","0.33","0","0","0","0.79","-130.5","-107.4","-49.6","0","-1","0","23.1","0","-99.7","0","-150.2","0","125.1","0","-145.9","-120.5","-172.2"
"1558522594415","05/22/19  10:56:34.415   ","11.67","-130.4","2.701","5.9","1.4","0.58","100","0","3.79","0","2.43","0","0.98","0","3.45","0","0.99","0","0.53","0","0","0","0.74","-130.4","0","-49","0","0.7","0","22.3","0","-98.3","0","-150.9","0","120.9","0","0","-120.4","-177.6"
"1558522595437","05/22/19  10:56:35.437   ","11.68","-130.4","2.697","5.9","1.4","0.583","100","0","3.73","0","2.41","0","1.09","0","3.48","0","0.98","0","0.54","0","0.24","0","0.68","-130.5","0","-50.2","0","-1.1","0","23.9","0","-100","0","-152","0","143.4","0","0","-120.5","-177.4"
"1558522596417","05/22/19  10:56:36.417   ","11.68","-130.5","2.695","5.9","1.4","0.579","100","0.35","3.74","0","2.43","0","1.06","0","3.53","0","0.97","0","0.51","0","0","0","0.7","-130.4","-134.2","-48.6","0","-1.9","0","26.4","0","-98.8","0","-156.4","0","134.3","0","0","-120.4","-170.6"
"1558522597438","05/22/19  10:56:37.438   ","11.67","-130.3","2.692","6","1.4","0.578","100","0","3.73","0","2.43","0","1.06","0","3.51","0","1.01","0","0.52","0","0.23","0","0.72","-130.4","0","-49.4","0","-0.6","0","27.4","0","-98","0","-151.9","0","135","0","0","-120.4","-167"
"1558522598421","05/22/19  10:56:38.421   ","11.68","-130.4","2.695","6","1.4","0.581","100","0","3.75","0","2.44","0","1.03","0","3.51","0","0.99","0","0.41","0","0","0","0.66","-130.4","0","-48.3","0","-1.5","0","25.6","0","-97.4","0","-154.1","0","125.2","0","0","-120.4","-177.5"
"1558522599441","05/22/19  10:56:39.441   ","11.71","-130.4","2.707","6","1.4","0.586","100","0.31","3.79","0","2.47","0","0.99","0","3.52","0","0.96","0","0.38","0","0","0","0.72","-130.4","-179.4","-49","0","-1.2","0","22.5","0","-96.9","0","-152.7","0","122.3","0","0","-120.3","175.1"
"1558522600396","05/22/19  10:56:40.396   ","11.71","-130.4","2.708","6","1.4","0.589","100","0","3.72","0","2.52","0","0.99","0","3.45","0","0.96","0","0.36","0","0","0","0.65","-130.5","-16.1","-49.6","0","-2.3","0","20.4","0","-96.6","0","-148","0","124","0","0","-120.3","172.1"
"1558522601462","05/22/19  10:56:41.462   ","11.7","-130.5","2.708","5.9","1.4","0.587","100","0","3.78","0","2.49","0","1.02","0","3.48","0","0.97","0","0.33","0","0","0","0.72","-130.5","0","-49.9","0","-1.8","0","20.7","0","-95.8","0","-150.2","0","119.5","0","0","-120.4","-176.8"
"1558522602425","05/22/19  10:56:42.425   ","11.7","-130.5","2.706","6","1.4","0.586","100","0.29","3.73","0","2.51","0","1","0","3.54","0","0.9","0","0.35","0","0","0","0.58","-130.6","166.2","-49.6","0","-2.2","0","22.8","0","-97.6","0","-150.9","0","125.3","0","0","-120.4","-175.2"
"1558522603449","05/22/19  10:56:43.449   ","11.71","-130.5","2.708","6","1.4","0.587","100","0","3.75","0","2.5","0","1.02","0","3.51","0","0.92","0","0.44","0","0","0","0.65","-130.5","0","-49.8","0","-2.9","0","25.9","0","-98.2","0","-152.5","0","139.9","0","0","-120.4","177.5"
"1558522604418","05/22/19  10:56:44.418   ","11.71","-130.5","2.712","6","1.4","0.59","100","0","3.75","0","2.5","0","1.02","0","3.5","0","0.98","0","0.48","0","0.22","0","0.7","-130.5","0","-50.6","0","-1.9","0","27.3","0","-98.1","0","-150.3","0","139.7","0","-139.2","-120.3","-175.6"
"1558522605471","05/22/19  10:56:45.471   ","11.71","-130.5","2.71","6","1.4","0.588","100","0","3.75","0","2.54","0","0.91","0","3.45","0","1.08","0","0.29","0","0.22","0","0.6","-130.4","0","-49.8","0","-1.3","0","24.3","0","-96.2","0","-148.6","0","123.8","0","0","-120.3","174.2"
"1558522606420","05/22/19  10:56:46.420   ","11.71","-130.6","2.71","6","1.4","0.591","100","0.23","3.79","0","2.55","0","0.95","0","3.47","0","1.06","0","0.28","0","0","0","0.74","-130.5","-167.5","-50.5","0","-0.1","0","23.8","0","-97.3","0","-148","0","117.6","0","0","-120.4","178.7"
"1558522607446","05/22/19  10:56:47.446   ","11.69","-130.5","2.704","6","1.4","0.589","100","0","3.7","0","2.54","0","1.01","0","3.45","0","1.05","0","0.32","0","0","0","0.65","-130.5","-135","-49.1","0","-1.8","0","24.7","0","-96.3","0","-151","0","113.8","0","0","-120.4","178.1"
"1558522608431","05/22/19  10:56:48.431   ","11.71","-130.6","2.711","6","1.4","0.589","100","0","3.77","0","2.58","0","0.94","0","3.46","0","1.05","0","0.33","0","0","0","0.76","-130.4","0","-49.8","0","-1.5","0","24.9","0","-95.5","0","-152.9","0","120.4","0","0","-120.4","-178.7"
"1558522609485","05/22/19  10:56:49.485   ","11.69","-130.4","2.7","5.9","1.4","0.584","100","0","3.7","0.2","2.51","0","1.04","0","3.54","0","0.96","0","0.45","0","0.22","0","0.65","-130.5","0","-49.6","-36.1","-2.9","0","25.9","0","-98.2","0","-153.7","0","138","0","-130.6","-120.4","-169.2"
"1558522610374","05/22/19  10:56:50.374   ","11.7","-130.5","2.706","6","1.4","0.585","100","0","3.75","0","2.48","0","1.03","0","3.49","0","0.96","0","0.47","0","0","0","0.72","-130.4","0","-49.5","0","-1.7","0","25.4","0","-96.6","0","-153.7","0","131.1","0","0","-120.3","-174"
"1558522611507","05/22/19  10:56:51.507   ","11.67","-130.3","2.689","6.1","1.4","0.581","100","0.2","3.7","0","2.78","0","1.14","0","3.48","0","1.15","0","0","0","0","0","0.75","-130.4","0","-49.3","0","2.3","0","29.4","-107.9","-102.1","0","-152.9","0","0","0","-158","-120.3","-167.7"
"1558522612428","05/22/19  10:56:52.428   ","11.66","-130.3","2.688","6","1.4","0.578","100","0","3.73","0","2.57","0","1.03","0","3.44","0","1.05","0","0.47","0","0","0","0.8","-130.3","0","-50","0","2.2","0","31.8","0","-98.9","0","-164.3","0","134.9","0","0","-120.4","-171.8"
"1558522613548","05/22/19  10:56:53.548   ","11.66","-130.4","2.689","5.9","1.4","0.581","100","0.21","3.72","0","2.54","0","0.98","0","3.46","0","1.05","0","0.39","0","0.22","0","0.54","-130.3","-175.2","-50","0","0.8","0","23.1","0","-97.6","0","-150.4","0","121.7","0","0","-120.3","-177.5"
"1558522614455","05/22/19  10:56:54.455   ","11.66","-130.3","2.69","5.9","1.4","0.577","100","0.27","3.73","0","2.51","0","1.06","0","3.49","0","1.05","0","0.31","0","0","0","0.78","-130.4","-142","-49.9","0","0.5","0","20","0","-97.8","0","-150.8","0","115.3","0","0","-120.3","-171.8"
"1558522615597","05/22/19  10:56:55.597   ","11.67","-130.4","2.691","6","1.4","0.582","100","0","3.69","0","2.42","0","1.07","0","3.58","0","1","0","0.41","0","0","0","0.59","-130.3","-122.9","-49.3","0","0","0","26.9","0","-98.1","0","-150.4","0","131.6","0","0","-120.3","169.9"
"1558522616545","05/22/19  10:56:56.545   ","11.68","-130.3","2.693","5.9","1.4","0.581","100","0","3.72","0","2.45","0","1.05","0","3.55","0","1","0","0.43","0","0","0","0.72","-130.4","0","-50.1","0","-0.5","0","25.9","0","-99","0","-150.5","0","133.4","0","0","-120.3","175.8"
"1558522617639","05/22/19  10:56:57.639   ","11.66","-130.5","2.691","6","1.4","0.582","100","0","3.73","0","2.45","0","1","0","3.52","0","0.96","0","0.47","0","0","0","0.7","-130.5","0","-50.1","0","-2.4","0","21.1","0","-98.4","0","-149.7","0","124","0","0","-120.5","-175.6"
"1558522618197","05/22/19  10:56:58.197   ","11.65","-130.4","2.691","5.9","1.4","0.579","100","0","3.73","0","2.49","0","1.05","0","3.45","0","0.94","0","0.45","0","0","0","0.68","-130.4","0","-50","0","-1.8","0","21","0","-98.7","0","-153.2","0","128.3","0","0","-120.4","-179.3"
"1558522619467","05/22/19  10:56:59.467   ","11.66","-130.4","2.69","6","1.4","0.575","100","0.21","3.71","0","2.37","0","1.08","0.22","3.55","0","1.03","0","0.44","0","0","0","0.85","-130.5","0","-50.1","0","-1.6","0","21.7","-39.2","-99.3","0","-154","0","127.3","0","-141.4","-120.4","-175.7"
"1558522620430","05/22/19  10:57:00.430   ","11.65","-130.4","2.689","6","1.4","0.578","100","0.22","3.72","0","2.38","0","1.05","0","3.52","0","1","0","0.45","0","0.22","0","0.65","-130.5","0","-49.8","0","-2.2","0","23","0","-100","0","-152.3","0","122","0","-139.8","-120.5","167.1"
"1558522621448","05/22/19  10:57:01.448   ","11.65","-130.4","2.688","5.9","1.4","0.582","100","0.24","3.72","0","2.42","0","1.11","0","3.48","0","0.97","0","0.52","0","0","0","0.75","-130.6","-145.7","-49.6","0","-2.4","0","22.1","0","-99.3","0","-147.7","0","127","0","0","-120.5","176.1"
"1558522622405","05/22/19  10:57:02.405   ","11.67","-130.5","2.698","6","1.4","0.584","100","0","3.76","0","2.4","0","1.09","0","3.5","0","0.98","0","0.42","0","0","0","0.79","-130.5","0","-49.6","0","-1.5","0","21.6","0","-98.4","0","-154.2","0","133.4","0","-135.1","-120.5","178.9"
"1558522623449","05/22/19  10:57:03.449   ","11.67","-130.5","2.698","6","1.4","0.582","100","0","3.76","0","2.41","0","1.05","0","3.45","0","0.99","0","0.51","0","0","0","0.74","-130.5","0","-49.7","0","-2.1","0","25.7","0","-100.3","0","-155.8","0","132.6","0","0","-120.5","-179.9"
"1558522624433","05/22/19  10:57:04.433   ","11.68","-130.5","2.698","6.1","1.4","0.585","100","0","3.73","0","2.34","0","1.09","0","3.55","0","0.9","0","0.71","0","0","0","0.76","-130.6","0","-49.8","0","-2.4","0","25.2","0","-101.8","0","-153.7","0","137.4","0","0","-120.6","178.7"
"1558522625450","05/22/19  10:57:05.450   ","11.68","-130.5","2.697","5.9","1.4","0.584","100","0.22","3.77","0","2.39","0","1.11","0","3.42","0","0.91","0","0.65","0","0.22","0","0.67","-130.6","-143.4","-50.4","0","-0.4","0","17.7","0","-99.7","0","-156.2","0","127.8","0","0","-120.5","176.9"
"1558522626394","05/22/19  10:57:06.394   ","11.69","-130.5","2.702","6","1.4","0.588","100","0","3.75","0","2.42","0","1.12","0","3.5","0","0.91","0","0.6","0","0","0","0.7","-130.6","0","-50.2","0","-1.3","0","21.9","0","-99.9","0","-153.1","0","133","0","0","-120.4","-178.6"
"1558522627459","05/22/19  10:57:07.459   ","11.69","-130.7","2.712","5.9","1.4","0.594","100","0","3.73","0","2.4","0","1.08","0","3.54","0","0.96","0","0.57","0","0","0","0.88","-130.6","0","-49.2","0","-2","0","26.3","0","-101.6","0","-152.5","0","131.8","0","-124.4","-120.5","-179.6"
"1558522628429","05/22/19  10:57:08.429   ","11.71","-130.5","2.714","6","1.4","0.59","100","0.26","3.79","0","2.42","0","1.11","0","3.53","0","0.9","0","0.73","0","0.23","0","0.79","-130.6","-157.7","-50.2","0","-1.5","0","26.4","0","-99.4","0","-152.5","0","134.4","0","0","-120.4","171.9"
"1558522629449","05/22/19  10:57:09.449   ","11.71","-130.6","2.71","6","1.4","0.592","100","0","3.72","0","2.4","0","1.08","0","3.49","0","0.95","0","0.68","0","0.23","0","0.8","-130.6","0","-49.8","0","-2.3","0","26.9","0","-101","0","-153.5","0","135.5","0","-121.6","-120.5","-177.1"
"1558522630448","05/22/19  10:57:10.448   ","11.71","-130.5","2.712","6","1.4","0.587","100","0","3.81","0","2.47","0","1.04","0","3.4","0","0.95","0","0.72","0","0.29","0","0.55","-130.6","0","-49.7","0","-1.7","0","22.9","0","-98.8","0","-149.2","0","120.3","0","-135.1","-120.4","-177.9"
"1558522631466","05/22/19  10:57:11.466   ","11.71","-130.6","2.708","6","1.4","0.587","100","0.25","3.79","0","2.39","0","1.08","0","3.53","0","0.94","0","0.72","0","0.24","0","0.78","-130.6","0","-49.8","0","-1.8","0","25.7","0","-100.8","0","-156.8","0","138.1","0","-134","-120.5","-176.6"
"1558522632483","05/22/19  10:57:12.483   ","11.71","-130.6","2.709","6.1","1.4","0.586","100","0","3.81","0","2.35","0","1.14","0","3.52","0","0.9","0","0.79","0","0.22","0","0.87","-130.6","0","-49.3","0","-2.5","0","25.8","0","-100.2","0","-154.5","0","132.1","0","0","-120.5","172.4"
"1558522633529","05/22/19  10:57:13.529   ","11.71","-130.5","2.713","6.1","1.4","0.587","100","0","3.77","0","2.4","0","1.13","0","3.49","0","0.98","0","0.68","0","0.25","0","0.85","-130.6","0","-49.7","0","-1.3","0","22.7","0","-100","0","-156.8","0","130.6","0","-130.2","-120.5","-175.6"
"1558522634510","05/22/19  10:57:14.510   ","11.71","-130.6","2.712","6","1.4","0.588","100","0","3.79","0","2.43","0","1.15","0","3.48","0","0.88","0","0.78","0","0.2","0","0.78","-130.6","0","-49.9","0","-1.1","0","25.3","0","-99.8","0","-154.8","0","133.9","0","-120.6","-120.4","173.1"
"1558522635558","05/22/19  10:57:15.558   ","11.71","-130.6","2.712","6.1","1.4","0.59","100","0","3.8","0","2.42","0","1.12","0","3.49","0","0.85","0","0.95","0","0.31","0","0.76","-130.7","0","-50.1","0","-1.5","0","27.3","0","-101.2","0","-154.8","0","134","0","-122.8","-120.5","-172"
"1558522636572","05/22/19  10:57:16.572   ","11.71","-130.6","2.711","6","1.4","0.588","100","0.27","3.81","0","2.47","0","1.05","0","3.45","0","0.92","0","0.67","0","0.25","0","0.68","-130.5","-168.3","-49.4","0","-0.6","0","22.8","0","-99.4","0","-152","0","127.7","0","0","-120.4","168.7"
"1558522637583","05/22/19  10:57:17.583   ","11.71","-130.6","2.709","6","1.4","0.589","100","0","3.75","0","2.42","0","1.16","0","3.46","0","0.91","0","0.91","0","0.31","0","0.83","-130.5","0","-50.2","0","-1.4","0","25.4","0","-100","0","-150.9","0","132","0","-119.7","-120.4","-177"
"1558522638581","05/22/19  10:57:18.581   ","11.71","-130.5","2.707","6","1.4","0.588","100","0","3.73","0","2.42","0","1.13","0","3.46","0","0.94","0","0.69","0","0.21","0","0.81","-130.5","0","-49.4","0","-2.4","0","22.7","0","-98.4","0","-150.7","0","128.1","0","-133.3","-120.4","176.9"
"1558522639630","05/22/19  10:57:19.630   ","11.71","-130.5","2.705","6","1.4","0.589","100","0.24","3.73","0","2.48","0","1.11","0","3.41","0","1.03","0","0.73","0","0.23","0","0.66","-130.6","166.9","-50.1","0","-0.8","0","26.5","0","-99.9","0","-156.7","0","131.2","0","-127.4","-120.4","-172.7"
"1558522640628","05/22/19  10:57:20.628   ","11.71","-130.6","2.705","6","1.4","0.587","100","0","3.75","0","2.43","0","1.12","0","3.43","0","0.93","0","0.71","0","0.23","0","0.79","-130.5","0","-49.4","0","-0.8","0","27","0","-99.1","0","-153.4","0","130.7","0","-129","-120.4","-177.6"
"1558522641659","05/22/19  10:57:21.659   ","11.7","-130.6","2.705","6","1.4","0.588","100","0","3.74","0","2.45","0","1.13","0","3.52","0","0.92","0","0.68","0","0.27","0","0.78","-130.6","0","-49.3","0","-1","0","24.9","0","-100.6","0","-153.3","0","121.4","0","0","-120.4","179"
"1558522642673","05/22/19  10:57:22.673   ","11.71","-130.6","2.708","6","1.4","0.575","100","0","3.84","0","2.44","0","1.04","0","3.34","0","1","0","0.68","0","0.24","0","0.69","-130.6","0","-49","0","-2.5","0","21.7","0","-101.4","0","-155","0","129.3","0","-132","-120.5","174.2"
"1558522643707","05/22/19  10:57:23.707   ","11.67","-130.5","2.693","6","1.4","0.583","100","0.22","3.73","0","2.46","0","1.14","0","3.48","0","0.91","0","0.86","0","0.27","0","0.78","-130.5","-170.3","-50.1","0","-0.5","0","28.2","0","-101.3","0","-157.1","0","132.2","0","0","-120.4","-174.1"
"1558522644729","05/22/19  10:57:24.729   ","11.69","-130.5","2.702","6","1.4","0.586","100","0.28","3.7","0","2.43","0","1.14","0","3.53","0","0.97","0","0.71","0","0.21","0","0.74","-130.5","-124.5","-49.8","0","-0.8","0","25.9","0","-99.1","0","-155.8","0","133.3","0","-131","-120.3","174.4"
"1558522645744","05/22/19  10:57:25.744   ","11.62","-130.5","2.702","6","1.4","0.583","100","0","3.71","0","2.45","0","1.08","0","3.46","0","0.97","0","0.54","0","0","0","0.77","-130.5","0","-49.7","0","-0.4","0","22.7","0","-99.7","0","-152.9","0","123.5","0","0","-120.4","-171.8"
"1558522646732","05/22/19  10:57:26.732   ","11.68","-130.5","2.7","6","1.4","0.583","100","0","3.71","0","2.39","0","1.16","0","3.56","0","0.99","0","0.7","0","0.22","0","0.79","-130.5","-177.3","-49.1","0","-0.8","0","25.1","0","-100.4","0","-154.3","0","133","0","-132.7","-120.4","-177.4"
"1558522647466","05/22/19  10:57:27.466   ","11.69","-130.5","2.699","6","1.4","0.584","100","0.22","3.71","0","2.4","0","1.09","0","3.47","0","1","0","0.69","0","0.2","0","0.71","-130.5","-131.7","-49.5","0","-1.9","0","25.5","0","-100.8","0","-156.3","0","131","0","-137","-120.4","175.2"
"1558522648426","05/22/19  10:57:28.426   ","11.69","-130.5","2.7","5.9","1.4","0.583","100","0","3.76","0","2.45","0","1.08","0","3.44","0","0.98","0","0.64","0","0.22","0","0.68","-130.6","0","-50.3","0","-0.6","0","21.7","0","-101.1","0","-155.3","0","125.9","0","-139.1","-120.6","173"
"1558522649472","05/22/19  10:57:29.472   ","11.69","-130.5","2.699","6","1.4","0.587","100","0","3.73","0","2.45","0","1.09","0","3.41","0","1","0","0.67","0","0.26","0","0.59","-130.6","0","-49.7","0","-0.5","0","27","0","-102.3","0","-153.6","0","130.8","0","-131.6","-120.5","174.2"
"1558522650435","05/22/19  10:57:30.435   ","11.67","-130.5","2.7","6","1.4","0.585","100","0","3.75","0","2.4","0","1.09","0","3.46","0","0.95","0","0.66","0","0.23","0","0.75","-130.6","0","-49.9","0","-0.6","0","24.1","0","-102.4","0","-155.5","0","132.9","0","-124.2","-120.6","-172"
"1558522651454","05/22/19  10:57:31.454   ","11.67","-130.6","2.698","6","1.4","0.586","100","0","3.71","0","2.42","0","1.06","0","3.5","0","1.09","0","0.51","0","0.22","0","0.7","-130.7","0","-50.7","0","-1.3","0","24.1","0","-101","0","-151.5","0","118.6","0","-151.6","-120.6","177.7"
"1558522652426","05/22/19  10:57:32.426   ","11.69","-130.5","2.704","6","1.4","0.583","100","0.21","3.77","0","2.48","0","1.1","0","3.45","0","0.99","0","0.58","0","0.28","0","0.68","-130.4","35","-50.1","0","-0.3","0","24.1","0","-99","0","-153.2","0","129","0","0","-120.4","172.3"
"1558522653445","05/22/19  10:57:33.445   ","11.69","-130.4","2.706","6","1.4","0.583","100","0","3.75","0","2.4","0","1.11","0","3.48","0","0.91","0","0.68","0","0.22","0","0.71","-130.5","0","-49.9","0","-2.5","0","25.3","0","-100.9","0","-153","0","134.5","0","-114.1","-120.4","-176.8"
"1558522654432","05/22/19  10:57:34.432   ","11.69","-130.6","2.701","6","1.4","0.583","100","0.22","3.76","0","2.31","0","1.11","0","3.48","0","0.92","0","0.62","0","0","0","0.88","-130.5","-158.3","-49.5","0","0.2","0","23","0","-101.2","0","-154.7","0","139.3","0","0","-120.4","-179.9"
"1558522655478","05/22/19  10:57:35.478   ","11.69","-130.4","2.7","6","1.4","0.583","100","0","3.73","0","2.42","0","1.14","0","3.44","0","0.91","0","0.57","0","0","0","0.76","-130.5","0","-50.3","0","-0.9","0","18.8","0","-98.5","0","-153.5","0","124.6","0","0","-120.4","177.6"
"1558522656440","05/22/19  10:57:36.440   ","11.69","-130.4","2.702","6","1.4","0.584","100","0","3.72","0","2.37","0","1.09","0","3.48","0","1.05","0","0.64","0","0.22","0","0.63","-130.5","0","-49.4","0","-1.4","0","28.3","0","-101.6","0","-155.7","0","137.2","0","0","-120.5","170.5"
"1558522657455","05/22/19  10:57:37.455   ","11.69","-130.5","2.697","6","1.4","0.583","100","0","3.73","0","2.36","0","1.12","0","3.45","0","0.89","0","0.77","0","0.24","0","0.63","-130.6","0","-49.9","0","-0.9","0","27","0","-100.9","0","-154.8","0","133.2","0","-128.7","-120.4","170"
"1558522658425","05/22/19  10:57:38.425   ","11.68","-130.5","2.696","5.9","1.4","0.585","100","0","3.7","0","2.42","0","1.13","0","3.42","0","1.09","0","0.5","0","0.2","0","0.57","-130.4","0","-48.8","0","-0.6","0","22.8","0","-98.4","0","-150.6","0","131.4","0","0","-120.4","-179"
"1558522659437","05/22/19  10:57:39.437   ","11.68","-130.6","2.7","6","1.4","0.582","100","0","3.71","0","2.4","0","1.09","0","3.54","0","0.98","0","0.49","0","0","0","0.86","-130.6","0","-49.8","0","-1.3","0","25","0","-100.4","0","-155.1","0","127.4","0","0","-120.5","171.5"
"1558522660423","05/22/19  10:57:40.423   ","11.69","-130.5","2.701","6","1.4","0.585","100","0.27","3.7","0","2.42","0","1.09","0","3.48","0","0.95","0","0.56","0","0","0","0.68","-130.6","167.4","-49.8","0","-1.6","0","24","0","-101.7","0","-151.5","0","134.7","0","0","-120.6","175.3"
"1558522661441","05/22/19  10:57:41.441   ","11.71","-130.6","2.712","6","1.4","0.59","100","0","3.78","0","2.42","0","1.08","0","3.4","0","0.96","0","0.6","0","0.21","0","0.67","-130.6","0","-50","0","-2.1","0","22.3","0","-99.3","0","-153.2","0","118.1","0","-159.1","-120.4","176.9"
"1558522662428","05/22/19  10:57:42.428   ","11.7","-130.5","2.712","5.9","1.4","0.59","100","0","3.73","0","2.49","0","1.07","0","3.41","0","1.07","0","0.4","0","0","0","0.7","-130.6","0","-50.1","0","-1.5","0","20.1","0","-99.5","0","-151.9","0","126.5","0","0","-120.4","-178.1"
"1558522663443","05/22/19  10:57:43.443   ","11.7","-130.6","2.712","6","1.4","0.587","100","0","3.73","0","2.42","0","1.06","0","3.57","0","0.92","0","0.59","0","0","0","0.78","-130.5","0","-50.3","0","-1.2","0","25.6","0","-101.6","0","-151.3","0","136.5","0","0","-120.4","174.7"
"1558522664423","05/22/19  10:57:44.423   ","11.7","-130.6","2.708","5.9","1.4","0.589","100","0.2","3.72","0","2.42","0","1.06","0","3.48","0","0.92","0","0.61","0","0","0","0.53","-130.6","0","-50.1","0","-1.5","0","23.6","0","-100.2","0","-151.5","0","127.4","0","0","-120.6","172"
"1558522665440","05/22/19  10:57:45.440   ","11.7","-130.6","2.707","5.9","1.4","0.584","100","0.31","3.74","0","2.43","0","1.07","0","3.46","0","0.91","0","0.52","0","0","0","0.61","-130.5","-130.4","-49","0","-1.6","0","22.3","0","-100.4","0","-151.2","0","137.5","0","0","-120.5","178.9"
"1558522666420","05/22/19  10:57:46.420   ","11.71","-130.5","2.714","6","1.4","0.589","100","0","3.82","0","2.42","0","1.18","0","3.65","0","0.87","0","0.3","0","0","0","0.58","-130.6","0","-50.1","0","-0.1","0","21.5","0","-100.6","0","-160.2","0","141.7","0","0","-120.5","179.5"
"1558522667445","05/22/19  10:57:47.445   ","11.71","-130.6","2.712","6","1.4","0.586","100","0","3.73","0","2.41","0","1.09","0","3.54","0","0.99","0","0.5","0","0","0","0.85","-130.5","0","-49.7","0","-0.9","0","26.1","0","-100.8","0","-152.6","0","142.8","0","0","-120.4","-171.5"
"1558522668413","05/22/19  10:57:48.413   ","11.71","-130.5","2.711","6","1.4","0.586","100","0.22","3.76","0","2.47","0","1.06","0","3.54","0","1.07","0","0.39","0","0","0","0.66","-130.5","0","-49.7","0","-0.4","0","20.7","0","-99.3","0","-150.4","0","131.3","0","-120.5","-120.4","-169.3"
"1558522669453","05/22/19  10:57:49.453   ","11.71","-130.4","2.712","6","1.4","0.587","100","0","3.75","0","2.47","0","1.03","0","3.55","0","1.01","0","0.41","0","0","0","0.63","-130.5","0","-49.6","0","-0.9","0","25.9","0","-98.9","0","-147.6","0","133.9","0","0","-120.5","175.7"
"1558522670487","05/22/19  10:57:50.487   ","11.71","-130.5","2.715","6","1.4","0.59","100","0","3.83","0","2.45","0","0.97","0","3.48","0","0.86","0","0.52","0","0.27","0","0.65","-130.4","0","-48.4","0","-1.3","0","22.6","0","-99.4","0","-155.7","0","143.1","0","-121.1","-120.4","-175.1"
"1558522671578","05/22/19  10:57:51.578   ","11.71","-130.5","2.711","6","1.4","0.591","100","0","3.77","0","2.54","0","1.01","0","3.44","0","1.04","0","0.42","0","0","0","0.74","-130.5","0","-49","0","0.1","0","20.7","0","-99.9","0","-152.5","0","129.2","0","0","-120.3","177"
"1558522672522","05/22/19  10:57:52.522   ","11.71","-130.5","2.708","6","1.4","0.59","100","0","3.75","0","2.48","0","1.06","0","3.52","0","0.97","0","0.46","0","0","0","0.8","-130.5","0","-50.2","0","-0.4","0","23.1","0","-99.2","0","-153.5","0","131.8","0","0","-120.4","-173.9"
"1558522673622","05/22/19  10:57:53.622   ","11.71","-130.6","2.71","5.9","1.4","0.593","100","0","3.8","0","2.51","0","0.92","0","3.41","0","0.91","0","0.43","0","0","0","0.77","-130.6","0","-49.5","0","-2.3","0","19.4","0","-99.7","0","-153.6","0","144.8","0","0","-120.6","179"
"1558522674557","05/22/19  10:57:54.557   ","11.71","-130.5","2.713","6","1.4","0.589","100","0","3.74","0","2.51","0","1.05","0","3.43","0","1.07","0","0.35","0","0","0","0.67","-130.4","0","-49.8","0","1.1","0","19.1","0","-98.2","0","-151.3","0","114.4","0","0","-120.4","177.8"
"1558522675454","05/22/19  10:57:55.454   ","11.71","-130.5","2.712","5.9","1.4","0.588","100","0","3.75","0.22","2.51","0","1.04","0","3.47","0","1.06","0","0.28","0","0","0","0.82","-130.5","0","-50.5","-36.8","-0.2","0","21.9","0","-97.4","0","-150","0","110","0","0","-120.3","173.8"
"1558522676425","05/22/19  10:57:56.425   ","11.69","-130.6","2.715","5.9","1.4","0.593","100","0","3.73","0","2.5","0","1.06","0","3.53","0","1.01","0","0.35","0","0","0","0.72","-130.6","-118","-49.8","0","-1.1","0","20.8","0","-100.5","0","-155.5","0","136.5","0","0","-120.4","175.6"
"1558522677471","05/22/19  10:57:57.471   ","11.71","-130.6","2.715","6","1.4","0.59","100","0","3.79","0","2.47","0","1.01","0","3.43","0","0.97","0","0.37","0","0","0","0.57","-130.5","0","-50.3","0","-1.6","0","22.1","0","-98.5","0","-152","0","107.7","0","0","-120.5","-179.6"
"1558522678435","05/22/19  10:57:58.435   ","11.71","-130.6","2.716","6","1.4","0.592","100","0","3.74","0","2.46","0","1.01","0","3.4","0","1.06","0","0.38","0","0","0","0.67","-130.5","0","-49.7","0","-0.3","0","18.1","0","-99","0","-153","0","126.2","0","0","-120.4","-177.4"
"1558522679443","05/22/19  10:57:59.443   ","11.71","-130.6","2.715","6","1.4","0.588","100","0.2","3.77","0","2.44","0","1.01","0","3.45","0","0.97","0","0.41","0","0","0","0.7","-130.5","-159.2","-49.6","0","-1.2","0","20","0","-100.1","0","-156.7","0","136.1","0","0","-120.4","-178"
"1558522680435","05/22/19  10:58:00.435   ","11.71","-130.5","2.711","6","1.4","0.59","100","0","3.76","0","2.47","0","1.05","0","3.46","0","0.96","0","0.36","0","0","0","0.74","-130.6","0","-49.5","0","-1","0","17.6","0","-99.4","0","-154.2","0","0","0","0","-120.5","174.2"
"1558522681446","05/22/19  10:58:01.446   ","11.71","-130.6","2.71","6","1.4","0.586","100","0","3.75","0","2.53","0","1.04","0","3.39","0","1.04","0","0.33","0","0","0","0.73","-130.6","0","-49.9","0","0.2","0","18.8","0","-98.8","0","-152.7","0","120.2","0","0","-120.5","-177.4"
"1558522682431","05/22/19  10:58:02.431   ","11.71","-130.5","2.714","6","1.4","0.591","100","0.26","3.75","0","2.49","0","1.04","0","3.46","0","1.08","0","0","0","0","0","0.7","-130.6","-164.8","-50.3","0","-1.3","0","19.5","0","-98","0","-156","0","0","0","0","-120.5","177.7"
"1558522683452","05/22/19  10:58:03.452   ","11.71","-130.7","2.707","5.9","1.4","0.587","100","0.24","3.75","0","2.48","0","1.03","0","3.47","0","1.08","0","0.28","0","0","0","0.69","-130.6","-127.4","-50.2","0","-0.9","0","20.6","0","-99.2","0","-157.3","0","114.5","0","0","-120.5","172.4"
"1558522684424","05/22/19  10:58:04.424   ","11.71","-130.5","2.709","6","1.4","0.589","100","0","3.79","0","2.52","0","0.98","0","3.51","0","1.04","0","0.24","0","0","0","0.72","-130.6","0","-50.1","0","-0.4","0","19.6","0","-98.2","0","-155.5","0","104.4","0","0","-120.4","179.1"
"1558522685469","05/22/19  10:58:05.469   ","11.71","-130.6","2.711","6","1.4","0.588","100","0","3.77","0","2.54","0","0.99","0","3.48","0","1.05","0","0.22","0","0","0","0.74","-130.6","0","-49.4","0","-0.4","0","23.1","0","-98.2","0","-157.7","0","118.2","0","0","-120.4","175.6"
"1558522686440","05/22/19  10:58:06.440   ","11.72","-130.5","2.71","6","1.4","0.59","100","0","3.82","0","2.46","0","1","0","3.48","0","1.01","0","0.34","0","0","0","0.65","-130.6","0","-50.4","0","1.1","0","22.2","0","-98.9","0","-158.9","0","141","0","0","-120.4","-177.9"
"1558522687511","05/22/19  10:58:07.511   ","11.71","-130.6","2.705","6","1.4","0.59","100","0.22","3.8","0","2.52","0","0.99","0","3.43","0","1.05","0","0.22","0","0","0","0.7","-130.6","-131.1","-49.3","0","0.2","0","14.9","0","-96.5","0","-153.7","0","102.8","0","0","-120.4","172.7"
"1558522688490","05/22/19  10:58:08.490   ","11.71","-130.6","2.708","6","1.4","0.587","100","0","3.73","0","2.55","0","1.04","0","3.39","0","0.97","0","0.3","0","0","0","0.64","-130.6","0","-49.4","0","-1.5","0","18.2","0","-98.6","0","-155.8","0","104.3","0","0","-120.5","168"
"1558522689534","05/22/19  10:58:09.534   ","11.71","-130.6","2.705","6","1.4","0.59","100","0","3.71","0","2.52","0","1.04","0","3.5","0","1.01","0","0.33","0","0","0","0.67","-130.6","0","-49","0","-0.9","0","23","0","-100.1","0","-154.6","0","133.3","0","0","-120.4","179.8"
"1558522690511","05/22/19  10:58:10.511   ","11.71","-130.6","2.706","5.9","1.4","0.587","100","0","3.79","0","2.55","0","0.99","0","3.43","0","1","0","0.3","0","0","0","0.67","-130.6","0","-50.1","0","0.1","0","18.5","0","-99","0","-147.5","0","121.8","0","0","-120.5","-174.5"
"1558522691564","05/22/19  10:58:11.564   ","11.71","-130.6","2.702","6","1.4","0.588","100","0","3.75","0","2.51","0","1.05","0","3.59","0","0.99","0","0.21","0","0","0","0.68","-130.7","0","-49.3","0","-0.9","0","18.7","0","-99.3","0","-151.5","0","124.3","0","0","-120.5","175"
"1558522692554","05/22/19  10:58:12.554   ","11.7","-130.7","2.708","6","1.4","0.588","100","0","3.77","0","2.47","0","1.06","0","3.57","0","0.99","0","0.31","0","0","0","0.74","-130.7","0","-50.5","0","-0.3","0","19.5","0","-100.1","0","-151.7","0","127","0","0","-120.5","178.1"
"1558522693607","05/22/19  10:58:13.607   ","11.71","-130.6","2.704","6","1.4","0.589","100","0.22","3.72","0","2.47","0","1.01","0","3.56","0","0.95","0","0.34","0","0","0","0.63","-130.7","0","-49.8","0","-0.4","0","17.1","0","-98.7","0","-158.2","0","141.6","0","0","-120.6","-173"
"1558522694579","05/22/19  10:58:14.579   ","11.71","-130.6","2.712","5.9","1.4","0.589","100","0.26","3.79","0","2.5","0","1.03","0","3.38","0","1.02","0","0.31","0","0","0","0.68","-130.6","-154.9","-49.6","0","-0.5","0","18.8","0","-97.8","0","-152.5","0","103.3","0","0","-120.5","-177.3"
"1558522695629","05/22/19  10:58:15.629   ","11.7","-130.6","2.704","6","1.4","0.588","100","0","3.74","0","2.49","0","1.04","0","3.45","0","1.01","0","0.33","0","0","0","0.67","-130.6","0","-49.5","0","-1","0","25.1","0","-96.7","0","-150.6","0","118.1","0","0","-120.4","173.8"
"1558522696611","05/22/19  10:58:16.611   ","11.71","-130.7","2.707","6","1.4","0.592","100","0","3.76","0","2.43","0","1.04","0","3.57","0","1.03","0","0.29","0","0","0","0.74","-130.6","0","-50.4","0","-0.1","0","15.6","0","-98.3","0","-155.5","0","103.2","0","0","-120.5","179.5"
"1558522697657","05/22/19  10:58:17.657   ","11.71","-130.6","2.707","6","1.4","0.588","100","0","3.7","0","2.58","0","1.08","0","3.43","0","0.97","0","0.33","0","0","0","0.63","-130.6","0","-50.2","0","-0.2","0","21.1","0","-97.3","0","-153.2","0","103.6","0","0","-120.4","-173.3"
"1558522698660","05/22/19  10:58:18.660   ","11.71","-130.6","2.707","5.9","1.4","0.588","100","0.24","3.74","0","2.48","0","1.08","0","3.52","0","0.88","0","0.44","0","0","0","0.66","-130.6","-145.7","-50.1","0","-0.3","0","23.3","0","-98.3","0","-155","0","141","0","0","-120.4","-173.4"
"1558522699708","05/22/19  10:58:19.708   ","11.71","-130.7","2.705","6","1.4","0.587","100","0","3.77","0","2.56","0","1.03","0","3.38","0","0.99","0","0.39","0","0","0","0.65","-130.6","0","-50.7","0","-0.8","0","19.9","0","-97.9","0","-150.2","0","98.6","0","0","-120.5","170.4"
"1558522700686","05/22/19  10:58:20.686   ","11.66","-130.6","2.689","5.9","1.4","0.579","100","0","3.72","0","2.52","0","1.07","0","3.51","0","0.97","0","0.28","0","0","0","0.69","-130.5","0","-49.9","0","-0.5","0","20.9","0","-100","0","-153.9","0","119.4","0","0","-120.4","176.4"
"1558522701749","05/22/19  10:58:21.749   ","11.68","-130.6","2.703","6","1.4","0.589","100","0.32","3.73","0","2.51","0","1.07","0.22","3.48","0","0.93","0","0.45","0","0","0","0.65","-130.5","155.4","-49.5","0","0","0","20","0","-99.9","0","-153.6","0","136","0","0","-120.5","-175.6"
"1558522702730","05/22/19  10:58:22.730   ","11.7","-130.6","2.708","5.9","1.4","0.586","100","0.24","3.75","0","2.5","0","0.99","0","3.44","0","1.09","0","0.33","0","0","0","0.65","-130.6","0","-50.2","0","1.6","0","20.7","0","-98.1","0","-152.5","0","111.6","0","0","-120.5","-177"
"1558522703451","05/22/19  10:58:23.451   ","11.7","-130.6","2.702","5.9","1.4","0.586","100","0","3.76","0","2.51","0","1.01","0","3.43","0","0.97","0","0.31","0","0","0","0.65","-130.5","0","-49.7","0","0.8","0","18.3","0","-99.3","0","-148.3","0","103.4","0","0","-120.4","-177.7"
"1558522704416","05/22/19  10:58:24.416   ","11.69","-130.5","2.706","6","1.4","0.589","100","0","3.77","0","2.53","0","1.06","0","3.37","0","0.91","0","0.49","0","0","0","0.6","-130.5","0","-49.8","0","0.4","0","17.9","0","-98.6","0","-147.4","0","113.6","0","0","-120.4","178.3"
"1558522705440","05/22/19  10:58:25.440   ","11.69","-130.6","2.705","5.9","1.4","0.586","100","0.31","3.74","0","2.47","0","1.06","0","3.43","0","0.94","0","0.47","0","0.2","0","0.68","-130.6","-130.7","-49.8","0","-0.1","0","21.3","0","-100.1","0","-152.9","0","127.4","0","-120.2","-120.5","175.6"
"1558522706423","05/22/19  10:58:26.423   ","11.69","-130.5","2.702","6","1.4","0.582","100","0","3.78","0","2.46","0","1.05","0","3.45","0","0.91","0","0.54","0","0","0","0.83","-130.5","0","-49.8","0","0.6","0","19.9","0","-99.8","0","-155.1","0","136.9","0","0","-120.5","-177.8"
"1558522707453","05/22/19  10:58:27.453   ","11.7","-130.5","2.702","5.9","1.4","0.585","100","0","3.71","0","2.46","0","1.04","0","3.39","0","0.98","0","0.34","0","0","0","0.85","-130.5","0","-49.8","0","1.5","0","18.5","0","-97.1","0","-152.5","0","109.7","0","0","-120.4","-174.7"
"1558522708398","05/22/19  10:58:28.398   ","11.69","-130.5","2.699","6","1.4","0.582","100","0.23","3.75","0","2.44","0","1.09","0","3.43","0","0.95","0","0.59","0","0","0","0.75","-130.5","-169.6","-49.4","0","2","0","22.1","0","-98.9","0","-154.7","0","117.6","0","0","-120.4","175.1"
"1558522709464","05/22/19  10:58:29.464   ","11.68","-130.5","2.696","6","1.4","0.583","100","0","3.73","0","2.47","0","1.03","0","3.42","0","0.98","0","0.58","0","0.23","0","0.63","-130.5","0","-49.7","0","-0.3","0","19.9","0","-99.9","0","-151","0","127.9","0","-134.1","-120.4","178.1"
"1558522710429","05/22/19  10:58:30.429   ","11.69","-130.5","2.695","5.9","1.4","0.581","100","0","3.74","0","2.49","0","1.04","0","3.39","0","1.09","0","0.41","0","0","0","0.77","-130.5","0","-49.5","0","1.1","0","19.7","0","-99.1","0","-152.1","0","119.1","0","-140.6","-120.5","-178.4"
"1558522711440","05/22/19  10:58:31.440   ","11.68","-130.4","2.698","6","1.4","0.584","100","0.22","3.71","0","2.51","0","1.07","0","3.34","0","1","0","0.4","0","0.21","0","0.63","-130.6","170","-50","0","-0.5","0","17","0","-99.6","0","-152","0","118.7","0","-126.5","-120.6","-175.7"
"1558522712429","05/22/19  10:58:32.429   ","11.65","-130.5","2.682","6","1.4","0.574","100","0","3.76","0","2.49","0","1.1","0","3.38","0","0.96","0","0.66","0","0","0","0.68","-130.4","0","-49.3","0","0.9","0","19.1","0","-100.9","0","-156","0","129.3","0","0","-120.5","176.3"
"1558522713442","05/22/19  10:58:33.442   ","11.65","-130.4","2.689","5.9","1.4","0.581","100","0.2","3.65","0","2.45","0","1.1","0","3.4","0","0.97","0","0.54","0","0.2","0","0.7","-130.5","0","-49.4","0","1.5","0","20.3","0","-99.8","0","-155","0","122.6","0","0","-120.5","-173.2"
"1558522714426","05/22/19  10:58:34.426   ","11.67","-130.5","2.699","5.9","1.4","0.579","100","0","3.75","0","2.52","0","1.05","0","3.38","0","1.01","0","0.45","0","0.22","0","0.64","-130.4","0","-50","0","1.3","0","16.6","0","-100.6","0","-151.1","0","108.3","0","0","-120.4","179.7"
"1558522715472","05/22/19  10:58:35.472   ","11.62","-130.4","2.697","6","1.4","0.58","100","0.2","3.74","0","2.49","0","1.1","0","3.43","0","0.93","0","0.41","0","0","0","0.75","-130.5","-174.7","-49.6","0","1.3","0","16.6","0","-99.9","0","-153.8","0","132.1","0","0","-120.4","176.5"
"1558522716435","05/22/19  10:58:36.435   ","11.67","-130.5","2.689","5.9","1.4","0.581","100","0.2","3.68","0","2.46","0","1.1","0","3.44","0","0.94","0","0.5","0","0","0","0.75","-130.5","-116.7","-49.1","0","0.4","0","20.5","0","-100.8","0","-153.5","0","132.7","0","0","-120.4","-177.8"
"1558522717456","05/22/19  10:58:37.456   ","11.67","-130.4","2.686","6","1.4","0.578","100","0","3.72","0","2.5","0","1.05","0","3.47","0","1.04","0","0.41","0","0","0","0.79","-130.5","0","-50.1","0","0.3","0","16.2","0","-100.8","0","-151.1","0","116.1","0","0","-120.5","-177.5"
"1558522718412","05/22/19  10:58:38.412   ","11.67","-130.4","2.692","6","1.4","0.587","100","0","3.68","0","2.49","0","1.02","0","3.38","0","1.05","0","0.42","0","0","0","0.75","-130.5","0","-48.6","0","0.3","0","18.7","0","-98.3","0","-150.5","0","109.2","0","0","-120.4","-173.6"
"1558522719453","05/22/19  10:58:39.453   ","11.69","-130.5","2.696","6","1.4","0.583","100","0.29","3.73","0","2.47","0","1.11","0","3.41","0","0.92","0","0.5","0","0","0","0.68","-130.5","-157.3","-50.1","0","1","0","22.1","0","-98.8","0","-149.4","0","123.8","0","0","-120.4","-171.9"
"1558522720439","05/22/19  10:58:40.439   ","11.68","-130.5","2.696","5.9","1.4","0.585","100","0","3.7","0","2.41","0","1.11","0","3.48","0","1.07","0","0.44","0","0.2","0","0.69","-130.5","-104.6","-49.5","0","-0.6","0","22","0","-100.6","0","-154.5","0","134.1","0","0","-120.5","-173.3"
"1558522721467","05/22/19  10:58:41.467   ","11.68","-130.5","2.695","5.9","1.4","0.584","100","0","3.72","0","2.43","0","1.07","0","3.43","0","1.01","0","0.52","0","0.2","0","0.59","-130.5","0","-49.7","0","-0.2","0","18.8","0","-99.4","0","-150","0","108","0","-155","-120.5","-173.5"
"1558522722448","05/22/19  10:58:42.448   ","11.68","-130.6","2.695","5.9","1.4","0.584","100","0.2","3.69","0","2.38","0","1.12","0","3.51","0","1.08","0","0.44","0","0","0","0.79","-130.5","-168","-49.4","0","0.5","0","20.4","0","-99.9","0","-153.4","0","124.2","0","0","-120.5","-176.1"
"1558522723504","05/22/19  10:58:43.504   ","11.68","-130.5","2.69","6","1.4","0.581","100","0","3.71","0.22","2.38","0","1.07","0","3.53","0","1.12","0","0.44","0","0","0","0.71","-130.5","0","-49.3","-33.2","1.1","0","20","0","-99.2","0","-152.5","0","117.7","0","0","-120.4","175.6"
"1558522724381","05/22/19  10:58:44.381   ","11.67","-130.4","2.693","6","1.4","0.582","100","0","3.74","0","2.41","0","1.07","0","3.47","0","1.05","0","0.47","0","0","0","0.75","-130.4","0","-49.2","0","0.7","0","21.1","0","-99.3","0","-150.3","0","129.4","0","0","-120.4","-176.2"
"1558522725451","05/22/19  10:58:45.451   ","11.68","-130.6","2.696","6","1.4","0.584","100","0","3.69","0.21","2.39","0","1.09","0","3.51","0","1.01","0","0.34","0","0","0","0.74","-130.5","0","-48.9","-30","0.9","0","21","0","-100.9","0","-151.3","0","122.9","0","0","-120.4","-177.6"
"1558522726430","05/22/19  10:58:46.430   ","11.67","-130.5","2.701","5.9","1.4","0.589","100","0.26","3.73","0","2.4","0","1.18","0","3.43","0","0.95","0","0.6","0","0","0","0.7","-130.3","-177.9","-48","0","0.7","0","23","0","-98.4","0","-148.9","0","126.1","0","0","-120.2","-173.1"
"1558522727450","05/22/19  10:58:47.450   ","11.68","-130.5","2.699","6","1.4","0.584","100","0.2","3.75","0","2.43","0","1.03","0","3.39","0","1.02","0","0.42","0","0","0","0.6","-130.5","-113.6","-48.6","0","-0.2","0","22","0","-98.6","0","-153.9","0","115.2","0","0","-120.4","-177"
"1558522728423","05/22/19  10:58:48.423   ","11.68","-130.4","2.701","6","1.4","0.585","100","0","3.76","0","2.47","0","1.07","0","3.41","0","0.98","0","0.39","0","0","0","0.72","-130.5","0","-49.7","0","1.5","0","18.1","0","-99.2","0","-149.9","0","115.3","0","0","-120.4","-172.7"
"1558522729447","05/22/19  10:58:49.447   ","11.68","-130.4","2.697","5.9","1.4","0.583","100","0","3.71","0","2.46","0","1.03","0","3.41","0","0.97","0","0.47","0","0","0","0.74","-130.4","0","-48.9","0","1.1","0","20.4","0","-99.1","0","-152.4","0","126","0","0","-120.3","-179"
"1558522730419","05/22/19  10:58:50.419   ","11.68","-130.4","2.699","5.9","1.4","0.582","100","0.26","3.73","0","2.49","0","1.06","0","3.34","0","0.96","0","0.61","0","0.22","0","0.69","-130.5","-164.2","-48.9","0","0.7","0","18.2","0","-99.7","0","-157.2","0","128.6","0","0","-120.5","-179"
"1558522731510","05/22/19  10:58:51.510   ","11.69","-130.5","2.704","6","1.4","0.59","100","0","3.71","0","2.57","0","1.04","0","3.43","0","1.12","0","0.36","0","0","0","0.78","-130.5","0","-49.1","0","1.1","0","20.2","0","-97.6","0","-152.1","0","106.4","0","0","-120.4","176.5"
"1558522732400","05/22/19  10:58:52.400   ","11.7","-130.5","2.706","5.9","1.4","0.588","100","0","3.76","0","2.48","0","1","0","3.4","0","1.05","0","0.49","0","0.21","0","0.72","-130.5","0","-49","0","0.8","0","17.5","0","-99.2","0","-151.2","0","118.9","0","-134.9","-120.5","-177"
"1558522733438","05/22/19  10:58:53.438   ","11.7","-130.5","2.702","6","1.4","0.591","100","0.39","3.75","0","2.46","0","1.03","0","3.46","0","1","0","0.5","0","0","0","0.77","-130.6","178.3","-49.8","0","0.6","0","19.6","0","-99.3","0","-154.6","0","128.5","0","0","-120.4","-178.9"
"1558522734419","05/22/19  10:58:54.419   ","11.7","-130.5","2.702","5.9","1.4","0.586","100","0","3.71","0","2.48","0","1","0","3.47","0","1","0","0.49","0","0","0","0.7","-130.5","0","-49.2","0","0.1","0","19.9","0","-97.3","0","-149.6","0","107.1","0","0","-120.4","-177.5"
"1558522735434","05/22/19  10:58:55.434   ","11.7","-130.5","2.702","6","1.4","0.588","100","0","3.73","0","2.55","0","1.02","0","3.41","0","1.04","0","0.42","0","0","0","0.66","-130.5","0","-49.9","0","0.5","0","20.1","0","-96.9","0","-152.7","0","117.7","0","0","-120.3","-177.8"
"1558522736391","05/22/19  10:58:56.391   ","11.7","-130.6","2.704","6","1.4","0.586","100","0.22","3.71","0","2.48","0","1.02","0","3.51","0","0.97","0","0.4","0","0","0","0.74","-130.5","158.8","-48.6","0","1.4","0","21.4","0","-98","0","-150.4","0","119.6","0","0","-120.4","179.1"
"1558522737437","05/22/19  10:58:57.437   ","11.7","-130.4","2.705","6","1.4","0.586","100","0","3.75","0","2.48","0","1.06","0","3.44","0","0.95","0","0.54","0","0","0","0.78","-130.6","0","-49.9","0","0.8","0","18.3","0","-99.3","0","-154.9","0","122.8","0","0","-120.4","-177.4"
"1558522738402","05/22/19  10:58:58.402   ","11.7","-130.6","2.707","6","1.4","0.588","100","0.2","3.76","0","2.53","0","0.97","0","3.39","0","1.03","0","0.4","0","0","0","0.73","-130.6","-105","-49.5","0","0.8","0","16.7","0","-100.4","0","-150.9","0","122.7","0","0","-120.5","-177.7"
"1558522739454","05/22/19  10:58:59.454   ","11.71","-130.5","2.706","6","1.4","0.585","100","0","3.78","0","2.5","0","1","0","3.48","0","1.05","0","0.38","0","0","0","0.61","-130.6","0","-49.7","0","1.2","0","19.3","0","-99.8","0","-150.1","0","131.1","0","0","-120.5","-179"
"1558522740420","05/22/19  10:59:00.420   ","11.71","-130.5","2.706","6","1.4","0.587","100","0","3.73","0","2.54","0","1.03","0","3.47","0","1.02","0","0.43","0","0","0","0.71","-130.5","0","-49.3","0","1.4","0","20.1","0","-100.6","0","-150.6","0","131.5","0","0","-120.4","178.2"
"1558522741464","05/22/19  10:59:01.464   ","11.7","-130.5","2.707","6","1.4","0.586","100","0.28","3.76","0","2.56","0","0.97","0","3.43","0","1.08","0","0.35","0","0","0","0.7","-130.5","-143.9","-49.9","0","1.5","0","18.1","0","-99","0","-148.2","0","121.4","0","0","-120.3","179"
"1558522742422","05/22/19  10:59:02.422   ","11.71","-130.4","2.713","6","1.4","0.589","100","0","3.77","0","2.56","0","0.96","0","3.4","0","1.08","0","0.35","0","0.22","0","0.58","-130.5","0","-49.5","0","1.4","0","19.2","0","-98.1","0","-151.1","0","121.3","0","-145.6","-120.3","179.9"
"1558522743464","05/22/19  10:59:03.464   ","11.71","-130.5","2.71","5.9","1.4","0.588","100","0","3.75","0","2.56","0","0.97","0","3.5","0","1.01","0","0.36","0","0","0","0.73","-130.6","0","-49.6","0","0.7","0","19.2","0","-97.6","0","-152.1","0","131.5","0","0","-120.4","-177.7"
"1558522744476","05/22/19  10:59:04.476   ","11.71","-130.5","2.71","6","1.4","0.587","100","0.2","3.75","0","2.54","0","1.01","0","3.43","0","1.02","0","0.33","0","0","0","0.62","-130.6","177.7","-49.5","0","1.1","0","17.7","0","-98.5","0","-150","0","133.2","0","0","-120.4","-170.8"
"1558522745518","05/22/19  10:59:05.518   ","11.71","-130.5","2.704","6","1.4","0.588","100","0","3.79","0","2.55","0","1.01","0","3.41","0","1.05","0","0.3","0","0","0","0.74","-130.5","0","-49.6","0","1.7","0","14.1","0","-97.9","0","-154.8","0","123.3","0","0","-120.4","-177.8"
"1558522746517","05/22/19  10:59:06.517   ","11.71","-130.4","2.702","5.9","1.4","0.587","100","0","3.71","0","2.53","0","0.96","0","3.46","0","1.08","0","0.23","0","0","0","0.65","-130.5","0","-49.6","0","1.3","0","19.6","0","-97.1","0","-154","0","127.3","0","0","-120.4","176.9"
"1558522747560","05/22/19  10:59:07.560   ","11.71","-130.5","2.707","6","1.4","0.589","100","0","3.75","0","2.54","0","1","0","3.52","0","0.99","0","0.31","0","0","0","0.77","-130.5","0","-49.1","0","1","0","17.5","0","-96","0","-153.8","0","128","0","0","-120.3","-169.7"
"1558522748552","05/22/19  10:59:08.552   ","11.7","-130.5","2.702","6","1.4","0.586","100","0","3.76","0","2.52","0","0.95","0","3.53","0","0.98","0","0.27","0","0","0","0.68","-130.5","0","-49.8","0","1.9","0","14.8","0","-96.4","0","-149.5","0","0","0","0","-120.3","-176.5"
"1558522749465","05/22/19  10:59:09.465   ","11.71","-130.5","2.706","6","1.4","0.591","100","0.26","3.69","0","2.53","0","0.9","0","3.46","0","1.07","0","0.22","0","0","0","0.76","-130.5","-112.1","-49.7","0","0.8","0","14.2","0","-96.8","0","-150.3","0","111.2","0","0","-120.4","-179"
"1558522750433","05/22/19  10:59:10.433   ","11.7","-130.5","2.705","5.9","1.4","0.587","100","0","3.76","0","2.57","0","0.91","0","3.45","0","1.04","0","0.22","0","0","0","0.67","-130.5","0","-50","0","1.8","0","11.9","0","-97.5","0","-152.8","0","111.9","0","0","-120.4","172.9"
"1558522751452","05/22/19  10:59:11.452   ","11.71","-130.5","2.706","6","1.4","0.588","100","0.26","3.75","0","2.47","0","0.92","0","3.46","0","1.06","0","0.24","0","0","0","0.72","-130.5","-176.1","-49.8","0","1","0","21.2","0","-96.6","0","-151.6","0","138.2","0","0","-120.3","-170.5"
"1558522752436","05/22/19  10:59:12.436   ","11.7","-130.6","2.706","6","1.4","0.581","100","0.28","3.76","0","2.57","0","0.95","0","3.47","0","1.07","0","0","0","0","0","0.73","-130.4","-134","-49.5","0","0.1","0","17.8","0","-96.7","0","-150.5","0","0","0","0","-120.4","-177.1"
"1558522753454","05/22/19  10:59:13.454   ","11.67","-130.4","2.697","6","1.4","0.585","100","0","3.74","0","2.64","0","0.95","0","3.43","0","1.13","0","0","0","0","0","0.75","-130.4","0","-49.6","0","1.4","0","13","0","-95.7","0","-146.8","0","61.2","0","0","-120.4","179.6"
"1558522754637","05/22/19  10:59:14.637   ","11.69","-130.5","2.702","6","1.4","0.588","100","0","3.74","0","2.54","0","0.95","0","3.42","0","1.04","0","0.25","0","0","0","0.72","-130.4","0","-49.3","0","1","0","20.4","0","-96.8","0","-153.2","0","111","0","0","-120.3","178"
"1558522755529","05/22/19  10:59:15.529   ","11.68","-130.5","2.701","6","1.4","0.589","100","0","3.73","0","2.46","0","0.94","0","3.53","0","1","0","0","0","0","0","0.8","-130.4","0","-49.3","0","2.4","0","17.7","0","-95.9","0","-153.5","0","0","0","0","-120.3","-172.9"
"1558522756198","05/22/19  10:59:16.198   ","11.69","-130.4","2.702","5.9","1.4","0.587","100","0","3.72","0","2.46","0","0.96","0","3.49","0","0.99","0","0","0","0","0","0.8","-130.4","0","-49.2","0","1.4","0","17.1","0","-96","0","-153.1","0","0","0","0","-120.3","-178.4"
"1558522757192","05/22/19  10:59:17.192   ","11.68","-130.5","2.701","6","1.4","0.584","100","0","3.75","0","2.58","0","0.95","0","3.39","0","1.07","0","0.26","0","0","0","0.64","-130.4","0","-49.2","0","1","0","14.3","0","-95.9","0","-152.6","0","0","0","0","-120.3","-171.1"
"1558522758196","05/22/19  10:59:18.196   ","11.69","-130.5","2.692","6","1.4","0.581","100","0","3.69","0","2.54","0","0.94","0","3.47","0","1.09","0","0","0","0","0","0.62","-130.5","0","-49.7","0","1.3","0","18.9","0","-97.6","0","-151.7","0","0","0","0","-120.4","-170.4"
"1558522759211","05/22/19  10:59:19.211   ","11.68","-130.4","2.695","6","1.4","0.58","100","0","3.73","0","2.49","0","0.96","0","3.54","0","1.07","0","0.53","0.21","0.22","0","0.62","-130.5","0","-50.6","0","-0.5","0","21.9","0","-98.3","0","-146.5","0","-168.2","0","170.6","-120.5","174.3"
"1558522760197","05/22/19  10:59:20.197   ","11.68","-130.5","2.696","6","1.4","0.583","100","0","3.71","0","2.59","0","0.91","0","3.42","0","1.09","0","0.54","0.22","0","0","0.68","-130.6","0","-50.2","0","-0.3","0","14.9","0","-96.7","0","-156.7","0","49.4","-71.5","0","-120.5","175.2"
"1558522761204","05/22/19  10:59:21.204   ","11.67","-130.5","2.694","6","1.4","0.582","100","0","3.71","0","2.59","0","0.93","0","3.49","0","0.98","0","0.38","0","0.35","0","0.67","-130.5","0","-50.1","0","0.5","0","15.8","0","-96.6","0","-143.1","0","-148.5","0","157.2","-120.4","-180"
"1558522762199","05/22/19  10:59:22.199   ","11.68","-130.5","2.697","6","1.4","0.584","100","0","3.67","0","2.54","0","1.02","0","3.52","0","0.96","0","0.32","0","0.42","0","0.84","-130.6","0","-50.7","0","0.5","0","18.1","0","-98.8","0","-153.2","0","-56.6","0","-143.7","-120.5","179.8"
"1558522763206","05/22/19  10:59:23.206   ","11.68","-130.5","2.696","6","1.4","0.584","100","0.29","3.72","0","2.49","0","0.94","0","3.44","0","1.15","0","0.59","0","0.38","0","0.77","-130.5","-132.4","-49.9","0","0.5","0","18.5","0","-97.4","0","-161.1","0","37.4","0","-47.6","-120.4","-170.3"
"1558522764193","05/22/19  10:59:24.193   ","11.63","-130.5","2.682","6","1.4","0.576","100","0","3.72","0","2.6","0","0.94","0","3.47","0","1.19","0","0.9","0","0.5","0","0.57","-130.4","0","-49.7","0","-0.2","0","14.9","0","-95.5","0","-155.7","0","62.1","0","25.1","-120.4","-169"
"1558522765198","05/22/19  10:59:25.198   ","11.68","-130.5","2.698","6","1.4","0.583","100","0","3.72","0","2.59","0","0.98","0","3.47","0","1.1","0","0","0","0","0","0.79","-130.5","0","-49.4","0","-0.2","0","16.5","0","-96","0","-152.8","0","0","0","0","-120.4","-177.1"
"1558522766202","05/22/19  10:59:26.202   ","11.69","-130.6","2.705","6","1.4","0.585","100","0.21","3.72","0","2.56","0","1.01","0","3.44","0","1.07","0","0","0","0","0","0.7","-130.4","-150.4","-49.7","0","0.2","0","17.4","0","-95.3","0","-156.4","0","0","0","0","-120.4","-175"
"1558522767200","05/22/19  10:59:27.200   ","11.7","-130.5","2.704","6","1.4","0.586","100","0.2","3.74","0","2.64","0","0.89","0","3.4","0","1.13","0","0.24","0","0","0","0.63","-130.5","-116.3","-49.5","0","-0.4","0","17.7","0","-93.9","0","-151.3","0","52.4","0","0","-120.4","-179.8"
"1558522768198","05/22/19  10:59:28.198   ","11.69","-130.4","2.701","6","1.4","0.586","100","0","3.72","0","2.52","0","0.97","0","3.47","0","1.12","0","0","0","0","0","0.71","-130.5","0","-50.1","0","-0.6","0","15.9","0","-95.6","0","-153.9","0","0","0","0","-120.4","-173.9"
"1558522769203","05/22/19  10:59:29.203   ","11.65","-130.4","2.689","6.1","1.4","0.576","100","0.31","3.7","0","2.77","0","1.13","0","3.39","0","1.21","0","0","0","0","0","0.74","-130.3","-165.7","-49.1","0","3.5","0","23.2","0","-101.1","0","-151","0","0","0","0","-120.5","-166.4"
"1558522770203","05/22/19  10:59:30.203   ","11.69","-130.5","2.699","6","1.4","0.585","100","0.26","3.75","0","2.58","0","0.97","0","3.46","0","1.16","0","0","0","0","0","0.74","-130.4","-130.6","-50.1","0","0.4","0","18.8","0","-94.2","0","-152.8","0","0","0","0","-120.3","-178.5"
"1558522771204","05/22/19  10:59:31.204   ","11.68","-130.4","2.701","6","1.4","0.584","100","0","3.71","0","2.63","0","0.97","0","3.45","0","1.14","0","0.24","0","0","0","0.7","-130.5","0","-50","0","-0.6","0","16.4","0","-94.2","0","-152.8","0","39.3","0","0","-120.4","-176.4"
"1558522772203","05/22/19  10:59:32.203   ","11.69","-130.4","2.701","6","1.4","0.583","100","0","3.78","0","2.56","0","0.95","0","3.44","0","1.09","0","0.22","0","0","0","0.76","-130.4","0","-49.5","0","0.7","0","19.4","0","-95.5","0","-151.5","0","89.3","0","0","-120.3","-169.7"
"1558522773199","05/22/19  10:59:33.199   ","11.67","-130.5","2.694","5.9","1.4","0.585","100","0","3.75","0","2.57","0","0.95","0","3.47","0","1.04","0","0.21","0","0","0","0.81","-130.5","0","-49.8","0","0.2","0","17.3","0","-96","0","-154.2","0","68.3","0","0","-120.4","-173.4"
"1558522774209","05/22/19  10:59:34.209   ","11.67","-130.6","2.697","6","1.4","0.583","100","0.33","3.74","0","2.63","0","0.99","0","3.47","0","1.14","0","0.22","0","0","0","0.7","-130.5","-134.7","-49.8","0","-0.8","0","14.9","0","-95.1","0","-153.9","0","22.9","0","0","-120.4","-175.9"
"1558522775227","05/22/19  10:59:35.227   ","11.68","-130.5","2.698","6","1.4","0.585","100","0","3.73","0","2.59","0","1","0","3.54","0","1.11","0","0.27","0","0","0","0.72","-130.5","0","-49.7","0","0.6","0","19.7","0","-96.8","0","-154.1","0","0","0","0","-120.4","177.9"
"1558522776204","05/22/19  10:59:36.204   ","11.65","-130.3","2.688","6","1.4","0.579","100","0","3.64","0","2.6","0","1.03","0","3.42","0","1.01","0","0","0","0","0","0.73","-130.3","0","-50.3","0","-0.4","0","20.9","0","-95.5","0","-155.5","0","0","0","0","-120.3","-172.9"
"1558522777202","05/22/19  10:59:37.202   ","11.69","-130.5","2.701","6","1.4","0.587","100","0.27","3.7","0","2.66","0","1","0","3.5","0","1.09","0","0.2","0","0","0","0.65","-130.5","-137.9","-51.2","0","-2.5","0","14.9","0","-93.7","0","-153.7","0","32.2","0","0","-120.4","-171.9"
"1558522778196","05/22/19  10:59:38.196   ","11.69","-130.5","2.704","6","1.4","0.587","100","0","3.68","0","2.64","0","0.97","0","3.47","0","1.08","0","0.26","0","0","0","0.65","-130.5","-98.7","-50.1","0","-2.3","0","18.3","0","-95.1","0","-157.7","0","0","0","0","-120.4","-179.7"
"1558522779214","05/22/19  10:59:39.214   ","11.69","-130.5","2.704","6","1.4","0.589","100","0","3.75","0","2.58","0","0.97","0","3.5","0","1.11","0","0","0","0","0","0.79","-130.5","0","-50.2","0","-1.8","0","19.2","0","-96.1","0","-153.1","0","0","0","0","-120.4","179.6"
"1558522780214","05/22/19  10:59:40.214   ","11.69","-130.5","2.705","6","1.4","0.589","100","0.2","3.7","0","2.57","0","1.02","0","3.52","0","1.04","0","0","0","0","0","0.77","-130.5","160.3","-49.6","0","-1.1","0","16.8","0","-93.8","0","-156.9","0","0","0","0","-120.4","-173.4"
"1558522781210","05/22/19  10:59:41.210   ","11.7","-130.5","2.703","6","1.4","0.587","100","0","3.71","0","2.62","0","1","0","3.46","0","1.14","0","0","0","0","0","0.79","-130.5","0","-49.9","0","-1.1","0","16","0","-95.5","0","-157.9","0","0","0","0","-120.4","-174.6"
"1558522782227","05/22/19  10:59:42.227   ","11.7","-130.5","2.704","6","1.4","0.589","100","0","3.72","0","2.62","0","0.98","0","3.46","0","1.08","0","0","0","0","0","0.7","-130.5","0","-50","0","-0.1","0","19.8","0","-95.5","0","-156.7","0","0","0","0","-120.4","-176.6"
"1558522783239","05/22/19  10:59:43.239   ","11.7","-130.5","2.705","6","1.4","0.585","100","0","3.72","0","2.56","0","0.97","0","3.48","0","1.06","0","0.2","0","0.2","0","0.7","-130.6","0","-50.2","0","-1.5","0","18.4","0","-96.8","0","-158.7","0","0","0","0","-120.5","-176.1"
"1558522784202","05/22/19  10:59:44.202   ","11.64","-130.5","2.69","6","1.4","0.586","100","0","3.73","0","2.65","0","1.03","0","3.48","0","1.13","0","0","0","0","0","0.82","-130.5","0","-50.1","0","1.9","0","12.9","0","-95.1","0","-157.5","0","54","0","0","-120.4","171.9"
"1558522785245","05/22/19  10:59:45.245   ","11.7","-130.5","2.704","5.9","1.4","0.586","100","0","3.69","0","2.55","0","0.9","0","3.46","0","1.1","0","0","0","0","0","0.68","-130.4","-123.9","-49","0","-0.3","0","18.5","0","-96.2","0","-157.2","0","0","0","0","-120.4","-179.2"
"1558522786270","05/22/19  10:59:46.270   ","11.69","-130.4","2.701","6","1.4","0.583","100","0","3.7","0","2.48","0","1","0","3.61","0","1.06","0","0","0","0","0","0.86","-130.5","0","-49","0","-0.4","0","19.1","0","-97.7","0","-156.5","0","0","0","0","-120.4","177.7"
"1558522787204","05/22/19  10:59:47.204   ","11.69","-130.6","2.704","6","1.4","0.588","100","0","3.71","0","2.59","0","0.94","0","3.42","0","1.09","0","0","0","0","0","0.7","-130.6","0","-49.4","0","-0.6","0","10.5","0","-97.2","0","-157.5","0","0","0","0","-120.6","-173.8"
"1558522788201","05/22/19  10:59:48.201   ","11.69","-130.6","2.703","6","1.4","0.586","100","0.29","3.72","0","2.61","0","0.96","0","3.45","0","1.06","0","0.21","0","0","0","0.81","-130.6","0","-50","0","0","0","14.6","0","-96.3","0","-154.6","0","67.5","0","0","-120.5","-179.3"
"1558522789194","05/22/19  10:59:49.194   ","11.7","-130.6","2.7","6","1.4","0.588","100","0","3.7","0","2.58","0","1","0","3.51","0","1.1","0","0","0","0","0","0.79","-130.6","0","-49.7","0","-1.2","0","15.6","0","-96.8","0","-155.6","0","0","0","0","-120.5","175"
"1558522790201","05/22/19  10:59:50.201   ","11.69","-130.6","2.701","6","1.4","0.587","100","0","3.72","0","2.6","0","0.95","0","3.47","0","1.15","0","0.24","0","0","0","0.74","-130.6","0","-49.5","0","-0.8","0","10.9","0","-95.7","0","-156.1","0","41.3","0","0","-120.5","-179.8"
"1558522791198","05/22/19  10:59:51.198   ","11.69","-130.5","2.701","6","1.4","0.587","100","0.26","3.69","0","2.61","0","0.97","0","3.48","0","1.08","0","0","0","0","0","0.63","-130.5","-166.8","-50.5","0","1.2","0","16.2","0","-95.7","0","-156.4","0","0","0","0","-120.5","-177.8"
"1558522792193","05/22/19  10:59:52.193   ","11.69","-130.5","2.7","5.9","1.4","0.585","100","0","3.68","0","2.53","0","0.99","0","3.47","0","1.1","0","0.23","0","0.22","0","0.7","-130.6","0","-49.1","0","0.3","0","18.6","0","-97.6","0","-162.5","0","0","0","0","-120.5","177.8"
"1558522793198","05/22/19  10:59:53.198   ","11.69","-130.6","2.7","6","1.4","0.585","100","0","3.72","0","2.55","0","0.96","0","3.52","0","1.06","0","0","0","0","0","0.8","-130.6","0","-49.8","0","0.5","0","18","0","-97.1","0","-159.2","0","0","0","0","-120.5","-176.9"
"1558522794206","05/22/19  10:59:54.206   ","11.69","-130.6","2.705","6","1.4","0.587","100","0","3.71","0","2.57","0","0.99","0","3.5","0","1.03","0","0","0","0","0","0.77","-130.6","0","-49.7","0","-0.1","0","11.1","0","-95.9","0","-155","0","30.6","0","0","-120.5","-173.4"
"1558522795193","05/22/19  10:59:55.193   ","11.69","-130.6","2.701","6","1.4","0.585","100","0.26","3.75","0","2.5","0","0.93","0","3.56","0","0.99","0","0","0","0","0","0.84","-130.6","-153.5","-49.7","0","0.6","0","13.5","0","-96.7","0","-158.9","0","0","0","0","-120.5","178.3"
"1558522796197","05/22/19  10:59:56.197   ","11.69","-130.5","2.7","6","1.4","0.585","100","0","3.7","0","2.45","0","0.93","0","3.41","0","1.13","0","0.21","0","0","0","0.65","-130.5","0","-49.6","0","-0.3","0","9.3","0","-96","0","-152.4","0","0","0","-155.4","-120.4","178.4"
"1558522797202","05/22/19  10:59:57.202   ","11.7","-130.4","2.706","6","1.4","0.585","100","0","3.76","0","2.65","0","0.98","0","3.44","0","1.04","0","0.26","0","0.22","0","0.65","-130.6","0","-49.8","0","1.2","0","10.5","0","-97.3","0","-154.5","0","49.1","0","172.6","-120.4","-176.4"
"1558522798197","05/22/19  10:59:58.197   ","11.7","-130.5","2.704","6","1.4","0.586","100","0","3.73","0","2.53","0","1","0","3.57","0","1","0","0","0","0","0","0.77","-130.5","179.3","-49.8","0","0.7","0","15.7","0","-97.1","0","-156.5","0","0","0","0","-120.4","176.8"
"1558522799204","05/22/19  10:59:59.204   ","11.7","-130.6","2.706","6","1.4","0.588","100","0.2","3.83","0","2.53","0","1.04","0","3.67","0","0.83","0","0.24","0","0.22","0","0.67","-130.6","-152.7","-49.7","0","1.2","0","10.7","0","-98.2","0","-176.2","0","-82.7","0","111.3","-120.5","174.3"
"1558522800193","05/22/19  11:00:00.193   ","11.69","-130.5","2.704","6","1.4","0.587","100","0","3.73","0","2.59","0","0.97","0","3.53","0","1.01","0","0.2","0","0","0","0.69","-130.5","0","-50","0","1.7","0","13.2","0","-96.9","0","-154","0","46.8","0","0","-120.5","-175.6"
"1558522801198","05/22/19  11:00:01.198   ","11.7","-130.5","2.703","6","1.4","0.586","100","0","3.72","0","2.55","0","1.01","0","3.6","0","1.01","0","0","0","0","0","0.78","-130.5","0","-49.9","0","2.2","0","14.5","0","-97.8","0","-158.1","0","0","0","0","-120.4","-174"
"1558522802197","05/22/19  11:00:02.197   ","11.69","-130.5","2.702","6","1.4","0.584","100","0.2","3.67","0","2.55","0","0.99","0","3.65","0","1","0","0","0","0","0","0.78","-130.5","-166.9","-50.4","0","1.1","0","14.1","0","-98.6","0","-157.7","0","0","0","0","-120.5","-175.7"
"1558522803203","05/22/19  11:00:03.203   ","11.7","-130.6","2.705","6","1.4","0.587","100","0","3.71","0","2.56","0","0.93","0","3.55","0","1.06","0","0.21","0","0","0","0.83","-130.5","0","-48.9","0","1.1","0","10.9","0","-96.4","0","-157.4","0","10.7","0","0","-120.4","179.6"
"1558522804197","05/22/19  11:00:04.197   ","11.7","-130.6","2.705","6.1","1.4","0.584","100","0","3.77","0","2.56","0","0.92","0","3.61","0","1.04","0","0","0","0","0","0.75","-130.6","0","-49.9","0","-0.1","0","14.3","0","-97.4","0","-156.1","0","0","0","0","-120.5","-175.1"
"1558522805195","05/22/19  11:00:05.195   ","11.69","-130.6","2.702","6","1.4","0.589","100","0.26","3.71","0","2.55","0","1.01","0","3.55","0","0.99","0","0","0","0","0","0.72","-130.6","173.7","-49.5","0","0.6","0","15.1","0","-97.1","0","-156.8","0","0","0","0","-120.4","-173.4"
"1558522806201","05/22/19  11:00:06.201   ","11.7","-130.6","2.701","6.1","1.4","0.586","100","0","3.73","0","2.6","0","0.97","0","3.53","0","1.07","0","0.2","0","0","0","0.77","-130.6","0","-50","0","0.5","0","12","0","-96.9","0","-154.9","0","32.3","0","0","-120.5","-177"
