"DoubleTime","StringTime","I2 Mag","I2 Ang","kW","I2 THD","I2 TDD","kvar","I2 %HD01","I2 %HD02","I2 %HD03","I2 %HD04","I2 %HD05","I2 %HD06","I2 %HD07","I2 %HD08","I2 %HD09","I2 %HD10","I2 %HD11","I2 %HD12","I2 %HD13","I2 %HD14","I2 %HD15","I2 %HD16","I2 %HD17","I2 H01 ANG","I2 H02 ANG","I2 H03 ANG","I2 H04 ANG","I2 H05 ANG","I2 H06 ANG","I2 H07 ANG","I2 H08 ANG","I2 H09 ANG","I2 H10 ANG","I2 H11 ANG","I2 H12 ANG","I2 H13 ANG","I2 H14 ANG","I2 H15 ANG","I2 H16 ANG","I2 H17 ANG"
"0","                         ","34064","36112","15","5644","7180","271","29","285","541","797","1053","1309","1565","1821","2077","2333","2589","2845","3101","3357","3613","3869","4125","105","361","617","873","1129","1385","1641","1897","2153","2409","2665","2921","3177","3433","3689","3945","4201"
"1555351498415","04/15/19  18:04:58.415   ","8.31","-149.8","3.794","14.4","2.5","2.224","100","11.2","5.89","0.88","2.98","0.98","1.57","0.56","2.47","0","1.57","0","0.51","0","0.24","0","1.55","-149.4","135.1","-61.2","125.1","-0.7","175.3","-8.7","-98.6","-95.7","0","-118.7","0","157.3","0","-85","0","-143.7"
"1555351499507","04/15/19  18:04:59.507   ","8.35","-149.8","3.81","14.2","2.4","2.244","100","10.99","6.57","0.77","3","1.05","1.1","0.39","2.74","0","1.79","0","0.6","0","0.29","0","1.52","-149.4","103.4","-54","126.2","-3.5","118.2","-20.1","-133.1","-93.2","0","-121.1","0","178.8","0","-62.1","0","-144.4"
"1555351500396","04/15/19  18:05:00.396   ","8.36","-149.5","3.826","14.3","2.4","2.149","100","11.35","7.6","0.56","3.04","1.06","1.57","0.55","2.59","0.27","1.61","0","0.61","0","0.38","0","1.64","-150.4","-132.2","-57.5","77.9","-5.7","-129.4","-31.8","-19.2","-84.7","40.6","-117.4","0","173.1","0","-93.7","0","-146.9"
"1555351501507","04/15/19  18:05:01.507   ","8.32","-149.8","3.836","14.4","2.5","2.146","100","11.35","7.03","0.37","3.2","0.95","1.75","0.54","2.44","0","1.51","0","0.6","0","0.44","0","1.64","-150.1","-165.3","-62.9","79.1","5.6","-155.2","-32.7","-64.8","-91.4","0","-118.3","0","169.6","0","-72.2","0","-147.9"
"1555351502433","04/15/19  18:05:02.433   ","8.31","-149.7","3.83","14.2","2.5","2.216","100","11.19","6.71","0.94","2.6","1.04","1.36","0.65","2.55","0","1.51","0","0.48","0","0.38","0","1.7","-149.6","-42.3","-64.5","-48.1","-3.2","-1.6","-8.7","62.2","-100.1","0","-117.7","0","-168.5","0","-84.7","0","-147.7"
"1555351503496","04/15/19  18:05:03.496   ","8.28","-149.9","3.814","13.7","2.3","2.278","100","11.11","7.58","0.57","2.83","1.05","0.96","0.62","2.39","0","1.33","0","0.54","0","0.4","0","1.77","-150","-78","-59.8","-32.1","-7.2","-54.2","-20.2","34.5","-93.9","0","-119.9","0","-172.3","0","-71","0","-150.2"
"1555351504460","04/15/19  18:05:04.460   ","8.26","-150.2","3.82","13.8","2.3","2.247","100","10.99","7.8","0.52","3.15","1.09","1.59","0.54","2.48","0","1.51","0","0.77","0","0.42","0","1.64","-150","-7","-65.9","-101.6","-4.9","4.7","-36.3","96.3","-94.9","0","-115.9","0","151.6","0","-101.1","0","-145.9"
"1555351505630","04/15/19  18:05:05.630   ","8.37","-150.2","3.813","13.7","2.4","2.285","100","11.21","6.61","0.99","2.67","0.96","1.46","0.64","2.3","0","1.59","0","0.36","0","0.28","0","1.75","-149.4","-45.4","-63.4","-46.5","-3.3","-4.3","-13.5","15.6","-96.6","0","-115.9","0","164.1","0","-91.1","0","-145.6"
"1555351506402","04/15/19  18:05:06.402   ","8.32","-149.8","3.79","14.4","2.4","2.365","100","11.23","5.74","0.84","3.05","0.98","1.66","0.53","2.43","0","1.64","0","0.65","0","0.33","0","1.55","-149.5","132.3","-61.4","124.2","-0.1","172.3","-12.6","-108.4","-97.8","0","-118.7","0","162","0","-109.4","0","-145.5"
"1555351507593","04/15/19  18:05:07.593   ","8.36","-149.9","3.825","15","2.5","2.307","100","11.43","5.56","0.5","3.53","0.74","1.86","0.53","2.5","0","1.76","0","0.54","0","0.2","0","1.8","-150","43.3","-52.7","-62.6","-6.5","53.3","-37.8","147.1","-82.8","0","-130.6","0","-173.3","0","-67.2","0","-147.5"
"1555351508481","04/15/19  18:05:08.481   ","8.36","-149.6","3.852","14.1","2.3","2.325","100","11.33","7.7","0.6","2.97","1.07","1.57","0.51","2.78","0","1.54","0","0.72","0","0.34","0","1.65","-149.9","168.3","-68.1","96.6","-1.5","173.8","-24.4","-117.1","-97.7","0","-122.8","0","-176.4","0","-90.6","0","-149.5"
"1555351509498","04/15/19  18:05:09.498   ","8.34","-149.4","3.835","14.5","2.4","2.147","100","11.27","7.23","0.45","3.13","0.99","1.57","0.56","2.48","0.21","1.59","0","0.82","0","0.48","0","1.63","-150.1","-172.5","-65.3","82.2","2.2","-168.8","-33.7","-74.8","-93.8","0","-118.7","0","164.3","0","-88.7","0","-145.5"
"1555351510740","04/15/19  18:05:10.740   ","8.41","-150.1","3.798","15","2.5","2.179","100","10.98","6.2","0.77","2.87","1.12","1.31","0.38","2.61","0","1.75","0","0.51","0","0.31","0","1.53","-149.4","94.9","-52.1","121.9","-4.9","104.2","-22.7","-143.4","-89.9","0","-119.2","0","160.6","0","-81.3","0","-145.7"
"1555351511509","04/15/19  18:05:11.509   ","8.28","-150","3.824","13.7","2.3","2.279","100","11.14","7.02","0.84","2.63","1.01","1.06","0.69","2.45","0","1.66","0","0.28","0","0.36","0","1.61","-149.9","-86.5","-59","-25.2","-7.1","-77.9","-23.5","26.9","-87.8","0","-118","0","-178.2","0","-84.8","0","-150.2"
"1555351512504","04/15/19  18:05:12.504   ","8.42","-150","3.792","15.1","2.3","2.25","100","11.05","7.99","0.54","3.02","1.12","1.57","0.51","2.55","0","1.77","0","0.58","0","0.48","0","1.56","-149.6","-19.1","-66","-72.2","-4.4","2.2","-20.7","87.1","-97.7","0","-115.7","0","166.1","0","-107.6","0","-142.9"
"1555351513518","04/15/19  18:05:13.518   ","8.4","-149.9","3.79","14.8","2.3","2.199","100","10.94","7.5","0.45","3.28","1.08","1.65","0.62","2.59","0","1.64","0","0.62","0","0.36","0","1.6","-149.9","-1.8","-65.1","-100.9","-4.6","11.2","-40","101.5","-93.8","0","-111.9","0","146.4","0","-96.2","0","-148.5"
"1555351514654","04/15/19  18:05:14.654   ","8.36","-149.7","3.805","13.7","2.4","2.271","100","11.25","8.29","0.84","3.23","1.23","1.63","0.47","2.65","0","1.72","0","0.6","0","0.35","0","1.64","-149.5","-42.6","-64.5","-48","-3.2","-4.7","-10.6","68.4","-98.6","0","-114","0","-179.6","0","-86.5","0","-144.9"
"1555351515174","04/15/19  18:05:15.174   ","8.33","-149.7","3.838","14.7","2.5","2.239","100","10.98","8.28","0.65","3.19","1.15","1.23","0.44","2.4","0","1.55","0","0.4","0","0.41","0","1.56","-149.7","-6.3","-65.3","-101.5","-5","6.6","-37.8","93.4","-93.8","0","-111.7","0","153.2","0","-98.8","0","-149.2"
"1555351516580","04/15/19  18:05:16.580   ","8.36","-149.8","3.81","14.1","2.5","2.224","100","11.01","6.32","0.76","2.85","1.12","1.11","0.41","2.63","0","1.63","0","0.67","0","0.34","0","1.56","-149.5","97.7","-52.6","121.9","-4.7","106","-21.7","-137.5","-92.5","0","-118.6","0","170.6","0","-73","0","-145.5"
"1555351517418","04/15/19  18:05:17.418   ","8.37","-149.4","3.846","15","2.4","2.157","100","11.4","6.07","0.63","2.87","0.66","1.78","0.59","2.21","0","1.73","0","0.67","0","0.4","0","1.65","-150.1","-140.5","-58","72.3","-1.5","-133","-27.8","-26.3","-86.5","0","-116.3","0","172.2","0","-97.5","0","-146"
"1555351518517","04/15/19  18:05:18.517   ","8.27","-149.4","3.849","14.7","2.4","2.153","100","11.26","7.36","0.56","3.05","0.99","1.49","0.58","2.38","0","1.71","0","0.66","0","0.49","0","1.58","-150.1","-125.7","-56.7","81.8","-6.9","-125.1","-35.9","-19.2","-86","0","-118","0","171.6","0","-93.5","0","-146"
"1555351519425","04/15/19  18:05:19.425   ","8.26","-149.8","3.845","14.3","2.4","2.278","100","11","8.35","0.7","3.25","1.16","1.42","0.49","2.47","0","1.48","0","0.46","0","0.36","0","1.64","-149.5","-57.4","-63","-45.7","-5","-12.8","-21.1","52","-97.8","0","-114.9","0","165.3","0","-78.2","0","-149.9"
"1555351520512","04/15/19  18:05:20.512   ","8.4","-150.1","3.817","14.5","2.3","2.275","100","11.07","6.61","0.87","2.6","1","1.34","0.68","2.41","0","1.72","0","0.22","0","0.32","0","1.68","-149.4","-44","-64.4","-46.2","-1.4","3.1","-15.3","58.9","-97.7","0","-113.8","0","-174.4","0","-90.3","0","-146.7"
"1555351521421","04/15/19  18:05:21.421   ","8.4","-150","3.791","15","2.3","2.193","100","11.11","6.2","0","3.56","0.8","2.03","0.53","2.35","0","1.83","0","0.42","0","0.38","0","1.68","-149.7","28","-56.1","-69.5","-0.6","48","-32","119.2","-85.7","0","-118.8","0","173.4","0","-90.7","0","-148.3"
"1555351522513","04/15/19  18:05:22.513   ","8.36","-149.4","3.799","14.1","2.3","2.185","100","10.88","7.8","0.46","3.1","1.11","1.55","0.57","2.5","0","1.69","0","0.69","0","0.39","0","1.73","-149.8","43.3","-53.1","-61.7","-6.2","54.5","-31.9","148.1","-84.8","0","-121.8","0","173.6","0","-92.1","0","-150"
"1555351523423","04/15/19  18:05:23.423   ","8.34","-149.5","3.814","13.9","2.4","2.225","100","10.97","7.03","0.61","3.3","1.13","1.12","0.39","2.66","0","1.84","0","0.35","0","0.3","0","1.7","-149.2","113.1","-56.3","123.7","-2.7","144.1","-19.9","-119.9","-95.5","0","-121.8","0","179.4","0","-72.9","0","-148"
"1555351524496","04/15/19  18:05:24.496   ","8.37","-149.5","3.862","13.8","2.3","2.346","100","11.38","7.68","0.59","3.57","1.26","1.51","0.44","2.76","0","1.59","0","0.46","0","0.29","0","1.69","-149.2","127.6","-60","122.8","-0.8","169.3","-12.2","-108.5","-97.4","0","-123.6","0","176.9","0","-65.6","0","-148"
"1555351525432","04/15/19  18:05:25.432   ","8.36","-149.7","3.86","14.8","2.3","2.288","100","11.33","6.73","0.34","3.19","0.88","1.71","0.57","2.36","0","1.75","0","0.69","0","0.47","0","1.69","-149.9","-160.1","-61.5","78.6","7.3","-150.8","-28.5","-47.4","-90","0","-122.3","0","160.3","0","-89.6","0","-143.8"
"1555351526668","04/15/19  18:05:26.668   ","8.37","-149.3","3.813","13.9","2.4","2.23","100","10.87","6.75","0.66","3.15","1.1","0.98","0.43","2.58","0","1.79","0","0.36","0","0.33","0","1.63","-149.3","107","-54.7","124.7","-4.3","127.9","-20.3","-130.3","-93.4","0","-123.9","0","165.6","0","-74.6","0","-147.9"
"1555351527419","04/15/19  18:05:27.419   ","8.28","-149.3","3.84","13.8","2.3","2.23","100","10.91","7.67","0.45","2.88","1.04","0.82","0.62","2.3","0","1.49","0","0.55","0","0.48","0","1.67","-149.5","-75.6","-60.4","-31","-5.3","-41.6","-22.6","33.1","-90.3","0","-119.5","0","175.8","0","-83.8","0","-145.2"
"1555351528511","04/15/19  18:05:28.511   ","8.36","-150","3.824","13.7","2.3","2.269","100","11.29","6.23","0.84","2.83","0.76","1.69","0.7","2.06","0","1.6","0","0.38","0","0.37","0","1.67","-149.4","-60.2","-62.5","-42.2","-4.1","-14.8","-17.6","48.3","-92.2","0","-113.9","0","164.8","0","-81.9","0","-147.9"
"1555351529575","04/15/19  18:05:29.575   ","8.38","-149.1","3.835","14.9","2.5","2.206","100","11.06","6.55","0.88","2.67","0.99","1.42","0.69","2.24","0","1.75","0","0.42","0","0.32","0","1.63","-149.8","-97.2","-57.3","0.8","-6.4","-94.6","-27.7","12","-85.8","0","-121","0","168.7","0","-94.2","0","-147.2"
"1555351530750","04/15/19  18:05:30.750   ","8.29","-149.1","3.839","14.8","2.4","2.148","100","11.2","7.61","0.62","2.93","1.03","1.43","0.55","2.66","0","1.64","0","0.74","0","0.45","0","1.66","-150.1","-136.8","-57.8","78.6","-3.4","-130.7","-29.6","-25.3","-85.7","0","-118.3","0","177.6","0","-92.1","0","-149"
"1555351531985","04/15/19  18:05:31.985   ","8.41","-149.6","3.807","14.3","2.4","2.208","100","11.14","5.75","0.81","3.1","0.91","1.58","0.53","2.39","0","1.72","0","0.43","0","0.22","0","1.63","-149.4","80.1","-50.6","0","-5.6","77.3","-28.5","-160.3","-88.7","0","-124","0","170","0","-75.3","0","-147.2"
"1555351533316","04/15/19  18:05:33.316   ","8.37","-149.2","3.82","14.4","2.4","2.168","100","11.29","6.04","0.8","2.79","0.69","1.67","0.66","2.23","0","1.62","0","0.52","0","0.35","0","1.67","-150","-121.2","-56.8","77.4","-6.6","-121.5","-34.6","-12.1","-85.1","43.8","-121.5","0","-175.8","0","-80.1","0","-148.9"
"1555351534686","04/15/19  18:05:34.686   ","8.37","-149.4","3.798","13.8","2.5","2.171","100","11.23","5.62","0.42","3.51","0.7","2.01","0.55","2.2","0","1.92","0","0.58","0","0.42","0","1.5","-149.7","40.3","-53.5","-63.8","-5.1","53.2","-32.4","143.5","-84.9","0","-118.4","0","164","0","-77.2","0","-145.6"
"1555351535404","04/15/19  18:05:35.404   ","8.3","-149.1","3.852","13.9","2.3","2.236","100","11","7.07","0.67","2.64","1.07","1.01","0.62","2.41","0.2","1.68","0","0.39","0","0.41","0","1.6","-149.7","-85.8","-59.6","-22.4","-4.5","-69.8","-25.9","21.9","-86.7","0","-118.3","0","179.8","0","-82.5","0","-146.9"
"1555351536618","04/15/19  18:05:36.618   ","8.34","-149.1","3.827","14.8","2.4","2.12","100","11.21","7.35","0.55","3.19","1.06","1.54","0.55","2.43","0","1.8","0","0.52","0","0.38","0","1.7","-149.7","179.4","-67.2","83.8","4","-175.8","-30.6","-96.1","-105.5","0","-118.5","0","-166.6","0","-117.6","0","-136.6"
"1555351537607","04/15/19  18:05:37.607   ","8.36","-149.6","3.827","14.6","2.3","2.137","100","11.3","6.85","0.32","3.21","0.91","1.73","0.56","2.18","0","1.59","0","1.07","0","0.46","0","1.51","-150.1","-111.7","-56.7","55.3","-6","-115.9","-30.9","-3.8","-86.2","0","-138.7","0","-176.2","0","-87.8","0","-156.5"
"1555351538358","04/15/19  18:05:38.358   ","8.36","-149.6","3.799","14.4","2.4","2.15","100","11.23","5.39","0.79","3.27","0.76","1.75","0.56","2.42","0","1.64","0.2","0.83","0","0.36","0","1.56","-149","120.9","-58.9","126.5","-0.9","159.6","-17.8","-117.7","-89.5","0","-137.5","139","-167","0","-59.2","0","-154.3"
"1555351539401","04/15/19  18:05:39.401   ","8.38","-149.4","3.793","15","2.5","2.18","100","11.05","5.82","0.78","2.94","1.02","1.54","0.49","2.51","0","1.68","0","0.61","0","0.47","0","1.47","-149.1","135.5","-61.9","126.8","0.9","176.4","-11.5","-105.7","-94.2","0","-128.1","0","167","0","-76.9","0","-157.5"
"1555351540504","04/15/19  18:05:40.504   ","8.35","-149.6","3.803","14","2.3","2.19","100","11.25","5.52","0.53","3.43","0.69","2","0.53","2.21","0","1.72","0","0.72","0","0.44","0","1.3","-149.2","101.3","-53.3","124.4","-3.4","117.3","-23.2","-137.6","-86","0","-124.3","0","162","0","-81.9","0","-153"
"1555351541390","04/15/19  18:05:41.390   ","8.36","-149.6","3.834","14.1","2.3","2.287","100","11.32","6.08","0.66","2.91","0.62","1.76","0.63","2.2","0","1.48","0","0.6","0","0.57","0","1.51","-149.7","172","-68.1","84.9","0","177.2","-37.9","-100.4","-90.5","0","-125","0","170.3","0","-88.6","0","-150.3"
"1555351542584","04/15/19  18:05:42.584   ","8.32","-149.6","3.833","13.7","2.4","2.344","100","11.06","5.76","0.8","3.02","0.98","1.67","0.49","2.24","0","1.82","0","0.58","0","0.43","0","1.33","-149.2","133.7","-62","126.1","1.4","173.8","-14.2","-103","-95.9","0","-129.8","0","-177.8","0","-88.1","0","-158.4"
"1555351543453","04/15/19  18:05:43.453   ","8.37","-149.5","4.277","14.8","2.3","2.261","100","11.23","6.42","0.46","3.1","0.76","1.9","0.54","1.99","0","1.73","0","0.52","0","0.55","0","1.5","-149.8","-97.7","-57.5","-4.5","-7.2","-99.2","-31.4","7.5","-83.5","0","-128.3","0","-177.6","0","-73.9","0","-157.9"
"1555351544512","04/15/19  18:05:44.512   ","8.29","-149.6","4.223","13.8","2.4","2.282","100","11.27","6.08","0.68","3","0.64","1.91","0.58","1.88","0","1.7","0","0.37","0","0.51","0","1.53","-150","-135.4","-57.7","78.2","-3.9","-131.2","-32.1","-22.5","-81.9","0","-126.3","0","169.3","0","-86.5","0","-154.9"
"1555351545412","04/15/19  18:05:45.412   ","8.36","-149.9","4.122","13.6","2.3","2.275","100","10.85","7.68","0.47","3.1","1.07","1.61","0.54","2.47","0","1.7","0","0.65","0","0.56","0","1.47","-149.5","-10","-66.4","-98.5","-3.3","4.1","-34.2","97.9","-95.5","0","-124.2","0","-177.2","0","-83","0","-155.2"
"1555351546535","04/15/19  18:05:46.535   ","8.4","-149.9","4.12","13.5","2.3","2.306","100","10.89","8.32","0.74","3.29","1.2","1.49","0.43","2.43","0","1.49","0","0.63","0","0.52","0","1.48","-149.2","-53.8","-63.6","-44.1","-5.7","-8.6","-19.5","54.9","-95.3","0","-126.2","0","170.6","0","-75.9","0","-156.3"
"1555351547412","04/15/19  18:05:47.412   ","8.47","-149.3","4.121","14.3","2.4","2.215","100","11.3","5.28","0.86","3.23","0.72","1.94","0.58","2.32","0","1.73","0","0.65","0","0.35","0","1.38","-149.2","63.7","-50.8","-39.8","-8.3","61.9","-34.7","178.9","-81.9","0","-129","0","168.9","0","-82.9","0","-154.1"
"1555351548497","04/15/19  18:05:48.497   ","8.49","-149.2","4.133","14.4","2.4","2.211","100","11.26","5.31","0.8","3.27","0.71","2.01","0.59","2.18","0","1.78","0","0.43","0","0.37","0","1.4","-149.1","63.2","-50.7","-47.7","-8","62.3","-33.2","179.5","-83.7","0","-131","0","166.6","0","-90.4","0","-152.9"
"1555351549403","04/15/19  18:05:49.403   ","8.46","-149.2","4.159","14.5","2.4","2.268","100","10.98","6.94","0.68","3.2","1.14","1.21","0.42","2.39","0","1.6","0","0.51","0","0.4","0","1.39","-149.4","166.9","-67.8","100.1","-2.4","177.2","-32.1","-99.4","-91.8","0","-125.4","0","155.6","0","-91.8","0","-154.2"
"1555351550538","04/15/19  18:05:50.538   ","8.48","-149","4.182","14.8","2.5","2.219","100","11.16","5.37","0.47","3.3","0.63","1.96","0.52","2.17","0","1.82","0","0.7","0","0.37","0","1.49","-149.1","43.1","-52.6","-53.9","-6.7","55.3","-30.9","147.3","-84","0","-129.8","0","178","0","-86.8","0","-153.8"
"1555351551424","04/15/19  18:05:51.424   ","8.54","-149.1","4.197","14","2.4","2.285","100","10.42","7.24","0.59","2.72","1.68","1.23","0.64","2.64","0","1.81","0","0.64","0.25","0.62","0","1.57","-148.5","135.3","-63","127.3","0.4","178.9","-12.6","-94.8","-96.6","0","-125.1","0","-178.2","0","-80.8","0","-157.2"
"1555351552507","04/15/19  18:05:52.507   ","8.52","-149.1","4.222","13.7","2.4","2.274","100","11.29","5.18","0.8","3.3","0.66","2.09","0.57","2.06","0","1.73","0","0.43","0","0.32","0","1.44","-149.1","55.3","-51.7","-44.3","-8.7","56.9","-31.2","169.7","-82.5","0","-129.8","0","165","0","-89.7","0","-153.7"
"1555351553441","04/15/19  18:05:53.441   ","8.6","-149.1","4.246","13.9","2.4","2.303","100","11.17","5.87","0.8","2.91","1","1.54","0.45","2.27","0","1.64","0","0.5","0","0.45","0","1.29","-148.6","140.1","-63.3","127.2","0","-179.2","-15.7","-97.1","-90.9","0","-126","0","162.3","0","-88","0","-157.9"
"1555351554649","04/15/19  18:05:54.649   ","8.67","-149","4.251","14.4","2.3","2.313","100","10.82","7.18","0.33","3.19","1.1","1.74","0.58","2.23","0.2","1.67","0","0.55","0","0.57","0","1.33","-149","-7.5","-64.8","-94.8","-7.1","8.7","-43.2","108","-92.3","0","-129.1","0","-175.5","0","-82.5","0","-152.4"
"1555351555426","04/15/19  18:05:55.426   ","8.65","-148.9","4.276","14.1","2.4","2.307","100","10.51","7.01","0.66","2.83","1.64","1.16","0.58","2.24","0.23","1.82","0","0.61","0","0.51","0","1.52","-148.3","130.6","-61.4","127.3","-1.6","171","-15.7","-95.6","-88.2","0","-125.3","0","169.2","0","-83.1","0","-153.3"
"1555351556518","04/15/19  18:05:56.518   ","8.65","-148.7","4.298","13.9","2.6","2.274","100","11.23","5.58","0.4","3.38","0.76","1.96","0.48","2.06","0","1.68","0","0.78","0","0.46","0","1.39","-148.9","32.5","-54.3","-63.3","-4.3","50.1","-33.3","134.6","-83.9","0","-132.6","0","175.8","0","-87.9","0","-153"
"1555351557663","04/15/19  18:05:57.663   ","8.66","-148.4","4.373","14.3","2.5","2.437","100","11.11","7.85","0.44","2.78","1.14","0.8","0.53","2.45","0","1.39","0","0.44","0","0.34","0","1.59","-148.7","-73.9","-62.6","-29.3","-10.3","-36.2","-25.2","41.2","-89.7","0","-119.2","0","157","0","-73.2","0","-146.4"
"1555351558519","04/15/19  18:05:58.519   ","8.74","-148.7","4.336","14.3","2.5","2.387","100","11.02","7.14","0.39","3.12","1.05","1.66","0.6","2.38","0","1.59","0","0.57","0","0.33","0","1.6","-148.8","-8.2","-64.7","-93.3","-8.1","6.8","-43.3","106.5","-97.9","0","-114.3","0","151.2","0","-76.2","0","-149.6"
"1555351559486","04/15/19  18:05:59.486   ","8.76","-148.6","4.342","14.4","2.4","2.422","100","10.94","6.87","0.25","3.25","1.09","1.68","0.58","2.28","0.2","1.77","0","0.82","0","0.48","0","1.55","-148.8","-2.8","-64.5","-96","-7.5","11.4","-45.5","109","-97.9","0","-113.2","0","137.1","0","-98","0","-143.6"
"1555351560527","04/15/19  18:06:00.527   ","8.78","-149.1","4.32","14.7","2.4","2.334","100","11.23","8.23","0.75","3.01","1.2","1.34","0.5","2.39","0","1.51","0","0.31","0","0.42","0","1.66","-148.5","-60.4","-64","-43","-8.4","-14.7","-25.1","54.5","-94.8","0","-115.6","0","150.6","0","-75.5","0","-146.7"
"1555351561460","04/15/19  18:06:01.460   ","8.67","-148.8","4.374","13.7","2.5","2.361","100","11.27","8.23","0.71","2.96","1.2","1.25","0.55","2.41","0","1.33","0","0.53","0","0.42","0","1.53","-148.6","-2.1","-64","-94.6","-6.9","10.1","-42.6","109.8","-95","0","-118.6","0","161.7","0","-78.7","0","-147.6"
"1555351562521","04/15/19  18:06:02.521   ","8.69","-149.1","4.375","13.6","2.5","2.303","100","11.6","6.01","0.9","2.67","0.63","1.65","0.67","2","0","1.45","0","0.38","0","0.36","0","1.69","-149","-128.2","-57.5","69.7","-8.7","-127.9","-32.9","-8.4","-85.7","46","-119.3","0","166.5","0","-92","0","-145.3"
"1555351563489","04/15/19  18:06:03.489   ","8.83","-148.4","4.43","14.6","2.6","2.229","100","11.63","5.84","0.84","2.68","0.61","1.74","0.59","1.93","0","1.51","0","0.46","0","0.4","0","1.53","-149","-137.4","-57.9","75.6","-6.2","-131.1","-31.6","-15","-86.1","34.2","-118.5","0","174.9","0","-85.5","0","-147.6"
"1555351564497","04/15/19  18:06:04.497   ","8.78","-148.4","4.434","14.8","2.5","2.235","100","11.64","5.91","0.63","2.76","0.66","1.75","0.56","2","0","1.46","0","0.73","0","0.35","0","1.63","-149","-149.4","-60","77.5","0.5","-139.3","-30.7","-34.6","-88","0","-117.4","0","171.6","0","-89.8","0","-150.1"
"1555351565386","04/15/19  18:06:05.386   ","8.8","-148.2","4.432","15","2.5","2.228","100","11.56","6.17","0.44","2.91","0.82","1.7","0.52","2.22","0","1.44","0","0.69","0","0.44","0","1.47","-148.7","-102.1","-58.4","-0.5","-12.1","-106.7","-32.4","10.8","-87.4","0","-120.8","0","179.5","0","-66.9","0","-148.3"
"1555351566505","04/15/19  18:06:06.505   ","8.84","-148.2","4.41","14","2.5","2.319","100","11.67","7.21","0.67","3.17","1.29","1.25","0.4","2.66","0","1.51","0","0.69","0","0.35","0","1.41","-147.7","118","-59.6","130.7","-6.5","153.2","-16.4","-110.9","-93.4","0","-117.6","0","-179.5","0","-65.3","0","-150.2"
"1555351567529","04/15/19  18:06:07.529   ","8.86","-148.4","4.408","14","2.5","2.318","100","11.53","7.6","0.59","2.95","1.05","1.69","0.62","2.38","0","1.53","0","0.71","0","0.38","0","1.4","-148.5","37.8","-53.4","-58.7","-7.8","52.4","-33.8","145","-86.2","0","-120.4","0","154.8","0","-91.2","0","-147.7"
"1555351568499","04/15/19  18:06:08.499   ","8.81","-148.2","4.391","15.3","2.5","2.294","100","11.4","5.76","0.26","3.38","0.93","1.91","0.51","2.12","0","1.74","0","0.79","0","0.42","0","1.37","-148.3","18.5","-59.1","-82.6","-6.5","35.2","-37.9","117.6","-94","0","-123.9","0","179.6","0","-63.1","0","-149.7"
"1555351569391","04/15/19  18:06:09.391   ","8.89","-148.8","4.42","14.8","2.4","2.305","100","11.26","6.75","0.28","3.2","1.1","1.68","0.63","2.34","0","1.67","0","0.64","0","0.31","0","1.48","-148.2","59.4","-50.7","-40","-11.8","59.5","-34.8","176.6","-85.4","0","-123.5","0","170.4","0","-79.1","0","-145.3"
"1555351570515","04/15/19  18:06:10.515   ","8.74","-148.8","4.452","13.8","2.6","2.264","100","11.93","5.91","0.58","2.77","0.59","1.67","0.62","2.11","0","1.43","0","0.59","0","0.4","0","1.51","-148.8","-150.4","-59.7","80.5","-1.2","-140.8","-31.9","-38.1","-89","0","-120.4","0","169.6","0","-84.1","0","-146.2"
"1555351571670","04/15/19  18:06:11.670   ","8.91","-148","4.42","15","2.6","2.271","100","11.86","5.05","0.99","2.95","0.77","1.73","0.61","2.23","0","1.7","0","0.5","0","0","0","1.44","-148","62.1","-50.4","-32.5","-11.4","61","-33.3","178.7","-83.7","0","-119.6","0","170.6","0","-83.9","0","-146.4"
"1555351572505","04/15/19  18:06:12.505   ","8.89","-147.6","4.469","14.9","2.5","2.288","100","11.96","7.31","0.51","2.67","1.08","1.43","0.6","2.6","0","1.53","0","0.69","0","0.46","0","1.47","-148.2","157.8","-66.5","118","-4","-179.2","-24.6","-85.9","-94.9","0","-118.6","0","167.1","0","-85.6","0","-154.4"
"1555351573440","04/15/19  18:06:13.440   ","8.88","-148.2","4.449","14.3","2.5","2.319","100","12.21","7.53","0.6","3.06","1.29","1.62","0.5","2.64","0","1.47","0","0.55","0","0.26","0","1.52","-148.6","-162.9","-63.5","90.1","0.8","-157.1","-36.4","-51.2","-88.9","0","-122.3","0","162.1","0","-70.7","0","-154.2"
"1555351574495","04/15/19  18:06:14.495   ","8.86","-148.3","4.438","14.6","2.5","2.264","100","11.9","4.86","0.83","3.12","0.65","1.96","0.53","2.21","0","1.64","0","0.4","0","0.26","0","1.41","-148.1","44.7","-51.6","-50","-10.9","51.4","-36.1","158.4","-84.1","0","-121","0","165.6","0","-73.3","0","-151"
"1555351575581","04/15/19  18:06:15.581   ","8.84","-147.6","4.513","13.9","2.5","2.354","100","11.86","6.29","1.01","2.47","0.85","1.45","0.74","2.35","0","1.35","0","0.33","0","0.41","0","1.52","-148.5","-109.7","-58","32.6","-14.4","-117.8","-31.7","2.2","-87.8","0","-122.9","0","170.2","0","-70.5","0","-151.6"
"1555351576495","04/15/19  18:06:16.495   ","8.91","-148.6","4.484","13.9","2.6","2.474","100","11.79","7.58","0.61","2.69","1.08","0.96","0.67","2.59","0","1.19","0","0.39","0","0.47","0","1.4","-148.4","-79.9","-62.2","-29.3","-13.6","-52.4","-25.9","34.7","-93.8","0","-117.6","0","-165.7","0","-40.8","0","-151.8"
"1555351577413","04/15/19  18:06:17.413   ","8.77","-147.6","4.492","15.1","2.7","2.282","100","11.88","6.24","1.03","2.49","0.87","1.51","0.67","2.4","0","1.44","0","0.25","0","0.28","0","1.52","-148.6","-110.2","-58","33.3","-12.6","-116.2","-33","0.5","-89","0","-120.7","0","-173.5","0","-61.2","0","-152.7"
"1555351578521","04/15/19  18:06:18.521   ","8.89","-147.4","4.491","14.8","2.5","2.276","100","11.78","6.06","0.76","2.62","1.16","1.05","0.48","2.7","0","1.38","0","0.54","0","0.35","0","1.46","-148","153.1","-66.1","120.2","-4.1","-176.4","-18.1","-85","-96.4","0","-117.8","0","178.3","0","-67.6","0","-150.8"
"1555351579499","04/15/19  18:06:19.499   ","8.91","-148.1","4.456","14.2","2.5","2.277","100","11.95","4.92","1.01","2.98","0.79","1.9","0.52","2.34","0","1.53","0","0.56","0","0.23","0","1.35","-148.1","61.3","-50.4","-39.6","-12.3","60.7","-31.5","179.4","-86.6","0","-121","0","167.1","0","-76.9","0","-151.5"
"1555351580647","04/15/19  18:06:20.647   ","8.89","-148.6","4.478","13.9","2.5","2.307","100","11.93","6.7","0.96","2.39","0.97","1.12","0.73","2.32","0","1.45","0","0.3","0","0.32","0","1.62","-148.4","-97.6","-59.2","-8.4","-12.1","-100.5","-28.6","16.7","-89.6","0","-120","0","172.4","0","-61.3","0","-152"
"1555351581413","04/15/19  18:06:21.413   ","8.83","-148.6","4.47","13.9","2.5","2.32","100","11.45","6.78","0.33","3.14","1.1","1.71","0.63","2.43","0","1.49","0","0.78","0","0.4","0","1.5","-148","-6.3","-64.8","-89.8","-10.3","10.5","-40.5","113.1","-98.5","0","-113","0","141.2","0","-76.7","0","-142.1"
"1555351582438","04/15/19  18:06:22.438   ","8.89","-148.5","4.466","14","2.5","2.367","100","11.96","6.57","1","2.36","1.01","1.33","0.69","2.39","0","1.41","0","0.34","0","0.38","0","1.6","-148.4","-101.4","-58.4","6","-13.8","-106.8","-29","10","-89.6","0","-112.4","0","161.4","0","-77","0","-147.6"
"1555351583436","04/15/19  18:06:23.436   ","8.81","-147.5","4.496","15","2.7","2.222","100","12.08","5.73","0.82","2.53","0.64","1.78","0.64","2.05","0","1.44","0","0.55","0","0.48","0","1.5","-148.6","-136.4","-57.7","76.5","-7.5","-131.5","-28.3","-18.5","-87.5","49.6","-119.5","0","158.7","0","-77.4","0","-145.2"
"1555351584514","04/15/19  18:06:24.514   ","8.92","-147.7","4.479","14.3","2.5","2.311","100","12.04","4.97","0.97","2.79","0.76","1.76","0.55","2.72","0","1.45","0","0.75","0","0.24","0","1.42","-147.4","126.2","-61.4","127.4","-2.7","169.5","-14","-97.9","-95.2","0","-108.8","0","158.4","0","-87.2","0","-144.4"
"1555351585526","04/15/19  18:06:25.526   ","8.92","-148.7","4.468","14.1","2.5","2.308","100","12.04","7.94","0.82","2.86","1.05","1.66","0.61","2.64","0","1.48","0.26","0.88","0","0.53","0","1.41","-148","29.4","-54.9","-66.6","-4.2","50.2","-34.7","127.1","-91.1","0","-118.8","-34.4","159.2","0","-66.7","0","-150.2"
"1555351586846","04/15/19  18:06:26.846   ","8.89","-148","4.462","14.2","2.6","2.268","100","12.04","4.92","0.69","3.2","0.67","2.05","0.56","2.2","0","1.52","0","0.46","0","0.22","0","1.53","-148","39.4","-52.7","-53.3","-8.4","52.3","-28.7","151.1","-88","0","-119.7","0","171.8","0","-76","0","-149"
"1555351587419","04/15/19  18:06:27.419   ","8.9","-148.4","4.478","14.1","2.5","2.37","100","11.96","8.03","0.9","3.04","1.22","1.75","0.56","2.62","0","1.36","0","0.62","0","0.43","0","1.5","-147.7","-42.6","-66.2","-50.2","-8.4","0.6","-16","75.6","-99.8","0","-113.8","0","144.5","0","-59.1","0","-145"
"1555351588533","04/15/19  18:06:28.533   ","8.84","-147.5","4.505","14.6","2.7","2.235","100","12.23","7.31","0.52","2.78","1.17","1.5","0.56","2.52","0","1.49","0","0.71","0","0.4","0","1.42","-147.9","154.9","-66.5","123.8","-3.3","-177.2","-15.1","-86.8","-97","0","-110.5","0","158.1","0","-76","0","-150.9"
"1555351589551","04/15/19  18:06:29.551   ","8.93","-148","4.481","14.3","2.6","2.301","100","12.07","4.78","0.96","2.98","0.77","1.82","0.56","2.31","0","1.48","0","0.63","0","0.26","0","1.44","-147.4","120.7","-60.3","129.2","-2.8","153.4","-13.6","-104.8","-94.5","0","-113.1","0","176","0","-63","0","-151.6"
"1555351590502","04/15/19  18:06:30.502   ","8.95","-147.8","4.47","14.2","2.7","2.29","100","11.83","5.63","0.84","2.71","1.12","1.38","0.46","2.57","0","1.44","0","0.5","0","0.3","0","1.48","-147.6","85.4","-51.1","116.6","-7.2","79.9","-19","-150","-90.3","0","-121.8","0","-176.4","0","-77.7","0","-147.6"
"1555351591437","04/15/19  18:06:31.437   ","8.94","-147.8","4.458","14.6","2.6","2.276","100","11.71","7.22","0.5","2.98","1.12","1.45","0.61","2.6","0","1.51","0","0.71","0","0.39","0","1.5","-148","46.4","-51.8","-46.2","-9.9","53.7","-31.6","159.9","-89.6","0","-118.4","0","179.6","0","-71.4","0","-150.4"
"1555351592513","04/15/19  18:06:32.513   ","8.95","-148.4","4.497","14","2.5","2.487","100","12.05","6.07","1","2.56","0.81","1.41","0.63","2.36","0","1.25","0","0.35","0","0.32","0","1.53","-148.4","-118","-57.4","62.7","-8.9","-122.9","-35.6","-2.3","-84.6","70.6","-116.8","0","164.4","0","-83.2","0","-145.9"
"1555351593528","04/15/19  18:06:33.528   ","8.81","-147.9","4.55","15.1","2.6","2.338","100","12.1","5.85","0.6","2.81","0.67","1.66","0.57","2.05","0","1.43","0","0.49","0","0.43","0","1.48","-148.3","-155.7","-61.6","86","1.8","-145.4","-35.7","-39.3","-89.8","0","-118.9","0","152.5","0","-82.6","0","-148.2"
"1555351594516","04/15/19  18:06:34.516   ","8.94","-147.3","4.523","15.2","2.5","2.268","100","11.87","6.55","0.72","2.88","1.22","0.95","0.43","2.57","0","1.38","0","0.54","0","0.28","0","1.46","-147.6","102.5","-55.4","127.9","-7.5","114.6","-17.9","-122.2","-92","0","-118.6","0","-178.2","0","-66.9","0","-150.9"
"1555351595453","04/15/19  18:06:35.453   ","8.94","-147.9","4.478","14.4","2.7","2.285","100","12.12","4.91","0.98","2.91","0.8","1.79","0.54","2.47","0","1.52","0","0.47","0","0","0","1.48","-147.5","125.2","-62.2","129.8","-2.3","166.9","-14","-98.4","-95.7","0","-117.8","0","175.7","0","0","0","-152.3"
"1555351596489","04/15/19  18:06:36.489   ","8.91","-147.9","4.47","15.2","2.5","2.266","100","11.95","5.34","0.29","3.32","0.77","1.91","0.54","2.28","0","1.5","0","0.69","0","0.36","0","1.46","-147.9","23.8","-57.1","-73.6","-4.7","42.3","-32.1","123.8","-91.5","0","-122.4","0","171.2","0","-89.2","0","-146.7"
"1555351597394","04/15/19  18:06:37.394   ","8.98","-148.5","4.49","14.8","2.5","2.324","100","11.81","7.21","0.51","3.03","1.07","1.45","0.68","2.55","0","1.44","0","0.78","0","0.47","0","1.4","-148","-17.6","-65.6","-67.1","-10.6","3.9","-34.2","100","-101.6","0","-111.8","0","155.3","0","-54.6","0","-147.6"
"1555351598495","04/15/19  18:06:38.495   ","8.92","-148.3","4.527","14.2","2.8","2.279","100","12.13","5.99","0.99","2.57","0.78","1.55","0.72","2.22","0","1.22","0","0.54","0","0.42","0","1.39","-148.7","-119.4","-57.2","69.9","-11.9","-122.2","-34.7","-5.5","-84.9","0","-121.8","0","173.8","0","-66.2","0","-147.8"
"1555351599412","04/15/19  18:06:39.412   ","8.92","-147.5","4.527","14.7","2.6","2.246","100","12.13","5.86","0.53","2.84","0.73","1.69","0.64","2.19","0","1.39","0","0.42","0","0.41","0","1.47","-148.3","-157.5","-61.7","88.2","3.2","-149.5","-34.9","-37.4","-89.9","0","-124.6","0","164.1","0","-79.8","0","-149.3"
"1555351600687","04/15/19  18:06:40.687   ","8.98","-148.5","4.475","14.3","2.5","2.382","100","12.1","7.06","0.81","2.51","1.07","0.97","0.71","2.34","0","1.24","0","0.24","0","0.38","0","1.58","-148.2","-90.6","-60.4","-23","-10.2","-88.1","-24.5","25","-89.1","0","-127.3","0","-169","0","-74.3","0","-145.6"
"1555351601796","04/15/19  18:06:41.796   ","8.95","-148.1","4.489","14.2","2.6","2.302","100","11.89","6.48","0.69","2.84","1.27","1","0.38","2.68","0","1.32","0","0.72","0","0.31","0","1.38","-147.5","102","-54.8","125.5","-6.8","117.6","-19.7","-127.1","-92.3","0","-122","0","-170.7","0","0","0","-149.3"
"1555351602491","04/15/19  18:06:42.491   ","9","-148.3","4.477","14.1","2.5","2.387","100","11.95","8.1","0.84","2.98","1.34","1.67","0.45","2.57","0","1.25","0","0.51","0","0.25","0","1.44","-147.9","-46.7","-66.2","-49.5","-8.7","1.6","-15.1","67.2","-97.5","0","-125.9","0","-158.7","0","-43.6","0","-145.9"
"1555351603515","04/15/19  18:06:43.515   ","8.85","-148.1","4.539","15","2.7","2.26","100","12.22","5.7","0.67","2.76","0.64","1.74","0.56","2.1","0","1.25","0","0.51","0","0.41","0","1.47","-148.7","-150.1","-59.9","75.5","-1","-139.8","-32","-36.6","-87.7","34.9","-120.9","0","175.7","0","-66.3","0","-151.5"
"1555351604497","04/15/19  18:06:44.497   ","8.84","-147.5","4.535","15.1","2.6","2.282","100","11.99","6.7","0.69","3.04","1.29","1.08","0.37","2.63","0","1.26","0","0.56","0","0.3","0","1.36","-148.2","167.9","-68.1","104.6","-4.4","179.8","-26.3","-94.4","-95.9","0","-115.8","0","159.8","0","-62.4","0","-152.4"
"1555351605543","04/15/19  18:06:45.543   ","8.91","-148.4","4.482","15.4","2.5","2.294","100","11.64","6.48","0.22","3.32","1.08","1.74","0.6","2.25","0","1.5","0","0.65","0","0.41","0","1.35","-148","64.7","-49.8","-34","-11.9","62","-34.1","-174.5","-83.3","0","-120.6","0","173.4","0","-76.1","0","-149"
"1555351606509","04/15/19  18:06:46.509   ","9.01","-147.9","4.485","15.4","2.6","2.304","100","12.05","8.07","0.84","3.11","1.24","1.59","0.49","2.49","0","1.5","0","0.42","0","0.36","0","1.56","-148","21.9","-57.6","-74.9","-5.7","39.6","-35.4","129.9","-90.9","0","-124","0","162.8","0","-88.5","0","-149.7"
"1555351607401","04/15/19  18:06:47.401   ","9","-148.7","4.505","14.7","2.5","2.343","100","11.84","7.41","0.53","3.07","1.08","1.59","0.56","2.33","0","1.51","0","0.59","0","0.39","0","1.52","-148","-23.1","-66.2","-63.7","-8","5.1","-27.6","89.4","-98.9","0","-115.4","0","135.4","0","-59.2","0","-152.2"
"1555351608509","04/15/19  18:06:48.509   ","8.86","-148.3","4.547","14.3","2.7","2.379","100","12.17","6.98","0.5","2.89","1.07","1.45","0.64","2.32","0.25","1.54","0","0.63","0","0.5","0","1.55","-148.6","-128.7","-57.4","81.3","-10.3","-128.8","-38","-10.6","-83.1","53.9","-120.6","0","177.9","0","-78.7","0","-149.4"
"1555351609401","04/15/19  18:06:49.401   ","8.95","-147.6","4.558","15.3","2.6","2.366","100","12.17","6.26","0.32","2.95","0.9","1.63","0.6","2.13","0","1.55","0","0.47","0","0.46","0","1.52","-148.3","-171.6","-66.2","86.7","1.6","-164.3","-37.7","-65","-91.8","0","-118","0","154.7","0","-85.7","0","-147.7"
"1555351610503","04/15/19  18:06:50.503   ","8.99","-148.1","4.527","14.4","2.7","2.397","100","11.91","5.66","0","3.4","0.88","1.87","0.53","2.32","0","1.48","0","0.78","0","0.43","0","1.35","-147.7","80.1","-50.1","0","-7.8","74.4","-24.8","-156.4","-87.3","0","-118.4","0","178.7","0","-75.5","0","-151.1"
"1555351611438","04/15/19  18:06:51.438   ","9.01","-148.5","4.51","14.4","2.6","2.313","100","12.05","7.72","0.71","2.97","1.11","1.58","0.61","2.54","0","1.36","0","0.71","0","0.44","0","1.43","-147.8","33","-53.6","-59.4","-5.9","49.6","-34.7","134.8","-86.8","0","-118.2","0","155.5","0","-81.4","0","-147.6"
"1555351612515","04/15/19  18:06:52.515   ","8.9","-148.5","4.517","14.1","2.6","2.35","100","12.28","5.66","0.85","2.68","0.61","1.61","0.65","1.94","0","1.45","0","0.39","0","0.41","0","1.41","-148.6","-141.4","-58.3","72.7","-4.5","-134","-34.4","-22.6","-86.2","36.7","-117.8","0","159.8","0","-84.1","0","-146.3"
"1555351613537","04/15/19  18:06:53.537   ","8.85","-147.4","4.549","15.3","2.6","2.263","100","12.14","6.86","0.42","2.84","1.08","1.45","0.6","2.47","0.21","1.48","0","0.6","0","0.43","0","1.43","-148","170","-68.4","100.3","-1.8","-177.7","-27.7","-90.1","-98.6","0","-116.1","0","179.5","0","-64","0","-152.2"
"1555351614312","04/15/19  18:06:54.312   ","8.95","-147.5","4.552","15.4","2.8","2.252","100","12.16","6.33","1.02","2.43","0.92","1.31","0.69","2.02","0","1.42","0","0.33","0","0.38","0","1.44","-148.3","-109.5","-57.9","32.6","-11.3","-117.3","-33.6","2.6","-85.2","0","-118.8","0","166.2","0","-82.6","0","-148.5"
"1555351615524","04/15/19  18:06:55.524   ","8.95","-147.7","4.503","15.5","2.7","2.284","100","11.84","5.87","0","3.41","0.98","1.85","0.58","2.16","0","1.73","0","0.68","0","0.43","0","1.32","-147.9","10","-61.5","-87.7","-6.4","28.1","-39.3","122.1","-95.6","0","-122.9","0","160.4","0","-84.6","0","-148.1"
"1555351616437","04/15/19  18:06:56.437   ","9.04","-148.1","4.513","14.2","2.6","2.363","100","12.18","7.88","0.85","2.98","1.2","1.59","0.63","2.49","0","1.38","0","0.69","0","0.41","0","1.49","-147.8","-39.9","-65.7","-51.2","-8.2","3.7","-13.7","78.5","-101.7","0","-119","0","154.7","0","-60.3","0","-149"
"1555351617510","04/15/19  18:06:57.510   ","8.91","-148.1","4.555","14","2.7","2.265","100","12.28","5.64","0.68","2.71","0.64","1.74","0.6","2.01","0","1.38","0","0.58","0","0.48","0","1.47","-148.3","-151.8","-60.5","83.9","1.9","-140.8","-32.9","-32.7","-87.9","0","-120","0","162","0","-80.4","0","-146.4"
"1555351618565","04/15/19  18:06:58.565   ","9.06","-148","4.512","15","2.7","2.287","100","12.12","4.94","0.49","3.24","0.69","2.01","0.5","1.87","0","1.83","0","0.57","0","0.43","0","1.29","-147.5","95","-53.7","125.5","-5.3","96.5","-24.9","-138.9","-86.1","0","-120.9","0","158.1","0","-92.9","0","-152.3"
"1555351619500","04/15/19  18:06:59.500   ","9.01","-148.1","4.527","14.3","2.6","2.301","100","12.27","4.68","0.79","3.09","0.68","1.9","0.51","2.08","0","1.6","0","0.59","0","0.2","0","1.35","-147.9","44","-51.5","-50.7","-8.3","54.4","-32.3","158.2","-85.6","0","-121.5","0","175","0","-76.6","0","-148"
"1555351620429","04/15/19  18:07:00.429   ","9.01","-147.7","4.512","15.3","2.6","2.305","100","11.78","6.69","0.34","3.2","1.05","1.77","0.63","2.35","0","1.67","0","0.56","0","0.45","0","1.49","-147.9","57.5","-49.6","-38.8","-11.9","56.1","-32.7","173.4","-86.7","0","-121.8","0","171.6","0","-81.5","0","-148.6"
"1555351621502","04/15/19  18:07:01.502   ","8.97","-148.4","4.268","14.2","2.6","2.271","100","12.27","5.89","1.01","2.6","0.73","1.56","0.68","2.09","0","1.57","0","0.42","0","0.41","0","1.43","-148.6","-123.1","-56.1","71.7","-11.5","-126.4","-31.9","-4.6","-84.8","51.6","-121.2","0","178.7","0","-65.2","0","-155"
"1555351622504","04/15/19  18:07:02.504   ","8.85","-147.6","4.308","15.4","2.6","2.211","100","12.22","6.21","0.29","2.91","0.96","1.69","0.56","2.14","0.2","1.38","0","0.65","0","0.36","0","1.55","-148.4","-173.4","-65.9","91.3","-1.1","-169.5","-33.6","-62.5","-94.9","0","-119","0","153","0","-93.3","0","-149.2"
"1555351623675","04/15/19  18:07:03.675   ","9.06","-148.3","4.238","15.6","2.6","2.329","100","12.13","8.16","0.92","3.05","1.21","1.52","0.65","2.44","0","1.27","0","0.45","0","0.33","0","1.5","-147.9","-59.1","-65.1","-46.4","-10.7","-15.1","-19.8","60.7","-99.7","0","-119.5","0","-175.6","0","-62.1","0","-150.2"
"1555351624432","04/15/19  18:07:04.432   ","8.98","-147.8","4.242","15.4","2.6","2.238","100","12.08","5.41","0.27","3.33","0.87","1.98","0.55","2.11","0","1.6","0","0.58","0","0.34","0","1.39","-147.6","84.7","-50.3","112.4","-8.4","79.8","-22.1","-152","-87.5","0","-120.5","0","-173.5","0","-83.4","0","-150.7"
"1555351625520","04/15/19  18:07:05.520   ","9.01","-148.7","4.276","14.5","2.6","2.47","100","12.25","6.89","0.85","2.51","1.09","1.05","0.69","2.31","0","1.43","0","0.36","0","0.41","0","1.46","-148.4","-95.2","-58.6","-9.5","-11.9","-92.8","-27.2","16.2","-87.2","0","-115.7","0","164","0","-50.9","0","-149.4"
"1555351626639","04/15/19  18:07:06.639   ","9","-148","4.285","14.4","2.6","2.407","100","12.07","5.79","0.83","2.67","1.17","1.19","0.45","2.61","0","1.43","0","0.58","0","0.35","0","1.42","-147.6","87.6","-51","118.9","-8.2","87","-19.4","-151.9","-92.9","0","-121.5","0","-174.1","0","-70.1","0","-153.3"
"1555351627317","04/15/19  18:07:07.317   ","8.99","-147.5","4.323","14.4","2.8","2.375","100","12.33","5.69","0.88","2.57","0.68","1.65","0.69","2.01","0","1.41","0","0.42","0","0.49","0","1.43","-148.1","-66.4","-64.1","-43","-12","-22.5","-22.4","50.7","-98.2","0","-117.2","0","176.2","0","-68.1","0","-146.7"
"1555351628520","04/15/19  18:07:08.520   ","8.98","-148","4.232","14.7","2.7","2.239","100","11.82","6.83","0.36","3.17","1.13","1.54","0.58","2.42","0","1.41","0","0.96","0","0.42","0","1.43","-148.1","-9.2","-65.3","-94","-9.9","8","-33.8","110.4","-100.1","0","-117.5","0","158.4","0","-68.8","0","-144.8"
"1555351629419","04/15/19  18:07:09.419   ","9.02","-148.5","4.21","15.5","2.5","2.277","100","11.98","5.93","0","3.37","0.94","1.79","0.54","2.36","0.2","1.58","0","0.66","0","0.39","0","1.42","-148.1","11","-61.7","-88.4","-5.9","29.1","-33.8","114.6","-94.4","0","-126","0","153.8","0","-100.7","0","-147.5"
"1555351630523","04/15/19  18:07:10.523   ","8.83","-148.5","4.254","14.3","2.7","2.246","100","12.36","5.86","0.49","2.82","0.72","1.67","0.64","2.01","0","1.49","0","0.59","0","0.4","0","1.38","-148.5","-158.2","-61.9","82.9","0.8","-149.6","-34.1","-40.6","-88.3","0","-120.1","0","148.8","0","-79.6","0","-149.7"
"1555351631416","04/15/19  18:07:11.416   ","8.84","-147.6","4.269","14.7","2.7","2.196","100","12.39","5.58","0.87","2.6","0.65","1.66","0.69","2","0","1.36","0","0.45","0","0.45","0","1.46","-148.7","-137","-57.7","77.7","-7","-133.6","-33.3","-21","-83.4","44.4","-116.5","0","155","0","-81.3","0","-148.1"
"1555351632498","04/15/19  18:07:12.498   ","8.93","-147.8","4.23","14.4","2.6","2.272","100","12.34","7.29","0.61","3.26","1.37","1.48","0.42","2.66","0","1.37","0","0.34","0","0.3","0","1.43","-147.6","120.7","-59.3","125.8","-3.6","159.6","-14.4","-105.5","-95.2","0","-120.7","0","148.6","0","0","0","-148.3"
"1555351633415","04/15/19  18:07:13.415   ","8.89","-148","4.191","15.4","2.7","2.231","100","12.07","5.6","0.83","2.63","1.11","1.3","0.52","2.64","0","1.56","0","0.4","0","0.22","0","1.41","-147.7","85.5","-50","108.8","-7.4","79.7","-24.4","-148.1","-88.8","0","-121.7","0","179.6","0","-63.3","0","-145.2"
"1555351634549","04/15/19  18:07:14.549   ","8.93","-148.7","4.179","14.9","2.5","2.316","100","12.06","7.65","0.48","2.75","1.08","0.85","0.66","2.39","0","1.2","0","0.54","0","0.42","0","1.55","-148.3","-79.6","-61.7","-32.4","-11.8","-57.9","-18.7","36.5","-95.6","0","-121.2","0","-172.1","0","-51","0","-151.2"
"1555351635585","04/15/19  18:07:15.585   ","8.89","-148","4.188","14.4","2.6","2.2","100","12.3","6.52","0.39","2.98","0.93","1.52","0.67","2.35","0","1.46","0","0.59","0","0.4","0","1.52","-148.3","-176.2","-67.4","91.6","0.6","-170.1","-32.4","-74.8","-96.4","0","-120.1","0","164.9","0","-73.8","0","-146.9"
"1555351636488","04/15/19  18:07:16.488   ","8.77","-148.2","4.222","15","2.7","2.185","100","12.35","5.65","0.63","2.72","0.57","1.62","0.7","2.14","0","1.47","0","0.46","0","0.37","0","1.61","-148.7","-146.8","-58.8","77.2","-2.5","-137.4","-32.3","-33.6","-87.8","0","-120","0","167.7","0","-86.3","0","-149.4"
"1555351637401","04/15/19  18:07:17.401   ","8.85","-148","4.268","15.6","2.6","2.186","100","12.2","6.41","0.37","2.96","0.98","1.71","0.69","2.35","0.2","1.41","0","0.78","0","0.39","0","1.37","-148.3","-175.3","-66.8","93","1.7","-169.1","-33.6","-70.4","-95.3","0","-118.7","0","148.3","0","-81.3","0","-145.6"
"1555351638514","04/15/19  18:07:18.514   ","8.82","-148.2","4.145","14.3","2.6","2.221","100","12.19","5.11","0.5","3.32","0.7","2.05","0.53","2.1","0","1.66","0","0.61","0","0.29","0","1.35","-148.2","31.4","-54.4","-66.7","-5.2","50","-29.7","134","-89.1","0","-123.2","0","157.5","0","-89.1","0","-149.3"
"1555351639478","04/15/19  18:07:19.478   ","8.81","-147.9","4.123","15.5","2.7","2.211","100","11.91","6.3","0","3.37","0.98","1.93","0.62","2.44","0","1.59","0","0.62","0","0.31","0","1.47","-148.2","6.8","-62.9","-93.7","-6.1","25.3","-39.2","112","-98","0","-117.3","0","154.7","0","-92.4","0","-148.5"
"1555351640857","04/15/19  18:07:20.857   ","8.78","-148.3","4.124","14.3","2.6","2.205","100","12.18","5.04","0.52","3.24","0.71","1.97","0.52","2.33","0","1.66","0","0.53","0","0","0","1.39","-148.2","33.7","-53.4","-63.9","-6.3","49.9","-30.3","139.4","-91.6","0","-118.7","0","167.2","0","-77.8","0","-151.9"
"1555351641403","04/15/19  18:07:21.403   ","8.81","-148.7","4.131","14.1","2.5","2.278","100","12.07","7.98","0.71","2.89","1.24","1.66","0.46","2.69","0","1.43","0","0.76","0","0.31","0","1.47","-147.9","-39.1","-65.6","-52.7","-6.4","3.9","-7.7","69.6","-103.5","0","-113.4","0","-175.5","0","-59.8","0","-147"
"1555351642512","04/15/19  18:07:22.512   ","8.7","-148.5","4.186","14.5","2.7","2.307","100","12.13","6.69","0.39","2.95","1.04","1.63","0.62","2.47","0","1.5","0","0.78","0","0.32","0","1.59","-148.5","-178.9","-67.3","92","-1.2","-172.1","-35.6","-76.5","-98.2","0","-119.1","0","157.2","0","-94.8","0","-150"
"1555351643439","04/15/19  18:07:23.439   ","8.71","-148","4.184","15.1","2.7","2.289","100","12.22","7.26","0.6","2.81","1.12","1.54","0.58","2.56","0","1.62","0","0.7","0","0.39","0","1.51","-148.9","-135.4","-57.4","84","-7.7","-132.5","-33","-17.2","-89.7","0","-117.2","0","170.2","0","-77.6","0","-149.4"
"1555351644512","04/15/19  18:07:24.512   ","8.79","-148","4.143","14.8","2.5","2.232","100","11.89","5.79","0.86","2.67","1.13","1.22","0.48","2.64","0","1.49","0","0.55","0","0.21","0","1.43","-148","90.2","-50.4","120.4","-7.5","86.2","-22.7","-138.8","-94.5","0","-118.5","0","172.1","127.8","-65.4","0","-151.1"
"1555351645609","04/15/19  18:07:25.609   ","8.63","-148.6","4.087","14.1","2.5","2.26","100","12.06","8.14","0.88","3.01","1.27","1.91","0.58","2.82","0","1.14","0","0.63","0","0.21","0","1.41","-148.3","17.1","-59.7","-83.4","-1.1","36.8","-31","118.8","-96","0","-125.5","0","-179.8","0","-118.6","0","-145.2"
"1555351646510","04/15/19  18:07:26.510   ","8.71","-148.5","4.079","14.7","2.7","2.201","100","11.77","6.34","0","3.46","1.03","1.94","0.62","2.37","0","1.54","0","0.73","0","0.29","0","1.42","-148.5","8.8","-61.9","-90","-4.3","24","-34.5","114.2","-97.2","0","-122.1","0","160.7","0","-82.6","0","-149.6"
"1555351647411","04/15/19  18:07:27.411   ","8.73","-148.3","4.054","15.3","2.6","2.2","100","12.18","4.91","0.95","2.99","0.79","1.91","0.59","2.47","0","1.56","0","0.48","0","0.21","0","1.42","-148.3","63.4","-49.5","-44.7","-9.6","58.9","-29.3","-178.6","-90.8","0","-120.6","0","178.7","0","-69.8","0","-153.2"
"1555351648659","04/15/19  18:07:28.659   ","8.63","-148.7","4.115","14.5","2.7","2.169","100","12.05","5.84","0.96","2.57","0.76","1.68","0.66","2.25","0","1.31","0","0.63","0","0.41","0","1.41","-149","-123.2","-56.5","70.8","-9.3","-124.9","-32.6","-12.6","-90.1","49.7","-120.1","0","178.1","0","-73.2","0","-150"
"1555351649496","04/15/19  18:07:29.496   ","8.61","-148.7","4.068","14.1","2.5","2.287","100","11.72","8.15","0.68","3.03","1.24","1.33","0.49","2.63","0","1.16","0","0.68","0","0.43","0","1.51","-148.6","-65","-62.7","-43.7","-8.4","-22.7","-20","51.3","-100.6","0","-119.5","0","-171.3","0","-54.2","0","-145"
"1555351650520","04/15/19  18:07:30.520   ","8.6","-149.2","4.059","14","2.5","2.254","100","12.01","5.82","0.89","2.64","0.75","1.65","0.67","2.14","0","1.48","0","0.49","0","0.46","0","1.5","-149.1","-123.9","-56.3","71.7","-8.9","-125.2","-35.5","-13.7","-86","55.2","-119.8","0","151.5","0","-105.9","0","-146.9"
"1555351651429","04/15/19  18:07:31.429   ","8.6","-148.1","4.086","14.5","2.5","2.264","100","11.76","8.25","0.78","3.11","1.22","1.36","0.53","2.63","0","1.22","0","0.66","0","0.49","0","1.56","-148.5","-61.5","-62.9","-44.7","-6.9","-21.2","-22.1","58.4","-96.6","0","-118.3","0","166.4","0","-83.1","0","-146"
"1555351652800","04/15/19  18:07:32.800   ","8.69","-148.6","4.016","15.4","2.5","2.207","100","11.58","6.63","0","3.46","1.09","1.71","0.6","2.47","0","1.59","0","0.87","0","0.46","0","1.44","-148.7","7.3","-62.4","-91.9","-1.7","24.6","-39.2","113.2","-96","0","-120.7","0","172","0","-70.8","0","-151.5"
"1555351653429","04/15/19  18:07:33.429   ","8.57","-148.2","4.065","15.4","2.7","2.185","100","11.95","6.29","1.07","2.54","0.94","1.39","0.7","2.35","0","1.44","0","0.45","0","0.39","0","1.55","-149.2","-107.1","-56.3","27.4","-7.7","-107.6","-35.6","-0.8","-87.5","0","-115.1","0","165","0","-85.4","0","-146"
"1555351654520","04/15/19  18:07:34.520   ","8.67","-148.4","4.061","15.3","2.5","2.169","100","12.29","7.68","0.47","2.92","1.24","1.52","0.43","2.76","0","1.41","0","0.92","0","0.34","0","1.58","-148.4","143.8","-64.2","126","0.4","179.5","-3.9","-93.1","-97.9","0","-120.7","0","-170.1","0","-77.6","0","-145.5"
"1555351655620","04/15/19  18:07:35.620   ","8.67","-148.9","4.015","14.3","2.6","2.258","100","11.96","5.04","0.6","3.23","0.78","1.92","0.48","2.26","0","1.59","0","0.88","0","0.29","0","1.43","-148.6","101","-54.2","124.4","-3.7","114.7","-19.2","-136.6","-94.1","0","-121.5","0","-176.2","0","-60.8","0","-153.6"
"1555351656321","04/15/19  18:07:36.321   ","8.6","-148.5","4.046","14.6","2.6","2.242","100","12.06","5.84","0.94","2.64","0.7","1.6","0.66","2.23","0","1.37","0","0.69","0","0.44","0","1.57","-148.8","-68.9","-62.1","-40.1","-8.5","-34.6","-23.2","50.8","-98.2","0","-116.8","0","-176.5","0","-48.6","0","-153.1"
"1555351657520","04/15/19  18:07:37.520   ","8.64","-148.6","4.01","14.3","2.5","2.216","100","12.32","7.61","0.52","3.27","1.32","1.53","0.49","2.79","0","1.45","0","0.77","0","0.32","0","1.5","-148.3","131.4","-61.5","127.8","0.9","169.7","-13.1","-100.8","-94.5","0","-115.2","0","178.9","0","-83.7","0","-150.3"
"1555351658451","04/15/19  18:07:38.451   ","8.63","-148.9","3.988","14.4","2.5","2.231","100","12.22","7.73","0.56","2.87","1.21","1.54","0.45","2.54","0","1.56","0","0.67","0","0.36","0","1.5","-148.8","149","-65.3","124","-1.2","177.7","-10.1","-96.5","-97.4","0","-116.1","0","170.5","0","-80.2","0","-154.4"
"1555351659516","04/15/19  18:07:39.516   ","8.63","-148.9","4.023","14.2","2.5","2.385","100","11.79","7.05","0.65","3.34","1.23","1.19","0.44","2.61","0","1.45","0","0.72","0","0.39","0","1.43","-148.6","114.3","-57.4","127","-2.7","139.9","-20.1","-119.2","-96.5","0","-118.3","0","-168.1","0","-66","0","-154.3"
"1555351660428","04/15/19  18:07:40.428   ","8.62","-148.8","4.02","14.2","2.5","2.355","100","12.23","7.67","0.53","3.2","1.29","1.66","0.48","2.7","0","1.54","0","0.6","0","0.33","0","1.61","-148.6","135.2","-62.5","127.1","0.1","173.2","-13","-99.2","-98.1","0","-116.1","0","171.3","0","-88","0","-150.3"
"1555351661502","04/15/19  18:07:41.502   ","8.6","-149","4.023","14.7","2.5","2.374","100","11.68","6.53","0.8","2.98","1.15","1.05","0.43","2.57","0","1.52","0","0.52","0","0.29","0","1.43","-148.7","104.5","-54.3","123.3","-3.4","118.4","-20","-121.5","-91.2","0","-118.6","0","-179.8","0","-62.8","0","-157.6"
"1555351662419","04/15/19  18:07:42.419   ","8.57","-149","3.98","14.2","2.5","2.222","100","12.11","7.6","0.57","3.37","1.3","1.59","0.42","2.57","0","1.47","0","0.77","0","0.35","0","1.54","-149.2","-170.7","-65.5","83.9","4.5","-163.2","-38.7","-74.6","-91.6","0","-119.6","0","161.1","0","-94.6","0","-150.2"
"1555351663312","04/15/19  18:07:43.312   ","8.6","-148.7","3.984","15.1","2.5","2.162","100","12.02","5.92","0.62","2.85","0.68","1.78","0.61","2.19","0","1.38","0","0.8","0","0.45","0","1.47","-149.5","-144.5","-58.7","70.4","-0.4","-134.9","-30.4","-28","-88","0","-119","0","177.7","0","-75.8","0","-147.4"
"1555351664313","04/15/19  18:07:44.313   ","8.6","-148.9","3.99","15.2","2.6","2.157","100","11.89","6.84","0.38","2.98","0.93","1.62","0.53","2.53","0","1.15","0","1.07","0","0.42","0","1.55","-149.5","-114.8","-55.2","67.8","-10.2","-116.7","-32","-9.4","-88.8","0","-121.9","0","-168.8","0","-53.7","0","-147"
"1555351665312","04/15/19  18:07:45.312   ","8.59","-148.9","3.977","15.2","2.5","2.17","100","12.06","5.87","0.67","2.79","0.65","1.81","0.55","2.23","0","1.35","0","0.78","0","0.42","0","1.45","-149.6","-141.6","-58.2","72.5","-3","-133","-31","-28.2","-86.1","0","-121.4","0","178.2","0","-79","0","-152.2"
"1555351666340","04/15/19  18:07:46.340   ","8.58","-148.9","3.968","15.2","2.6","2.163","100","11.85","6.59","0.32","3.12","0.89","1.79","0.57","2.29","0","1.48","0","0.81","0","0.5","0","1.45","-149.3","-108.2","-56.3","37.4","-7.5","-110.7","-32.8","-1.6","-85.9","0","-120.7","0","172.4","0","-75","0","-151.9"
"1555351667492","04/15/19  18:07:47.492   ","8.57","-149.2","3.944","14.9","2.4","2.224","100","11.76","7.1","0.68","3.42","1.21","1.29","0.43","2.67","0","1.49","0","0.67","0","0.33","0","1.37","-148.8","114.7","-57","125.5","-1.4","138","-14.7","-111.4","-96","0","-121","0","-171","0","-49","0","-155.2"
"1555351668455","04/15/19  18:07:48.455   ","8.53","-149","3.945","14.3","2.4","2.223","100","12.01","7.78","0.47","2.88","1.25","1.45","0.44","2.79","0.21","1.63","0","0.98","0","0.46","0","1.61","-148.9","148.3","-64.5","123.3","0.2","177.4","-7.3","-87.7","-100.1","0","-112.7","0","175.3","0","-55.1","0","-146.1"
"1555351669313","04/15/19  18:07:49.313   ","8.55","-148.8","3.955","14.4","2.6","2.195","100","11.75","5.99","0.99","2.66","0.81","1.64","0.66","2.43","0","1.47","0","0.53","0","0.44","0","1.48","-149.6","-115.4","-55.7","62.3","-9.5","-119.1","-35.8","-6.6","-86.9","60.3","-122.6","0","177.9","0","-64.1","0","-149.7"
"1555351670513","04/15/19  18:07:50.513   ","8.54","-148.9","3.931","14.7","2.4","2.202","100","11.63","7.05","0.68","3.36","1.16","1.26","0.41","2.65","0","1.37","0","0.74","0","0.28","0","1.33","-148.7","113.4","-55.9","127.3","-2","141.9","-18.7","-116.1","-93","0","-114.7","0","169.2","0","-44","0","-153.9"
"1555351671287","04/15/19  18:07:51.287   ","8.51","-148.9","3.953","14.2","2.6","2.294","100","11.59","6.81","0.87","2.58","1.05","1.15","0.64","2.51","0","1.34","0","0.45","0","0.42","0","1.46","-149.1","-37.8","-64.5","-45.2","-4.7","-0.3","-13.6","68.6","-100.2","0","-116.8","0","166.8","0","-66.1","0","-147.7"
"1555351672516","04/15/19  18:07:52.516   ","8.52","-148.7","3.942","15.2","2.4","2.172","100","12.06","7.72","0.47","3.13","1.28","1.67","0.46","2.82","0","1.47","0","0.65","0","0.39","0","1.55","-148.8","138.5","-63.3","125.3","1.2","175.7","-8.3","-95.1","-97","0","-116.8","0","-174.4","0","-68.7","0","-146.8"
"1555351673331","04/15/19  18:07:53.331   ","8.48","-148.8","3.944","14.5","2.5","2.282","100","11.46","8.15","0.66","3.15","1.15","1.25","0.51","2.55","0","1.21","0","0.6","0","0.36","0","1.54","-149.2","-63.5","-62.6","-41.5","-4.2","-25.3","-21","50.1","-95.3","0","-117.8","0","-169","0","-57.2","0","-146.5"
"1555351674496","04/15/19  18:07:54.496   ","8.37","-149","3.943","14.8","2.5","2.17","100","11.87","5.86","0.82","2.76","0.67","1.75","0.61","2.26","0","1.38","0","0.67","0","0.4","0","1.64","-149.8","-131.7","-57.1","70.7","-7.5","-130.2","-36.3","-20.6","-87","0","-121.5","0","178.7","0","-86.3","0","-148.9"
"1555351675324","04/15/19  18:07:55.324   ","8.38","-149.4","3.91","13.8","2.4","2.261","100","11.59","8.1","0.64","2.98","1.18","1.68","0.51","2.83","0","1.4","0","0.74","0","0.39","0","1.54","-149.1","-30.9","-65.3","-45.1","-4.5","-0.4","-13.3","75.6","-101.1","0","-116.5","0","-175.3","0","-61.1","0","-147.3"
"1555351676499","04/15/19  18:07:56.499   ","8.41","-149.5","3.943","14.2","2.6","2.367","100","11.58","6.83","0.91","2.58","1.05","1.14","0.59","2.57","0","1.37","0","0.35","0","0.44","0","1.61","-149.6","-92.9","-57.2","-12.6","-7.4","-84.7","-30.1","12.5","-87.9","0","-116.1","0","162.1","0","-72.8","0","-149.4"
"1555351677415","04/15/19  18:07:57.415   ","8.38","-149.5","3.921","13.9","2.4","2.393","100","11.56","8.36","0.81","3.23","1.3","1.75","0.44","2.76","0","1.47","0","0.63","0","0.39","0","1.55","-149.1","-41.3","-67.3","-62.8","10.6","-83.4","-22.9","90.6","-104.9","24.5","-145.8","-64.2","106.3","-129.7","-22.9","158.9","-120.3"
"1555351678634","04/15/19  18:07:58.634   ","8.41","-149","3.92","14.2","2.6","2.163","100","11.73","6.48","0.4","3.2","0.84","1.92","0.5","2.15","0","1.4","0","0.76","0","0.52","0","1.46","-149.7","-155.8","-60.6","66.7","5.9","-144.3","-32.3","-49.6","-86.7","0","-128.7","0","164.6","0","-94.3","0","-151.2"
"1555351679171","04/15/19  18:07:59.171   ","8.48","-149.4","3.857","14.8","2.5","2.234","100","11.65","7.5","0.57","3.07","1.05","1.47","0.56","2.42","0","1.62","0","0.63","0","0.65","0","1.33","-149.6","176.9","-67.6","89","1.1","-180","-38.6","-83.8","-93.1","0","-129.8","0","166.9","0","-85.2","0","-160"
"1555351680888","04/15/19  18:08:00.888   ","8.44","-149.4","3.862","14.3","2.4","2.255","100","11.27","6.23","0.78","2.87","1.17","1.16","0.38","2.38","0","1.57","0","0.51","0","0.55","0","1.26","-149","95.2","-52.9","118.1","-2","101.9","-32.2","-141.1","-80.1","0","-126","0","157.2","0","-86.7","0","-169.3"
"1555351681288","04/15/19  18:08:01.288   ","8.48","-149.3","3.85","14.1","2.5","2.21","100","11.66","7.49","0.68","3.55","1.22","1.37","0.48","2.51","0","1.65","0","0.74","0","0.51","0","1.26","-149.6","179.5","-67.6","88.3","0.4","179.7","-41.4","-85.1","-88.4","0","-125.3","0","166.1","0","-80.3","0","-153.3"
"1555351682517","04/15/19  18:08:02.517   ","8.48","-149.4","3.851","14.6","2.5","2.189","100","11.17","6.77","0","3.62","1.1","1.91","0.51","2.13","0","1.68","0","0.76","0","0.58","0","1.27","-149.4","14.9","-60.3","-85.2","0.1","36.8","-38.7","116.1","-85.4","0","-130.5","0","140.9","0","-93","0","-153.6"
"1555351683495","04/15/19  18:08:03.495   ","8.39","-149.5","3.846","14.6","2.4","2.222","100","11.5","5.49","0.91","3.12","0.87","1.77","0.52","2.2","0","1.74","0","0.44","0","0.45","0","1.34","-149.2","75","-50.6","0","-6.2","72","-33.6","-163.2","-80.6","0","-131.5","0","173.1","0","-83.9","0","-157.9"
"1555351684518","04/15/19  18:08:04.518   ","8.4","-149.4","3.858","14","2.4","2.246","100","11.48","5.67","0.88","3.03","0.96","1.58","0.48","2.27","0","1.6","0","0.54","0","0.47","0","1.29","-149.2","79","-50.4","0","-6.1","78.9","-31.9","-164","-82.7","0","-128.9","0","171.7","0","-82.1","0","-158.4"
"1555351685665","04/15/19  18:08:05.665   ","8.45","-149.3","3.836","15.3","2.5","2.187","100","11.38","6.05","0","3.56","0.84","1.98","0.47","2.23","0","1.55","0","0.81","0","0.47","0","1.31","-149.6","28.4","-56.1","-67.3","0","50.3","-33.2","122","-83.8","0","-130.1","0","159.7","0","-96.6","0","-156.9"
"1555351686522","04/15/19  18:08:06.522   ","8.43","-149.1","3.873","15.1","2.4","2.188","100","11.96","7.91","0.45","3.13","1.2","1.63","0.43","2.61","0","1.5","0","0.86","0","0.53","0","1.25","-149.2","143.8","-63.9","125.8","1.4","177.1","-12.6","-96.7","-95.6","0","-128","0","-176.5","0","-83.6","0","-154.7"
"1555351687360","04/15/19  18:08:07.360   ","8.36","-148.9","3.877","14.2","2.4","2.283","100","11.4","6.66","1.01","2.61","0.98","1.28","0.67","2.18","0","1.45","0","0.53","0","0.55","0","1.22","-149.2","-43.3","-64.6","-46.3","-4","-2.6","-17.1","70","-98.9","0","-124.8","0","167.9","0","-82.6","0","-155"
"1555351688512","04/15/19  18:08:08.512   ","8.32","-149.7","3.877","14.1","2.5","2.212","100","11.67","6.15","0.65","3.06","0.72","1.85","0.53","1.82","0","1.64","0","0.5","0","0.57","0","1.33","-150.1","-142.1","-58.5","69.1","-2.1","-135.2","-36.8","-27.1","-82.1","0","-127.7","0","167.5","0","-83.8","0","-160.5"
"1555351689516","04/15/19  18:08:09.516   ","8.44","-149.8","3.846","13.7","2.3","2.29","100","11.25","7.71","0.57","2.98","1.04","0.93","0.54","2.2","0","1.43","0","0.39","0","0.54","0","1.49","-149.7","-75.9","-60.1","-35","-7.1","-54","-27.5","39.5","-90.3","0","-127","0","166.7","0","-79.3","0","-156.3"
"1555351690354","04/15/19  18:08:10.354   ","8.37","-149.8","3.817","15.1","2.3","2.177","100","11.5","5.54","0.58","3.45","0.73","2.05","0.48","2.03","0","1.73","0","0.62","0","0.4","0","1.33","-149.6","43.8","-53.1","-62.9","-6.1","54.1","-36.2","148.4","-86","0","-131.7","0","168.3","0","-89.7","0","-157.1"
"1555351691752","04/15/19  18:08:11.752   ","8.36","-149.1","3.867","15","2.5","2.152","100","11.46","6.76","0.32","3.28","0.91","1.88","0.52","1.97","0","1.57","0","0.76","0","0.6","0","1.24","-149.8","-159.5","-61.9","66.2","6.6","-147.7","-35.7","-50.4","-90.2","32.3","-127.3","0","171.8","0","-80.4","0","-158.6"
"1555351692286","04/15/19  18:08:12.286   ","8.34","-149.7","3.837","14","2.3","2.193","100","11.48","7.51","0.56","3.06","1.08","1.47","0.54","2.42","0.23","1.68","0","0.76","0","0.52","0","1.4","-149.8","-179.8","-67.3","90.5","1.2","-177.7","-43.8","-77.3","-92.8","0","-124","0","157.7","0","-88.7","0","-159.8"
"1555351693529","04/15/19  18:08:13.529   ","8.39","-150.1","3.84","14.4","2.5","2.323","100","11.32","5.83","0.92","2.99","1.01","1.61","0.51","2.28","0","1.6","0","0.42","0","0.43","0","1.28","-149.3","85","-50.8","109.5","-5","83.6","-29.7","-149.1","-84.7","0","-132.4","0","166.7","0","-81.1","0","-157.8"
"1555351694317","04/15/19  18:08:14.317   ","8.4","-149.2","3.875","15","2.5","2.288","100","11.57","6.45","0.44","3.16","0.8","1.98","0.54","2.08","0","1.49","0","0.64","0","0.62","0","1.28","-149.9","-98.9","-56.9","-1.4","-5.5","-97.7","-35.1","9.7","-83.6","0","-127.3","0","160.8","0","-86","0","-154.1"
"1555351695506","04/15/19  18:08:15.506   ","8.36","-149.2","3.871","14.1","2.4","2.17","100","11.52","7.81","0.61","2.94","1.14","1.52","0.55","2.46","0","1.78","0","0.48","0","0.5","0","1.42","-149.8","167.3","-68.2","92.8","-1.9","172.5","-38.1","-106.8","-94.4","0","-122.5","0","166","0","-67.4","0","-160.9"
"1555351696160","04/15/19  18:08:16.160   ","8.26","-149.9","3.824","13.7","2.3","2.175","100","11.35","5.63","0.48","3.44","0.72","2.13","0.49","2.26","0","1.64","0","0.47","0","0.47","0","1.23","-149.2","95.6","-51.8","118.2","-4.5","101","-30","-138.9","-86.4","0","-126.4","0","170","0","-69.4","0","-154.6"
"1555351697508","04/15/19  18:08:17.508   ","8.26","-149.6","3.843","14.3","2.5","2.189","100","11.39","6.31","0.99","2.73","0.84","1.61","0.66","2.32","0","1.44","0","0.45","0","0.45","0","1.41","-149.8","-106.1","-56.1","22.7","-8.1","-110","-33.3","3.5","-92.1","0","-117.5","0","-178.8","0","-67.9","0","-149.9"
"1555351698429","04/15/19  18:08:18.429   ","8.25","-149.9","3.809","13.7","2.4","2.229","100","11.38","8.29","0.79","3.14","1.22","1.81","0.44","2.91","0","1.31","0","0.69","0","0.35","0","1.45","-149.3","-39.7","-64.3","-46.4","-2.8","-0.2","-16.4","65.5","-102.6","0","-111.7","0","165.7","0","-69.9","0","-147.1"
"1555351699496","04/15/19  18:08:19.496   ","8.39","-149.8","3.798","13.6","2.3","2.209","100","11.18","8.12","0.61","2.96","1.12","1.69","0.49","2.77","0","1.62","0","0.62","0","0.37","0","1.59","-149.4","-25.7","-65.9","-52.5","-3.3","0.1","-25.7","80.2","-101.6","0","-109.7","0","160.8","0","-86.4","0","-142.6"
"1555351700459","04/15/19  18:08:20.459   ","8.41","-149.2","3.782","15.1","2.3","2.157","100","11.42","5.47","0.57","3.39","0.74","2.1","0.53","2.36","0","1.59","0","0.69","0","0.32","0","1.53","-149.5","45.2","-52.2","-58.2","-6.2","54.8","-35","155.4","-88.8","0","-120.8","0","162.6","0","-71.5","0","-146.4"
"1555351701847","04/15/19  18:08:21.847   ","8.35","-149.5","3.812","13.9","2.3","2.175","100","11.64","7.86","0.44","2.99","1.23","1.76","0.43","2.92","0","1.37","0","0.83","0","0.37","0","1.66","-149.8","-155.9","-60.6","66.8","7.4","-144.1","-31.5","-46.3","-91.8","0","-118.9","0","161","0","-80.8","0","-146"
"1555351702285","04/15/19  18:08:22.285   ","8.36","-149.5","3.819","14.6","2.5","2.142","100","11.49","6.04","0.9","2.81","0.69","1.85","0.66","2.3","0","1.43","0","0.52","0","0.35","0","1.65","-150","-122.3","-56.7","65","-7.3","-123.3","-36.9","-13.2","-88","0","-117.6","0","159.5","0","-89.5","0","-147.9"
"1555351703500","04/15/19  18:08:23.500   ","8.36","-149","3.809","13.9","2.3","2.18","100","11.73","7.81","0.47","3.12","1.17","1.76","0.5","2.98","0","1.48","0","0.83","0","0.29","0","1.64","-149.3","142.2","-63.5","126.9","1.9","178.4","-12","-96.5","-100.3","0","-116.1","0","171.8","0","-71.1","0","-150.5"
"1555351704386","04/15/19  18:08:24.386   ","8.35","-149.1","3.833","15.1","2.5","2.154","100","11.48","6.25","0.51","2.91","0.72","1.9","0.56","2.36","0","1.43","0","0.94","0","0.41","0","1.52","-149.8","-91.4","-58.2","-16.1","-5.7","-84.3","-26.9","20.6","-91","0","-119.7","0","-172.9","0","-57","0","-152.9"
"1555351705495","04/15/19  18:08:25.495   ","8.25","-149.1","3.834","14.8","2.4","2.157","100","11.48","5.96","0.74","2.79","0.63","1.88","0.64","2.29","0","1.45","0","0.68","0","0.41","0","1.67","-150","-132.3","-57.5","77.5","-5.1","-129.3","-34.7","-20","-87.9","0","-119.1","0","165.9","0","-95.1","0","-147.9"
"1555351706287","04/15/19  18:08:26.287   ","8.33","-149.9","3.794","13.7","2.3","2.16","100","11.31","5.45","0.6","3.3","0.69","1.95","0.51","2.51","0","1.46","0","0.83","0","0.28","0","1.5","-149.4","46.7","-52.3","-62.4","-6.4","56.7","-33","155.3","-88.4","0","-120","0","175.3","0","-81.9","0","-146.7"
"1555351707747","04/15/19  18:08:27.747   ","8.34","-149.3","3.79","14.1","2.3","2.212","100","10.98","6.27","0.7","2.74","1.12","1.16","0.4","2.92","0","1.45","0","0.79","0","0.32","0","1.6","-149.4","148.9","-65.4","124.6","0.2","178.1","-10.6","-99.3","-101","0","-122.7","0","-171.8","0","-67.3","0","-150.7"
"1555351708319","04/15/19  18:08:28.319   ","8.38","-149.5","3.787","13.8","2.5","2.207","100","11.26","5.66","0.93","2.97","0.91","1.7","0.52","2.75","0","1.62","0","0.53","0","0.36","0","1.51","-149","131.3","-61.4","129","1.6","167.7","-12.8","-101.2","-98.8","0","-116.8","0","-168.7","0","-68.3","0","-144.5"
"1555351709513","04/15/19  18:08:29.513   ","8.36","-149.3","3.779","15.1","2.5","2.162","100","11.29","5.64","0.45","3.38","0.75","1.95","0.53","2.58","0","1.6","0","0.89","0","0.32","0","1.49","-149.6","39.2","-53.4","-65.6","-4.4","52.2","-30.5","140.8","-92.1","0","-120.3","0","174.6","0","-69.7","0","-147.9"
"1555351710467","04/15/19  18:08:30.467   ","8.32","-149.4","3.81","14","2.5","2.308","100","11.42","5.33","0.8","3.24","0.72","1.91","0.57","2.61","0","1.6","0","0.62","0","0.2","0","1.55","-149.2","108.9","-55.9","124","-2.4","127.3","-17.3","-122.9","-97.4","0","-116.8","0","-176.4","0","-47.4","0","-150.2"
"1555351711318","04/15/19  18:08:31.318   ","8.36","-149.2","3.856","14.4","2.4","2.278","100","11.46","6.01","0.84","2.8","0.66","1.82","0.62","2.53","0","1.37","0","0.73","0","0.4","0","1.6","-150","-127.8","-56.4","74.2","-7.1","-127.5","-34.5","-15.9","-88.8","0","-117.6","0","172.1","0","-85.8","0","-148.3"
"1555351712766","04/15/19  18:08:32.766   ","8.39","-149.9","3.813","15.1","2.3","2.198","100","11.31","8.1","0.66","3.05","1.11","1.84","0.58","2.72","0","1.38","0","0.72","0","0.36","0","1.62","-149.6","-25.1","-65.4","-50.1","-4.2","-2.8","-12.8","85","-104","0","-121.3","0","177.1","0","-67.3","0","-142"
"1555351713325","04/15/19  18:08:33.325   ","8.29","-149.7","3.819","14.1","2.3","2.273","100","11.21","8.29","0.76","3.21","1.31","1.89","0.44","2.73","0","1.39","0","0.67","0","0.32","0","1.6","-149.4","-43.3","-63.7","-44.7","-3.4","-2.1","-13.8","62.9","-100.1","0","-115.4","0","151.8","0","-83.8","0","-143.7"
"1555351714519","04/15/19  18:08:34.519   ","8.26","-149.8","3.829","13.8","2.5","2.181","100","11.44","6.06","0.77","2.84","0.67","1.84","0.55","2.23","0","1.47","0","0.51","0","0.41","0","1.73","-150.1","-134.6","-57.6","72.6","-5.8","-130.2","-30.5","-17.3","-88.7","0","-120.9","0","170.9","0","-73.3","0","-147.4"
"1555351715403","04/15/19  18:08:35.403   ","8.32","-149.8","3.797","13.7","2.3","2.227","100","10.99","7.71","0.48","3.01","1.12","1.85","0.65","2.67","0","1.36","0","0.96","0","0.4","0","1.77","-149.5","-9.2","-65.8","-92.6","-3.7","2.2","-31.2","99.6","-96.6","0","-118.7","0","158.7","0","-55.3","0","-145.6"
"1555351716501","04/15/19  18:08:36.501   ","8.39","-149.7","3.783","14.3","2.3","2.221","100","11.24","8.37","0.86","3.2","1.24","1.71","0.46","2.74","0","1.29","0","0.77","0","0.37","0","1.66","-149.9","9.4","-62.4","-92.2","-2.1","25.4","-34.7","106.8","-96.6","0","-121.6","0","169.7","0","-71.9","0","-149.5"
"1555351717362","04/15/19  18:08:37.362   ","8.39","-149.4","3.785","14.4","2.5","2.23","100","11.16","5.64","0.85","2.89","0.93","1.71","0.51","2.86","0","1.51","0","0.7","0","0.26","0","1.53","-149.2","132.2","-61.3","126.9","1.9","174.2","-11.3","-103.8","-100.6","0","-119.2","0","-178.1","0","-75.8","0","-146.8"
"1555351718734","04/15/19  18:08:38.734   ","8.31","-150","3.806","13.7","2.4","2.273","100","10.94","8.1","0.53","3.06","1.06","1.15","0.48","2.74","0","1.3","0","0.57","0","0.48","0","1.47","-149.6","-65.7","-61.5","-40.6","-6.1","-29.8","-21.4","46.1","-95.6","0","-117.7","0","158.6","0","-62.5","0","-145.5"
"1555351719315","04/15/19  18:08:39.315   ","8.36","-149.4","3.827","15","2.5","2.145","100","11.49","6.12","0.7","2.95","0.65","1.99","0.57","2.25","0","1.51","0","0.53","0","0.53","0","1.57","-150.2","-139","-57.5","78.5","-2.6","-134.6","-28","-23.1","-87.6","0","-116.3","0","155.2","0","-89.8","0","-148.4"
"1555351720514","04/15/19  18:08:40.514   ","8.38","-149.1","3.818","14.4","2.3","2.177","100","11.46","7.73","0.57","3.49","1.27","1.65","0.36","2.72","0","1.49","0","0.51","0","0.33","0","1.59","-149.1","129.2","-60.8","125.1","0.7","166.7","-11.6","-97.3","-97.6","0","-115.7","0","171.2","0","0","0","-147.8"
"1555351721327","04/15/19  18:08:41.327   ","8.33","-149.7","3.825","13.7","2.4","2.269","100","11.08","8.29","0.8","3.3","1.25","1.65","0.47","2.74","0","1.39","0","0.48","0","0.33","0","1.62","-149.5","-52.4","-63.6","-45.2","-2.9","-6.1","-17","54.9","-102","0","-117.5","0","176.5","0","-60.3","0","-145.3"
"1555351722519","04/15/19  18:08:42.519   ","8.29","-149.8","3.83","13.9","2.5","2.188","100","11.45","6.17","0.61","2.91","0.7","1.87","0.61","2.36","0","1.4","0","0.66","0","0.37","0","1.69","-150.2","-143.9","-58.5","65.9","-0.9","-136.6","-27.6","-29.1","-91.6","53.5","-120.5","0","171.6","0","-76.4","0","-148.8"
"1555351723347","04/15/19  18:08:43.347   ","8.31","-149.9","3.795","15","2.3","2.181","100","11.2","5.75","0.35","3.43","0.78","2.12","0.48","2.55","0","1.48","0","0.92","0.21","0.34","0","1.45","-149.6","35.8","-54.3","-64.1","-2.6","51.6","-29","134.8","-91.9","0","-122.4","0","175.4","0","-82.4","0","-144.3"
"1555351724528","04/15/19  18:08:44.528   ","8.35","-149.8","3.796","13.9","2.3","2.247","100","10.97","8.31","0.74","3.19","1.18","1.44","0.5","2.72","0","1.25","0","0.5","0","0.34","0","1.65","-149.5","-57.3","-63.5","-44.6","-4.1","-11.1","-20.8","53.1","-100.1","0","-118.2","0","158.4","0","-73.8","0","-148.4"
"1555351725357","04/15/19  18:08:45.357   ","8.41","-149.8","3.798","13.8","2.4","2.217","100","11.28","7.43","0.64","3.52","1.24","1.46","0.36","2.83","0","1.31","0","0.84","0","0.34","0","1.5","-149.1","121.6","-58.9","127.9","-1.1","157.5","-14.4","-112.6","-98.4","0","-120.9","0","-179.4","0","-58.5","0","-148.5"
"1555351726732","04/15/19  18:08:46.732   ","8.3","-149.8","3.824","13.9","2.5","2.283","100","11.07","7.41","0.66","2.67","1.04","1.06","0.58","2.5","0","1.51","0","0.54","0","0.52","0","1.61","-149.7","-79.9","-60.5","-30","-6.7","-57.7","-23.8","28.6","-92.8","0","-122.5","0","-169.5","0","-41","0","-147.9"
"1555351727763","04/15/19  18:08:47.763   ","8.26","-150","3.849","13.7","2.3","2.394","100","10.96","8.05","0.47","2.99","1.08","1.09","0.51","2.89","0","1.19","0","0.56","0","0.44","0","1.57","-149.5","-67.1","-62.1","-38.7","-6.8","-28.7","-23.8","39.5","-98","0","-109.9","0","173.4","0","-60.6","0","-149.4"
"1555351728503","04/15/19  18:08:48.503   ","8.37","-149.5","3.855","14.1","2.3","2.306","100","11.4","7.74","0.56","2.91","1.12","1.59","0.52","2.89","0","1.37","0","0.74","0","0.36","0","1.56","-149.8","162.3","-67.4","107.5","-2.6","171.7","-30.4","-105.6","-98.9","0","-110.4","0","162.2","0","-68.7","0","-149.7"
"1555351729415","04/15/19  18:08:49.415   ","8.36","-149.3","3.864","14.6","2.4","2.297","100","11.41","5.99","0.79","2.88","0.67","1.91","0.62","2.22","0","1.35","0","0.57","0","0.37","0","1.65","-150","-128.8","-56.8","78.3","-7.8","-128.8","-30.2","-11.3","-89.4","67","-122.8","0","175.3","0","-87.4","0","-147.8"
"1555351730590","04/15/19  18:08:50.590   ","8.36","-149.1","3.837","14.7","2.3","2.15","100","11.26","7","0.38","3.07","0.97","1.66","0.56","2.64","0","1.57","0","0.92","0","0.52","0","1.61","-149.8","-168.8","-64.9","76","4.5","-160.5","-34.6","-67.4","-95.7","0","-119.2","0","176.1","0","-56.2","0","-150.1"
"1555351731328","04/15/19  18:08:51.328   ","8.28","-150.1","3.815","14.2","2.4","2.203","100","10.84","7.16","0.31","3.34","1.06","1.72","0.58","2.63","0","1.52","0","0.92","0","0.43","0","1.41","-149.5","5.9","-62.9","-91.1","-2.4","22.1","-37.6","110.1","-97.8","0","-114.9","0","159.7","0","-71.1","0","-145.8"
"1555351732486","04/15/19  18:08:52.486   ","8.38","-149.9","3.819","14.6","2.3","2.252","100","11.18","8.28","0.75","3.21","1.22","1.78","0.47","2.73","0","1.41","0","0.68","0","0.34","0","1.53","-149.3","-39.2","-64.1","-41.3","-4.4","0.8","-12.4","65.4","-103.4","0","-117.4","0","-170.2","0","-57.3","0","-150.2"
"1555351733318","04/15/19  18:08:53.318   ","8.41","-149.3","3.803","14.2","2.4","2.218","100","11.07","5.82","0.83","2.85","1.03","1.67","0.55","2.64","0.21","1.66","0","0.62","0","0.25","0","1.43","-149","136.1","-62.5","128.1","0.6","174.7","-7.9","-94.9","-102.4","75.2","-117.1","0","179.7","0","-60.1","0","-146.4"
"1555351734513","04/15/19  18:08:54.513   ","8.37","-149.3","3.8","14.1","2.3","2.171","100","11.2","5.59","0.51","3.38","0.79","1.97","0.47","2.41","0","1.7","0","0.54","0","0.22","0","1.58","-149.6","41.3","-53.4","-62.1","-6.6","53.2","-31.6","146.9","-90.4","0","-120.7","0","172.3","0","-84.9","0","-151.1"
"1555351735664","04/15/19  18:08:55.664   ","8.36","-149.9","3.813","13.8","2.3","2.246","100","11","8.3","0.7","3.23","1.16","1.37","0.42","2.73","0","1.28","0","0.68","0","0.33","0","1.57","-149.2","-56.4","-63.7","-44.3","-4.6","-9.7","-15.2","49.8","-100","0","-120.3","0","-166.3","0","-58.7","0","-150.1"
"1555351736355","04/15/19  18:08:56.355   ","8.37","-149.4","3.827","14.2","2.4","2.158","100","11.2","7.54","0.55","2.93","1.08","1.45","0.53","2.82","0","1.45","0","0.8","0","0.46","0","1.56","-150","-131.6","-57.2","72.1","-7.6","-127.5","-32.4","-16.4","-89.6","0","-119","0","176.9","0","-76.5","0","-146.1"
"1555351737300","04/15/19  18:08:57.300   ","8.37","-149.1","3.857","14.4","2.5","2.18","100","10.95","8.14","0.54","3.03","1.07","1.08","0.54","2.84","0","1.27","0","0.66","0","0.3","0","1.64","-149.4","-65.4","-62.4","-39.5","-5.4","-20.1","-19","44.8","-97.4","0","-116.4","0","174.4","0","-58","0","-146.6"
"1555351738510","04/15/19  18:08:58.510   ","8.34","-148.9","3.842","14.9","2.3","2.137","100","11.34","6.66","0.33","3","0.85","1.69","0.61","2.54","0","1.53","0","0.78","0","0.37","0","1.57","-149.8","-160.3","-61.9","75.9","6","-150.6","-29.9","-53.3","-93.8","0","-123.5","0","174.9","0","-81","0","-148.8"
"1555351739319","04/15/19  18:08:59.319   ","8.3","-149.6","3.828","13.6","2.3","2.241","100","11.22","8.27","0.83","3.15","1.27","1.76","0.46","2.8","0","1.48","0","0.62","0","0.32","0","1.52","-149.5","15.5","-60.3","-84.8","-1.1","36.6","-31.7","113","-96","0","-121.5","0","160.8","0","-87.3","0","-146.3"
"1555351740660","04/15/19  18:09:00.660   ","8.36","-149.3","3.837","14.2","2.3","2.176","100","11.32","7.63","0.57","2.91","1.07","1.51","0.57","2.63","0","1.47","0","0.66","0","0.34","0","1.6","-149.7","169.9","-68.3","97.3","-1.2","175","-25.9","-99.8","-100.4","0","-121.5","0","178","0","-67","0","-148"
"1555351741419","04/15/19  18:09:01.419   ","8.26","-149.8","3.818","13.6","2.3","2.221","100","11.05","7.84","0.53","2.99","1.13","1.6","0.53","2.68","0","1.38","0","0.76","0","0.4","0","1.54","-149.6","-15.1","-66.3","-83.6","-5.3","0.6","-28.5","96.9","-101.2","0","-110.9","0","159.9","0","-63.8","0","-143.4"
"1555351742514","04/15/19  18:09:02.514   ","8.41","-149.6","3.783","14.7","2.3","2.221","100","11.01","8.3","0.75","3.2","1.23","1.45","0.47","2.76","0","1.25","0","0.72","0","0.34","0","1.49","-149.6","0.4","-64.7","-99.9","-4.6","15.9","-39.4","97.2","-97.4","0","-113.8","0","155.2","0","-78.6","0","-145.4"
"1555351743334","04/15/19  18:09:03.334   ","8.39","-149.6","3.795","13.8","2.4","2.21","100","11.22","7.51","0.52","2.94","1.11","1.47","0.54","2.76","0","1.37","0","0.86","0","0.43","0","1.55","-149.1","122.2","-59.5","127.7","-1.7","153.6","-12.4","-106.8","-101.6","0","-121.9","0","177.9","0","-62.4","0","-149.8"
"1555351744784","04/15/19  18:09:04.784   ","8.36","-149.2","3.854","14.8","2.4","2.255","100","11.39","6.03","0.72","2.83","0.64","1.85","0.6","2.25","0","1.51","0","0.54","0","0.43","0","1.56","-150","-133.5","-57.7","77.7","-5.9","-131.1","-30.9","-13.9","-91.6","45.1","-119.3","0","163.6","0","-70.6","0","-143.3"
"1555351745310","04/15/19  18:09:05.310   ","8.35","-149.3","3.854","15","2.3","2.258","100","11.4","6.42","0.4","3.07","0.74","1.89","0.57","2.3","0","1.55","0","0.65","0","0.42","0","1.61","-149.7","-97.3","-57.2","-3.1","-8.1","-95.4","-26.1","8.6","-91.4","0","-121","0","178.1","0","-65.9","0","-146.5"
"1555351746501","04/15/19  18:09:06.501   ","8.35","-149.4","3.853","14.9","2.3","2.297","100","11.3","7.7","0.62","2.97","1.14","1.56","0.53","2.69","0.2","1.54","0","0.69","0","0.45","0","1.6","-149.9","169.1","-68.3","92.5","-1.6","174","-25.2","-115.1","-99.7","0","-119.4","0","172.6","0","-49.4","0","-147.6"
"1555351747427","04/15/19  18:09:07.427   ","8.34","-149.1","3.829","14.4","2.4","2.162","100","11.37","6.05","0.87","2.78","0.72","1.83","0.66","2.53","0","1.53","0","0.44","0","0.45","0","1.61","-150","-120.4","-57","74.2","-9.1","-123.2","-29.5","-14.8","-90.4","0","-119.9","0","173.8","0","-75.3","0","-150.9"
"1555351748523","04/15/19  18:09:08.523   ","8.25","-149.7","3.823","13.6","2.5","2.156","100","11.35","6.57","0.35","3.06","0.85","1.88","0.55","2.47","0","1.54","0","0.78","0","0.4","0","1.54","-149.8","-103","-56.7","10.2","-7.5","-105.5","-27.1","7.5","-94.6","0","-121.4","0","-170.1","0","-65.6","0","-149.4"
"1555351749403","04/15/19  18:09:09.403   ","8.27","-149.7","3.812","13.6","2.3","2.235","100","11.18","8.21","0.67","3","1.14","1.83","0.48","2.87","0","1.33","0","0.75","0","0.31","0","1.58","-149.6","22.5","-57.7","-76.1","0.6","45.8","-27.7","116.7","-95.1","0","-124.6","0","168.1","0","-80.9","0","-148.3"
"1555351750522","04/15/19  18:09:10.522   ","8.38","-149.9","3.783","13.6","2.3","2.232","100","10.97","8.04","0.51","2.98","1.02","1.15","0.55","2.67","0","1.39","0","0.43","0","0.33","0","1.59","-149.6","-14.9","-66.4","-82.4","-5.9","-1.8","-31.5","94.7","-103","0","-116.5","0","168.8","0","-69.5","0","-145.3"
"1555351751316","04/15/19  18:09:11.316   ","8.37","-149.4","3.788","13.9","2.4","2.212","100","11.32","7.71","0.54","2.8","1.11","1.57","0.54","2.86","0.22","1.51","0","0.7","0","0.37","0","1.61","-149.3","137.6","-61.6","121.6","-7","-179.6","-16","-138.1","-99.4","0","-116.5","0","166.7","0","-62.5","0","-145.3"
"1555351752509","04/15/19  18:09:12.509   ","8.3","-149.6","3.788","14.4","2.4","2.17","100","11.23","5.66","0.85","3.04","0.92","1.9","0.57","2.68","0","1.43","0","0.54","0","0.28","0","1.4","-149.5","80.7","-50.4","0","-6.6","78.1","-27.2","-159.9","-93","0","-120.3","0","175.7","0","-49.7","0","-146.8"
"1555351753566","04/15/19  18:09:13.566   ","8.38","-149.3","3.783","14","2.5","2.184","100","11.25","5.5","0.54","3.29","0.69","2.1","0.48","2.55","0","1.53","0","0.7","0","0.21","0","1.54","-149.6","46","-53.1","-61.2","-6","55.7","-27.6","154.4","-92.2","0","-121.3","0","176.2","0","-73.9","0","-148"
"1555351754449","04/15/19  18:09:14.449   ","8.33","-149.3","3.816","14.8","2.4","2.186","100","11.21","7.49","0.55","2.92","1.03","1.53","0.57","2.9","0","1.37","0","0.89","0","0.39","0","1.51","-149.6","175.1","-68","82.5","-0.3","177.9","-34.8","-101.1","-99.3","0","-119.2","0","176.2","0","-58","0","-146.1"
"1555351755330","04/15/19  18:09:15.330   ","8.33","-149.5","4.254","13.5","2.4","2.362","100","10.84","8.19","0.69","3.18","1.14","1.47","0.5","2.77","0","1.34","0","0.67","0","0.33","0","1.49","-149.6","-3.9","-66.2","-99.4","-2.9","11.1","-37.6","102.7","-101.5","0","-110","0","164.1","0","-75.9","0","-146.8"
"1555351756518","04/15/19  18:09:16.518   ","8.25","-149.6","4.151","13.8","2.3","2.255","100","11.38","6.19","0.6","2.96","0.68","1.9","0.56","2.23","0","1.51","0","0.63","0","0.51","0","1.52","-149.6","-90.9","-58.7","-22.9","-7.5","-86.3","-26.1","25.2","-96.7","0","-119.4","0","-177.1","0","-58.9","0","-152.8"
"1555351757482","04/15/19  18:09:17.482   ","8.32","-149.5","4.088","13.8","2.3","2.237","100","10.82","7.24","0.55","2.76","1.19","1.38","0.8","2.14","0","1.2","0.21","0.44","0","0.37","0","1.5","-148.9","-28.6","-66.8","-52.5","-12","12.5","-12.2","85.5","-90.6","0","-108.2","-168.3","101.4","0","-91.4","0","-142.9"
"1555351758323","04/15/19  18:09:18.323   ","8.42","-149.4","4.103","15","2.5","2.193","100","10.95","5.96","0.75","2.96","1.18","1.55","0.53","2.82","0","1.7","0","0.39","0","0.23","0","1.52","-148.8","91.3","-52","109.3","-2.9","95.3","-18.2","-144.8","-107.8","0","-119.8","0","-159.4","0","-46.8","0","-139.2"
"1555351759601","04/15/19  18:09:19.601   ","8.39","-149.6","4.139","13.5","2.3","2.313","100","10.98","7.72","0.57","2.76","1.03","0.95","0.58","2.8","0","1.23","0","0.59","0","0.41","0","1.51","-149.1","-73.6","-62","-33.4","-7.1","-39.6","-23.4","41.2","-98.1","0","-113.5","0","172.2","0","-62.2","0","-146.2"
"1555351760743","04/15/19  18:09:20.743   ","8.46","-148.7","4.201","14.5","2.4","2.191","100","11.26","5.89","0.78","2.77","0.61","1.87","0.62","2.26","0","1.56","0","0.67","0","0.4","0","1.49","-149.8","-134.1","-58","70.4","-6.6","-132.5","-29","-18","-89.6","59.4","-126","0","175.1","0","-80.5","0","-150.5"
"1555351761501","04/15/19  18:09:21.501   ","8.51","-149","4.158","14.1","2.5","2.212","100","10.98","6.01","0.2","3.4","0.91","2.03","0.54","2.45","0","1.64","0","0.81","0","0.34","0","1.4","-149.1","25.8","-57","-72.5","-0.8","48.4","-26.7","124.3","-93.4","0","-117.9","0","164.1","0","-77.3","0","-146.2"
"1555351762367","04/15/19  18:09:22.367   ","8.49","-149.1","4.211","13.7","2.4","2.395","100","11.22","7.06","0.42","2.89","1.04","1.56","0.52","2.66","0.23","1.5","0","0.78","0","0.39","0","1.55","-148.5","123.4","-60.9","126.2","-4.3","159.4","-13.9","-106.8","-100.3","0","-121.8","0","-177.3","0","-45","0","-147.5"
"1555351763506","04/15/19  18:09:23.506   ","8.51","-148.7","4.236","14.7","2.5","2.336","100","11.15","5.32","0.57","3.26","0.66","2.06","0.5","2.35","0","1.62","0","0.61","0","0.23","0","1.43","-149","44.7","-52.6","-49.9","-8.8","54.2","-28.8","153","-90.8","0","-122.9","0","163.4","0","-72.1","0","-152.2"
"1555351764315","04/15/19  18:09:24.315   ","8.57","-148.8","4.236","13.8","2.4","2.222","100","11.37","6.7","0.35","2.99","0.83","1.7","0.61","2.31","0","1.55","0","0.54","0","0.4","0","1.56","-149.1","-168.5","-65","83.2","1.4","-166.5","-34","-72","-96.6","0","-118.4","0","145.4","0","-77.4","0","-145.8"
"1555351765509","04/15/19  18:09:25.509   ","8.58","-148.7","4.239","13.8","2.5","2.228","100","11.18","5.25","0.55","3.19","0.71","2.08","0.58","2.34","0","1.65","0","0.48","0","0.25","0","1.51","-148.8","41.6","-52.7","-51.1","-6","56.9","-26.3","147","-92.2","0","-125.4","0","178.7","0","-76.4","0","-148.7"
"1555351766390","04/15/19  18:09:26.390   ","8.67","-148.7","4.264","13.8","2.4","2.28","100","11.26","7.19","0.61","3.25","1.24","1.41","0.37","2.78","0","1.62","0","0.44","0","0.23","0","1.43","-148.1","119.8","-60.3","128.1","-4.5","153.4","-15.5","-113.3","-101","0","-124.9","0","-171.8","0","-50.6","0","-151.1"
"1555351767654","04/15/19  18:09:27.654   ","8.6","-148.9","4.292","13.5","2.4","2.336","100","11.33","6.55","1.01","2.46","0.94","1.48","0.66","2.52","0","1.46","0","0.36","0","0.35","0","1.55","-148.9","-100.3","-58.5","1.4","-11","-108.4","-27.7","11.1","-93.5","0","-119.1","0","176.6","0","-66.1","0","-152.7"
"1555351768693","04/15/19  18:09:28.693   ","8.56","-148.2","4.32","15","2.5","2.233","100","11.47","5.94","0.63","2.8","0.55","1.82","0.56","2.31","0","1.45","0","0.54","0","0.34","0","1.52","-149","-148.1","-59.4","71.7","3.1","-139.6","-30.2","-34.6","-90","0","-118.3","0","164.5","0","-81.2","0","-149.7"
"1555351769768","04/15/19  18:09:29.768   ","8.67","-148.1","4.341","14.3","2.5","2.23","100","11.61","7.32","0.47","2.75","1.11","1.66","0.51","2.62","0","1.47","0","0.74","0","0.36","0","1.44","-148.4","156.7","-66.2","118.7","-2.3","-177.2","-15","-94.6","-99.2","0","-120.5","0","173.3","0","0","0","-150"
"1555351770894","04/15/19  18:09:30.894   ","8.69","-148.6","4.312","14.6","2.4","2.238","100","11.42","5.14","0.61","3.14","0.64","1.99","0.58","2.37","0","1.75","0","0.49","0","0.31","0","1.46","-148.5","43.2","-52.3","-52","-7.8","52.7","-26.5","146.6","-91.2","0","-122.7","0","169.9","0","-72.5","0","-147.6"
"1555351771510","04/15/19  18:09:31.510   ","8.73","-149","4.344","13.6","2.4","2.341","100","11.3","7.72","0.48","2.63","1.09","0.9","0.56","2.41","0","1.31","0","0.43","0","0.33","0","1.51","-148.4","-76","-63.1","-32.4","-11.4","-43.7","-23.7","42","-99.5","0","-119.3","0","-171.4","0","-55.5","0","-152.4"
"1555351772508","04/15/19  18:09:32.508   ","8.75","-148.7","4.356","13.6","2.5","2.289","100","11.36","7.57","0.58","2.6","1.1","1","0.64","2.58","0","1.26","0","0.21","0.25","0.56","0","1.44","-148.4","-78","-62.7","-29.8","-11.1","-51","-23.5","39.6","-97.3","0","-118.6","0","134.7","-82.8","-76.6","0","-148.6"
"1555351773312","04/15/19  18:09:33.312   ","8.67","-148.8","4.356","13.9","2.4","2.297","100","11.24","7.59","0.58","2.9","1.11","1.8","0.5","2.58","0","1.37","0","0.64","0.26","0","0","1.57","-148.3","37","-53.8","-54.8","-5.3","52.3","-30.2","140","-91.6","0","-121.4","0","-153.4","97.6","0","0","-144.6"
"1555351774504","04/15/19  18:09:34.504   ","8.68","-148","4.414","14.8","2.5","2.22","100","11.61","5.97","0.57","2.76","0.62","1.98","0.56","2.18","0","1.37","0","0.83","0.32","0.9","0","1.44","-148.5","165.5","-55.1","-178.8","1.1","-160.6","-10","-92","-102.5","0","-123.2","-50.3","-156.2","-29.8","86.9","0","-145.3"
"1555351775316","04/15/19  18:09:35.316   ","8.81","-147.7","4.433","13.7","2.6","2.267","100","11.53","6.39","0.95","2.35","0.88","1.62","0.66","2.42","0","1.33","0","0.78","0.22","0.79","0","1.68","-147.8","-46.4","-65.2","-48.3","-8.3","4.4","-15.5","65.1","-101.2","0","-116.2","0","162","-10.3","-35.5","0","-150.3"
"1555351776517","04/15/19  18:09:36.517   ","8.82","-147.9","4.392","13.9","2.5","2.292","100","11.5","7.1","0.6","3.13","1.29","1.31","0.49","2.95","0","1.31","0","0.83","0.2","0.72","0.21","1.36","-147.6","115.8","-58.7","126.7","-5.8","156.6","-15.7","-114.9","-100.9","0","-114.2","0","154.6","-74.4","-53.1","0","-155.3"
"1555351777319","04/15/19  18:09:37.319   ","8.8","-148.2","4.426","14.6","2.5","2.252","100","11.83","7.27","0.48","2.64","1.04","1.66","0.57","2.73","0","1.17","0","0.83","0.3","0.71","0","1.35","-148","157.8","-66.6","114.8","-1.7","-173.7","-12.1","-95","-101.4","0","-115.1","0","155.3","-55.3","-54.3","115.9","-148.9"
"1555351778530","04/15/19  18:09:38.530   ","8.88","-147.9","4.39","15.1","2.4","2.309","100","11.34","5.73","0","3.31","0.88","2","0.57","2.41","0","1.58","0","0.59","0","0.28","0","1.44","-147.9","-45.6","-66.1","-50.6","-7.6","3.5","-16.2","71.8","-102.8","0","-118.9","0","159.6","0","-77.1","0","-141.8"
"1555351779321","04/15/19  18:09:39.321   ","8.88","-147.9","4.427","14.3","2.6","2.369","100","11.68","4.98","0.87","3.01","0.72","1.96","0.57","2.48","0","1.48","0","0.51","0","0.25","0","1.46","-148","59.3","-51.1","-30","-9.8","57.6","-28.2","178.1","-93.2","0","-119.9","0","170.6","0","-71.9","0","-148.6"
"1555351780510","04/15/19  18:09:40.510   ","8.84","-148.8","4.471","13.8","2.6","2.454","100","11.65","7.17","0.73","2.45","1.06","1.11","0.71","2.53","0","1.16","0","0.49","0","0.37","0","1.51","-148.3","-87.6","-61.2","-23.5","-11.5","-77.9","-26.3","23.6","-95.1","0","-115.9","0","164.4","0","-66.2","0","-149.1"
"1555351781328","04/15/19  18:09:41.328   ","8.74","-148.4","4.456","13.8","2.5","2.35","100","11.53","8.12","0.92","3.03","1.24","1.69","0.52","2.58","0","1.34","0","0.58","0","0.44","0","1.45","-147.8","-50.4","-65.5","-47.9","-7.3","0.7","-18.2","64.9","-104.1","0","-112.1","0","141.8","0","-81.1","0","-141.9"
"1555351782523","04/15/19  18:09:42.523   ","8.83","-147.6","4.444","14.7","2.5","2.269","100","11.54","6.32","0.68","2.64","1.2","1.17","0.42","2.87","0","1.31","0","0.56","0","0.24","0","1.42","-148.1","157.7","-66.5","115.1","-3.5","-175","-14.6","-91.1","-101.4","0","-113.7","0","162.6","0","-61.7","0","-147.3"
"1555351783321","04/15/19  18:09:43.321   ","8.86","-147.8","4.452","15.2","2.5","2.223","100","11.82","6","0.4","2.78","0.74","1.88","0.59","2.31","0","1.35","0","0.81","0","0.47","0","1.41","-148.3","-162.1","-62.8","91.9","2","-156","-30.2","-48.1","-96","0","-113.1","0","159.4","0","-50.5","0","-148.2"
"1555351784514","04/15/19  18:09:44.514   ","8.86","-148","4.42","14.5","2.5","2.251","100","11.5","7.29","0.46","2.81","1.09","1.74","0.58","2.52","0","1.54","0","0.63","0","0.44","0","1.4","-148.1","44.3","-52","-50.7","-9.4","52.9","-30.9","153.2","-93.2","0","-122.1","0","167.1","0","-86.8","0","-150.9"
"1555351785317","04/15/19  18:09:45.317   ","8.92","-147.9","4.419","14.1","2.7","2.262","100","11.77","5.51","0.88","2.6","1","1.64","0.52","2.62","0","1.46","0","0.51","0","0.25","0","1.29","-147.5","139.2","-63.7","127.5","-1.8","-174.8","-10.1","-89.8","-101","0","-117.3","0","146.9","0","-111.4","0","-148.8"
"1555351786542","04/15/19  18:09:46.542   ","8.8","-148.2","4.46","13.8","2.6","2.276","100","11.75","7.82","0.52","2.6","1.14","0.97","0.62","2.61","0","1.28","0","0.3","0","0.26","0","1.55","-148.5","-138.3","-58","85.3","-4.3","-133.1","-30","-20.9","-89.3","0","-118.7","0","150.8","0","-91.2","0","-144.1"
"1555351787316","04/15/19  18:09:47.316   ","8.75","-148.2","4.455","13.8","2.5","2.338","100","11.75","7.99","0.84","2.9","1.24","1.84","0.53","2.72","0","1.32","0","0.59","0","0.31","0","1.44","-147.9","19.8","-58.3","-80.9","-6.1","37.2","-32.9","122.4","-95.4","0","-116.4","0","146.9","0","-83.4","0","-144.2"
"1555351788512","04/15/19  18:09:48.512   ","8.81","-147.5","4.48","14.9","2.5","2.266","100","11.67","6.28","0.73","2.61","1.21","1.25","0.49","2.81","0","1.43","0","0.63","0","0.29","0","1.29","-148.1","158.8","-67.1","114.2","-1.7","-176.3","-15","-91","-102","0","-115.5","0","160.5","0","-79.6","0","-147.4"
"1555351789463","04/15/19  18:09:49.463   ","8.9","-148","4.44","14.2","2.5","2.304","100","11.95","5.07","0.99","2.98","1.3","1.69","0.48","2.86","0","1.38","0","0.68","0","0.31","0","1.38","-147.5","129.3","-61.9","127.3","-2.5","173","-11.4","-95.9","-103.5","0","-115.2","0","164.1","0","-71.1","0","-149.9"
"1555351790715","04/15/19  18:09:50.715   ","8.78","-147.9","4.489","14.9","2.6","2.238","100","12.03","5.72","0.6","2.57","0.6","1.84","0.65","2.26","0","1.44","0","0.45","0","0.41","0","1.48","-148.4","-151.1","-59.8","83.7","2","-139.9","-31","-32.7","-92.3","0","-118.8","0","153.8","0","-86.4","0","-148.2"
"1555351791320","04/15/19  18:09:51.320   ","8.94","-147.7","4.435","14.3","2.7","2.258","100","11.97","5.05","0.99","2.62","0.83","1.82","0.59","2.68","0","1.54","0","0.62","0","0","0","1.38","-147.9","69.1","-49.9","0","-11.1","59.8","-27.1","-171.2","-95.2","0","-117.8","0","169.9","0","-54.4","0","-150"
"1555351792503","04/15/19  18:09:52.503   ","8.91","-148.6","4.468","13.9","2.6","2.33","100","11.9","7.2","0.67","2.26","1.14","1.13","0.62","2.6","0","1.31","0","0","0","0.26","0","1.4","-148.6","-125.1","-53.7","22.8","-11.8","-121","-26.3","-15","-93.9","0","-123.1","-172.2","172.2","0","-78.9","0","-147.5"
"1555351793476","04/15/19  18:09:53.476   ","8.78","-147.3","4.497","15.1","2.7","2.224","100","11.98","6.67","0.38","2.67","0.98","1.68","0.64","2.44","0.22","1.41","0","0.69","0","0.39","0","1.45","-148.5","-120.5","-57.1","73.5","-12.3","-126","-32.6","-2.9","-93.1","47.8","-119.9","0","165.8","0","-83.5","0","-143.7"
"1555351794740","04/15/19  18:09:54.740   ","8.9","-148.2","4.441","14","2.5","2.346","100","11.83","7.97","0.85","2.79","1.26","1.8","0.49","2.76","0","1.28","0","0.75","0","0.36","0","1.39","-147.6","-44.1","-66.2","-49.2","-6.9","3.2","-13.6","72.7","-103.9","0","-115.1","0","-176.7","0","-51.4","0","-144.7"
"1555351795438","04/15/19  18:09:55.438   ","8.9","-147.7","4.483","14.2","2.6","2.429","100","11.95","6.96","0.68","2.99","1.3","1.36","0.49","2.81","0","1.43","0","0.6","0","0.25","0","1.34","-147.5","112.1","-58","125.2","-7.8","144.7","-19","-118.9","-103.5","0","-120.5","0","178.8","0","0","0","-145.7"
"1555351796395","04/15/19  18:09:56.395   ","8.85","-147.7","4.479","15.4","2.7","2.389","100","11.9","5.47","0.91","2.52","1.01","1.55","0.59","2.89","0","1.43","0","0.6","0","0.22","0","1.38","-147.7","80.2","-50.4","0","-11","72.8","-26.4","-150.7","-97.3","0","-123.4","0","-178.9","126","-49","0","-154.6"
"1555351797509","04/15/19  18:09:57.509   ","8.94","-148.4","4.498","14","2.5","2.484","100","11.82","7.52","0.51","2.39","1.16","0.89","0.65","2.68","0","1.26","0","0.34","0","0.33","0","1.53","-147.9","-20.3","-65.7","-68.8","-10","9","-23.5","92.7","-104.5","0","-114.2","0","176.5","0","-74.9","0","-148.6"
"1555351798357","04/15/19  18:09:58.357   ","8.78","-148.2","4.507","14","2.5","2.354","100","11.74","8.08","0.88","2.78","1.28","1.63","0.48","2.91","0","1.14","0","0.58","0","0.29","0","1.51","-147.7","-54.2","-65.9","-48.6","-9.2","1.5","-18.6","55.6","-102.3","0","-112.7","0","164.3","0","-74.7","0","-148.2"
